search_query,title,image_url,filename,save_path,download_status,has_people,has_plague_doctor,has_grim_reaper,confidence,tags,reason,error
black death,a skeleton holding a sculler in one hand and an arrow in the other,https://i.pinimg.com/236x/ed/e8/4d/ede84d3f42e445eb1132fa0d32acef7d.jpg,black_death_1775740907_a_skeleton_holding_a_sculler_in_one_hand_and_an_arrow_in_the_other.jpg,pinterest_data\raw\black_death_1775740907_a_skeleton_holding_a_sculler_in_one_hand_and_an_arrow_in_the_other.jpg,success,1,0,1,0.95,"['plague_doctor', 'grim_reaper', 'skeleton', 'scythe', 'robe', 'mask', 'beak_mask', 'medieval', 'historical', 'indoor']",图像中有一个骷髅骨架，身穿黑袍，手持镰刀，符合死神的特征。,
black death,"three wooden crosses in the ground with a quote from roman catholics above them that says, for we br",https://i.pinimg.com/236x/1c/5b/04/1c5b047dd6461f878de9729dd976ee2c.jpg,black_death_1775740908_three_wooden_crosses_in_the_ground_with_a_quote_from_roman_catholics_above_them_that_says__for_we_br.jpg,pinterest_data\raw\black_death_1775740908_three_wooden_crosses_in_the_ground_with_a_quote_from_roman_catholics_above_them_that_says__for_we_br.jpg,success,0,0,0,0.95,"['skeleton', 'scythe', 'robe', 'mask', 'beak_mask']",图像中没有可见的人物，但有骷髅和交叉的十字架，暗示着死亡的主题。,
black death,a creepy looking man in front of a large clock with his arm extended and hands out,https://i.pinimg.com/236x/dc/35/67/dc35670332bb552fa69f7bf2da5eb116.jpg,black_death_1775740909_a_creepy_looking_man_in_front_of_a_large_clock_with_his_arm_extended_and_hands_out.jpg,pinterest_data\raw\black_death_1775740909_a_creepy_looking_man_in_front_of_a_large_clock_with_his_arm_extended_and_hands_out.jpg,success,1,0,1,0.95,"['plague_doctor', 'grim_reaper', 'skeleton', 'scythe', 'robe', 'mask', 'beak_mask', 'medieval', 'historical']",图中有身穿黑袍、手持镰刀的人物，符合死神的特征。,
black death,"Looking to work with deities in witchcraft? Learn about The Morrigan, the Celtic pagan goddess of de",https://i.pinimg.com/236x/b2/8f/bb/b28fbb65e6a8777cd9961679021c8c3a.jpg,black_death_1775740910_Looking_to_work_with_deities_in_witchcraft__Learn_about_The_Morrigan__the_Celtic_pagan_goddess_of_de.jpg,pinterest_data\raw\black_death_1775740910_Looking_to_work_with_deities_in_witchcraft__Learn_about_The_Morrigan__the_Celtic_pagan_goddess_of_de.jpg,success,1,0,0,0.95,"['robe', 'mask', 'beak_mask', 'medieval', 'historical', 'outdoor']",图片中有一个身穿长袍的人物，手持一把剑，符合'死神'的特征。,
black death,the anatomy of a plague doctor,https://i.pinimg.com/236x/bc/13/d5/bc13d55f936c54056cc6d45ba1cb21ec.jpg,black_death_1775740911_the_anatomy_of_a_plague_doctor.jpg,pinterest_data\raw\black_death_1775740911_the_anatomy_of_a_plague_doctor.jpg,success,1,1,0,0.95,"['plague_doctor', 'mask', 'beak_mask', 'medieval', 'historical']",图片中的人物穿着深色长袍，戴着鸟嘴形状的面具，符合‘鸟嘴医生’的特征。,
black death,"佛, 塔罗牌, 地图, 紋身, 纹身, 插圖, 绘画, 海报, 图案",https://i.pinimg.com/236x/ee/d8/4f/eed84f98683c3fc9283b0aa493b4730e.jpg,black_death_1775740912_佛__塔罗牌__地图__紋身__纹身__插圖__绘画__海报__图案.jpg,pinterest_data\raw\black_death_1775740912_佛__塔罗牌__地图__紋身__纹身__插圖__绘画__海报__图案.jpg,success,1,0,1,0.95,"['plague_doctor', 'grim_reaper', 'skeleton', 'scythe', 'robe', 'mask', 'beak_mask', 'medieval', 'historical']",图中有骷髅骨架和身穿黑袍的人物，符合死神的特征。,
black death,a drawing of a man riding on the back of a horse,https://i.pinimg.com/236x/de/e8/52/dee85234dbf8b9186f126dc1d202b9b0.jpg,black_death_1775740914_a_drawing_of_a_man_riding_on_the_back_of_a_horse.jpg,pinterest_data\raw\black_death_1775740914_a_drawing_of_a_man_riding_on_the_back_of_a_horse.jpg,success,1,0,1,0.95,"['plague_doctor', 'grim_reaper', 'skeleton', 'scythe', 'robe', 'mask', 'beak_mask', 'medieval', 'historical']",图中有骷髅骨架、身披黑袍、手持镰刀的形象，符合死神的特征。,
black death,a black and white drawing of a skeleton wearing a hat,https://i.pinimg.com/236x/b4/11/2b/b4112b8f03efd355d5dfd5a6681d4e12.jpg,black_death_1775740915_a_black_and_white_drawing_of_a_skeleton_wearing_a_hat.jpg,pinterest_data\raw\black_death_1775740915_a_black_and_white_drawing_of_a_skeleton_wearing_a_hat.jpg,success,1,1,0,0.95,"['plague_doctor', 'mask', 'beak_mask']",图中人物穿着黑色长袍，戴着鸟嘴形状的面具，符合'鸟嘴医生'的特征。,
black death,black and white photograph of birds flying in the sky,https://i.pinimg.com/236x/2b/09/49/2b09490eb0dbfbde7795ffca08250744.jpg,black_death_1775740916_black_and_white_photograph_of_birds_flying_in_the_sky.jpg,pinterest_data\raw\black_death_1775740916_black_and_white_photograph_of_birds_flying_in_the_sky.jpg,success,1,0,0,0.95,"['plague_doctor', 'mask', 'beak_mask']",图中有一个人穿着黑色长袍，戴着鸟嘴形状的面具，符合'鸟嘴医生'的特征。,
black death,a black and white drawing of a person with a skull on their head holding a baby,https://i.pinimg.com/236x/f9/4a/81/f94a8166ca8343f3afa09628ddf19c46.jpg,black_death_1775740917_a_black_and_white_drawing_of_a_person_with_a_skull_on_their_head_holding_a_baby.jpg,pinterest_data\raw\black_death_1775740917_a_black_and_white_drawing_of_a_person_with_a_skull_on_their_head_holding_a_baby.jpg,success,1,0,1,0.95,"['plague_doctor', 'grim_reaper', 'skeleton', 'scythe', 'robe', 'mask', 'beak_mask', 'medieval', 'historical']",图像中的人物穿着黑色长袍，戴着鸟嘴形状的面具，符合‘鸟嘴医生’的特征。同时，人物有骷髅头和镰刀，符合‘死神’的特征。,
black death,some people are walking on a hill in the fog,https://i.pinimg.com/236x/7e/4b/31/7e4b313e36e359e40f6be97fa0a5cc02.jpg,black_death_1775740918_some_people_are_walking_on_a_hill_in_the_fog.jpg,pinterest_data\raw\black_death_1775740918_some_people_are_walking_on_a_hill_in_the_fog.jpg,success,1,0,0,0.95,"['plague_doctor', 'robe', 'mask', 'beak_mask', 'medieval', 'historical']",图中有穿着长袍和戴有鸟嘴面具的人物，符合'鸟嘴医生'的特征。,
black death,"Instragram/ephellem #conceptart #blackandwhite #fantasy #aiart 素描, 纹身, 角色设计, 插畫",https://i.pinimg.com/236x/a1/3f/1b/a13f1baa83e64844e4ccbe02a0f1739b.jpg,black_death_1775740919_Instragram_ephellem__conceptart__blackandwhite__fantasy__aiart_素描__纹身__角色设计__插畫.jpg,pinterest_data\raw\black_death_1775740919_Instragram_ephellem__conceptart__blackandwhite__fantasy__aiart_素描__纹身__角色设计__插畫.jpg,success,1,0,1,0.95,"['plague_doctor', 'grim_reaper', 'skeleton', 'scythe', 'robe', 'mask', 'beak_mask', 'medieval', 'historical']",图中人物穿着黑色长袍，手持镰刀，符合死神的特征。,
black death,a black and white drawing of a person on a horse with a banner in the background,https://i.pinimg.com/236x/ca/60/53/ca605399936c1672b39da1d1001a8f6b.jpg,black_death_1775740920_a_black_and_white_drawing_of_a_person_on_a_horse_with_a_banner_in_the_background.jpg,pinterest_data\raw\black_death_1775740920_a_black_and_white_drawing_of_a_person_on_a_horse_with_a_banner_in_the_background.jpg,success,1,0,1,0.95,"['plague_doctor', 'grim_reaper', 'skeleton', 'scythe', 'robe', 'mask', 'beak_mask', 'medieval', 'historical']",图中有身穿黑袍、手持镰刀的人物，符合死神的特征。,
black death,a drawing of a woman in a black dress,https://i.pinimg.com/236x/e4/aa/b5/e4aab51cb2a5a3eae1d76d21162e89f8.jpg,black_death_1775740922_a_drawing_of_a_woman_in_a_black_dress.jpg,pinterest_data\raw\black_death_1775740922_a_drawing_of_a_woman_in_a_black_dress.jpg,success,1,0,1,0.95,"['plague_doctor', 'grim_reaper', 'skeleton', 'scythe', 'robe', 'mask', 'beak_mask', 'medieval', 'historical']",图像中的人物穿着黑色长袍，手持镰刀，符合死神的特征。,
black death,a skeleton sitting in front of a window holding his hands up to the side with one hand,https://i.pinimg.com/236x/46/52/17/4652177cd96418d80fc2e47d88e83680.jpg,black_death_1775740924_a_skeleton_sitting_in_front_of_a_window_holding_his_hands_up_to_the_side_with_one_hand.jpg,pinterest_data\raw\black_death_1775740924_a_skeleton_sitting_in_front_of_a_window_holding_his_hands_up_to_the_side_with_one_hand.jpg,success,1,0,1,0.95,"['skeleton', 'robe', 'mask', 'beak_mask', 'medieval', 'historical']",图像中显示了一个骷髅骨架，身穿黑袍，手持镰刀，符合死神的特征。,
black death,a black and white drawing of a skeleton holding a sceptacle in front of clouds,https://i.pinimg.com/236x/f7/ae/15/f7ae154ba183ff0b3002519b94c0aaef.jpg,black_death_1775740925_a_black_and_white_drawing_of_a_skeleton_holding_a_sceptacle_in_front_of_clouds.jpg,pinterest_data\raw\black_death_1775740925_a_black_and_white_drawing_of_a_skeleton_holding_a_sceptacle_in_front_of_clouds.jpg,success,1,0,1,0.95,"['plague_doctor', 'grim_reaper', 'skeleton', 'scythe', 'robe', 'mask', 'beak_mask', 'medieval', 'historical']",图像中有一个骷髅骨架，身穿黑袍，手持镰刀，符合死神的特征。,
black death,a black and white drawing of a woman standing in front of a full moon with skulls on the ground,https://i.pinimg.com/236x/94/99/04/9499048bc1aabb4da7e6b56bc6677ae7.jpg,black_death_1775740927_a_black_and_white_drawing_of_a_woman_standing_in_front_of_a_full_moon_with_skulls_on_the_ground.jpg,pinterest_data\raw\black_death_1775740927_a_black_and_white_drawing_of_a_woman_standing_in_front_of_a_full_moon_with_skulls_on_the_ground.jpg,success,1,0,1,0.95,"['plague_doctor', 'grim_reaper', 'skeleton', 'scythe', 'robe', 'mask', 'beak_mask', 'medieval', 'historical']",图中有一个人物，穿着黑色长袍，手持镰刀，符合死神的特征。,
black death,"an old drawing of a man with a bow and arrow in his hand, standing on the ground",https://i.pinimg.com/236x/d7/fc/09/d7fc09e436e0602d3a2bba89d14646b6.jpg,black_death_1775740928_an_old_drawing_of_a_man_with_a_bow_and_arrow_in_his_hand__standing_on_the_ground.jpg,pinterest_data\raw\black_death_1775740928_an_old_drawing_of_a_man_with_a_bow_and_arrow_in_his_hand__standing_on_the_ground.jpg,success,1,0,1,0.95,"['skeleton', 'scythe', 'robe', 'mask', 'beak_mask']",图中人物有骷髅骨架和鸟嘴形状的面具，符合死神的特征。,
black death,"a black and white drawing of a person in a hooded suit with long hair, holding two",https://i.pinimg.com/236x/c5/4f/55/c54f551af59341005ad0e9eac964665e.jpg,black_death_1775740929_a_black_and_white_drawing_of_a_person_in_a_hooded_suit_with_long_hair__holding_two.jpg,pinterest_data\raw\black_death_1775740929_a_black_and_white_drawing_of_a_person_in_a_hooded_suit_with_long_hair__holding_two.jpg,success,1,0,1,0.95,"['plague_doctor', 'grim_reaper', 'skeleton', 'scythe', 'robe', 'mask', 'beak_mask']",图中人物穿着黑色长袍，戴着鸟嘴形状的面具，符合死神的特征。,
black death,a black and white drawing of three skeletons in front of a pentagramus circle,https://i.pinimg.com/236x/52/74/64/527464612eb4e688bb61a3f4b2dc5b9e.jpg,black_death_1775740930_a_black_and_white_drawing_of_three_skeletons_in_front_of_a_pentagramus_circle.jpg,pinterest_data\raw\black_death_1775740930_a_black_and_white_drawing_of_three_skeletons_in_front_of_a_pentagramus_circle.jpg,success,1,0,1,0.95,"['plague_doctor', 'grim_reaper', 'skeleton', 'scythe', 'robe', 'mask', 'beak_mask', 'medieval', 'historical']",图中有骷髅骨架、身披黑袍和手持镰刀的死神形象。,
black death,an old book with a drawing of a demon holding a sign,https://i.pinimg.com/236x/48/97/1f/48971f96fc942c0b909e7fc54a8497e0.jpg,black_death_1775740931_an_old_book_with_a_drawing_of_a_demon_holding_a_sign.jpg,pinterest_data\raw\black_death_1775740931_an_old_book_with_a_drawing_of_a_demon_holding_a_sign.jpg,success,1,0,1,0.95,"['skeleton', 'scythe', 'robe', 'mask', 'beak_mask']",图片中有一个人物，穿着黑袍，手持镰刀，符合死神的特征。,
black death,a skeleton with flowers on it's chest is shown in front of a black background,https://i.pinimg.com/236x/8f/47/86/8f478693a3ab6bf688b1ca11cffe798c.jpg,black_death_1775740933_a_skeleton_with_flowers_on_it_s_chest_is_shown_in_front_of_a_black_background.jpg,pinterest_data\raw\black_death_1775740933_a_skeleton_with_flowers_on_it_s_chest_is_shown_in_front_of_a_black_background.jpg,success,0,0,1,0.95,"['skeleton', 'scythe', 'robe', 'mask', 'beak_mask']",图像中有一个骷髅骨架，符合死神的特征。,
black death,the skeleton is holding two swords in his hands and standing on it's hind legs,https://i.pinimg.com/236x/b0/ea/1a/b0ea1ab8d8bdcdefb25aa85e5c1aa6ca.jpg,black_death_1775740934_the_skeleton_is_holding_two_swords_in_his_hands_and_standing_on_it_s_hind_legs.jpg,pinterest_data\raw\black_death_1775740934_the_skeleton_is_holding_two_swords_in_his_hands_and_standing_on_it_s_hind_legs.jpg,success,1,0,1,0.95,"['skeleton', 'scythe', 'robe', 'mask', 'beak_mask', 'medieval', 'historical']",图中显示了一个骷髅骨架，身穿黑袍，手持镰刀，符合死神的特征。,
black death,a person with a skeleton face and chain around their head holding a stick in the dark,https://i.pinimg.com/236x/27/6f/7b/276f7bc343a22c58eaac604a437a10ff.jpg,black_death_1775740935_a_person_with_a_skeleton_face_and_chain_around_their_head_holding_a_stick_in_the_dark.jpg,pinterest_data\raw\black_death_1775740935_a_person_with_a_skeleton_face_and_chain_around_their_head_holding_a_stick_in_the_dark.jpg,success,1,0,1,0.95,"['plague_doctor', 'grim_reaper', 'skeleton', 'scythe', 'robe', 'mask', 'beak_mask', 'medieval', 'historical']",图像中的人物穿着黑色长袍，戴着鸟嘴形状的面具，手持镰刀，符合死神的特征。,
black death,an old cemetery with crosses in the fog,https://i.pinimg.com/236x/1e/30/86/1e30864f79e44bdcc7575642d22177d1.jpg,black_death_1775740936_an_old_cemetery_with_crosses_in_the_fog.jpg,pinterest_data\raw\black_death_1775740936_an_old_cemetery_with_crosses_in_the_fog.jpg,success,0,0,0,0.95,"['plague_doctor', 'grim_reaper', 'skeleton', 'scythe', 'robe', 'mask', 'beak_mask', 'medieval', 'historical', 'crowd', 'indoor', 'outdoor']",图中没有可见的人物，因此无法判断是否存在'死神'或'鸟嘴医生'的形象。,
black death,"black and white photograph of three women dressed in costumes, one holding an open book",https://i.pinimg.com/236x/b2/31/a5/b231a57250b15c59e99a78b06e807e71.jpg,black_death_1775740937_black_and_white_photograph_of_three_women_dressed_in_costumes__one_holding_an_open_book.jpg,pinterest_data\raw\black_death_1775740937_black_and_white_photograph_of_three_women_dressed_in_costumes__one_holding_an_open_book.jpg,success,1,1,0,0.95,"['plague_doctor', 'mask', 'beak_mask', 'medieval', 'historical']",图片中有穿着黑色长袍和鸟嘴面具的人物，符合'鸟嘴医生'的特征。,
black death,an old book with skeleton illustrations on it,https://i.pinimg.com/236x/87/aa/b3/87aab3b1229fe4e26e791c6c3712255b.jpg,black_death_1775740938_an_old_book_with_skeleton_illustrations_on_it.jpg,pinterest_data\raw\black_death_1775740938_an_old_book_with_skeleton_illustrations_on_it.jpg,success,1,0,1,0.95,"['plague_doctor', 'grim_reaper', 'skeleton', 'scythe', 'robe', 'mask', 'beak_mask', 'medieval', 'historical']",图中有骷髅骨架和身穿黑袍的人物，符合死神的特征。,
black death,a black and white drawing of skulls in the ground with mountains in the backgroud,https://i.pinimg.com/236x/17/fd/58/17fd586d988d068f2c276f743c8204af.jpg,black_death_1775740939_a_black_and_white_drawing_of_skulls_in_the_ground_with_mountains_in_the_backgroud.jpg,pinterest_data\raw\black_death_1775740939_a_black_and_white_drawing_of_skulls_in_the_ground_with_mountains_in_the_backgroud.jpg,success,0,0,1,0.95,"['skeleton', 'scythe', 'robe', 'mask', 'beak_mask', 'medieval', 'historical']",图中主要由骷髅和骨头组成，没有明显的人物形象，但有明显的死亡象征，因此可以判断为'死神',
black death,a black and white drawing of a skeleton holding two crossed swords,https://i.pinimg.com/236x/70/b9/55/70b95524d5aff8cc7d427c9fe0d52469.jpg,black_death_1775740941_a_black_and_white_drawing_of_a_skeleton_holding_two_crossed_swords.jpg,pinterest_data\raw\black_death_1775740941_a_black_and_white_drawing_of_a_skeleton_holding_two_crossed_swords.jpg,success,1,0,1,0.95,"['skeleton', 'scythe', 'robe', 'mask', 'beak_mask']",图中人物有骷髅骨架和鸟嘴形状的面具，符合死神的特征。,
black death,a man in a hooded robe holding a sceptacle and walking on a cobblestone road,https://i.pinimg.com/236x/d8/59/10/d859102236d09cf470a41e4b6974b79a.jpg,black_death_1775740942_a_man_in_a_hooded_robe_holding_a_sceptacle_and_walking_on_a_cobblestone_road.jpg,pinterest_data\raw\black_death_1775740942_a_man_in_a_hooded_robe_holding_a_sceptacle_and_walking_on_a_cobblestone_road.jpg,success,1,0,1,0.95,"['plague_doctor', 'grim_reaper', 'skeleton', 'scythe', 'robe', 'mask', 'beak_mask', 'medieval', 'historical', 'outdoor']",图中人物身穿黑色长袍，手持镰刀，符合死神的特征。,
black death,"a drawing of a man with two swords in his hands, standing on fire and surrounded by flames",https://i.pinimg.com/236x/f6/04/98/f60498afbe23bc8f0751eabdf1de6c1f.jpg,black_death_1775740944_a_drawing_of_a_man_with_two_swords_in_his_hands__standing_on_fire_and_surrounded_by_flames.jpg,pinterest_data\raw\black_death_1775740944_a_drawing_of_a_man_with_two_swords_in_his_hands__standing_on_fire_and_surrounded_by_flames.jpg,success,1,1,0,0.95,"['plague_doctor', 'grim_reaper', 'skeleton', 'scythe', 'robe', 'mask', 'beak_mask', 'medieval', 'historical']",图中人物穿着深色长袍，戴着鸟嘴形状的面具，手持镰刀，符合‘鸟嘴医生’和‘死神’的特征。,
black death,an old black and white photo of a man with a creepy mask on his head,https://i.pinimg.com/236x/33/8b/36/338b36c662924cca93bf1d3aa7bb0326.jpg,black_death_1775740945_an_old_black_and_white_photo_of_a_man_with_a_creepy_mask_on_his_head.jpg,pinterest_data\raw\black_death_1775740945_an_old_black_and_white_photo_of_a_man_with_a_creepy_mask_on_his_head.jpg,success,1,0,0,0.95,"['plague_doctor', 'mask', 'beak_mask']",图片中的人物穿着黑色长袍，戴着一个突出的喙状面具，符合'鸟嘴医生'的特征。,
black death,"Ai generative art instant digital downloads, midjourney, wall decor, commercial, marketing, art, col",https://i.pinimg.com/236x/06/ca/e9/06cae90e3f5f66cce625912b383f25e6.jpg,black_death_1775740946_Ai_generative_art_instant_digital_downloads__midjourney__wall_decor__commercial__marketing__art__col.jpg,pinterest_data\raw\black_death_1775740946_Ai_generative_art_instant_digital_downloads__midjourney__wall_decor__commercial__marketing__art__col.jpg,success,1,0,1,0.95,"['plague_doctor', 'grim_reaper', 'skeleton', 'scythe', 'robe', 'mask', 'beak_mask']",图中人物身穿黑袍，手持镰刀，符合死神的特征。,
black death,a drawing of a skeleton wearing a veil and holding a skull in it's hands,https://i.pinimg.com/236x/16/c3/50/16c350f647a5c9e69cbfdefb561103e3.jpg,black_death_1775740950_a_drawing_of_a_skeleton_wearing_a_veil_and_holding_a_skull_in_it_s_hands.jpg,pinterest_data\raw\black_death_1775740950_a_drawing_of_a_skeleton_wearing_a_veil_and_holding_a_skull_in_it_s_hands.jpg,success,1,0,1,0.95,"['plague_doctor', 'grim_reaper', 'skeleton', 'scythe', 'robe', 'mask', 'beak_mask', 'medieval', 'historical']",图像中的人物穿着黑色长袍，戴着鸟嘴形状的面具，符合死神的特征。,
black death,a skeleton wearing a hood playing chess,https://i.pinimg.com/236x/67/65/8f/67658f5511a6d0a06b76ca0ab7334e15.jpg,black_death_1775740951_a_skeleton_wearing_a_hood_playing_chess.jpg,pinterest_data\raw\black_death_1775740951_a_skeleton_wearing_a_hood_playing_chess.jpg,success,1,0,1,0.95,"['plague_doctor', 'grim_reaper', 'skeleton', 'scythe', 'robe', 'mask', 'beak_mask', 'medieval', 'historical', 'indoor']",图中有身穿黑袍、手持镰刀的人物，符合死神的特征。,
black death,a black and white drawing of a skull with horns,https://i.pinimg.com/236x/a7/11/0f/a7110fa554abbce92a29c8c387eed2c8.jpg,black_death_1775740952_a_black_and_white_drawing_of_a_skull_with_horns.jpg,pinterest_data\raw\black_death_1775740952_a_black_and_white_drawing_of_a_skull_with_horns.jpg,success,1,0,1,0.95,"['skeleton', 'scythe', 'robe', 'mask', 'beak_mask']",图像中有一个骷髅头和鸟嘴形状的面具，符合死神的特征。,
black death,a black bird sitting on top of a cross,https://i.pinimg.com/236x/eb/1f/11/eb1f11874d72a3dc740ca8c63cd42ec8.jpg,black_death_1775740954_a_black_bird_sitting_on_top_of_a_cross.jpg,pinterest_data\raw\black_death_1775740954_a_black_bird_sitting_on_top_of_a_cross.jpg,success,0,0,0,0.95,['crowd'],图像中没有可见的人物，只有一个乌鸦站在墓碑上。,
black death,two creepy men with their mouths open and one wearing a priest's cross on his chest,https://i.pinimg.com/236x/a0/39/d5/a039d5f202cb726b396bf821c0fad8e8.jpg,black_death_1775740955_two_creepy_men_with_their_mouths_open_and_one_wearing_a_priest_s_cross_on_his_chest.jpg,pinterest_data\raw\black_death_1775740955_two_creepy_men_with_their_mouths_open_and_one_wearing_a_priest_s_cross_on_his_chest.jpg,success,1,1,0,0.95,"['plague_doctor', 'mask', 'beak_mask']",该人物穿着黑色长袍，戴着鸟嘴形状的面具，符合'鸟嘴医生'的特征。,
black death,"奇幻生物, 幻想生物, 服装设计, 人物设计, 角色设计, 插畫, 衣服",https://i.pinimg.com/236x/9c/0c/fe/9c0cfebd14396b7b345d7de999832902.jpg,black_death_1775740956_奇幻生物__幻想生物__服装设计__人物设计__角色设计__插畫__衣服.jpg,pinterest_data\raw\black_death_1775740956_奇幻生物__幻想生物__服装设计__人物设计__角色设计__插畫__衣服.jpg,success,1,0,1,0.95,"['plague_doctor', 'grim_reaper', 'skeleton', 'scythe', 'robe', 'mask', 'beak_mask', 'medieval', 'historical']",该角色穿着黑色长袍，戴着鸟嘴形状的面具，手持镰刀，符合死神的特征。,
black death,a black and white drawing of a grim skeleton holding a sculler in his hand,https://i.pinimg.com/236x/cf/28/91/cf289113070e659cb7cfd20d90efc304.jpg,black_death_1775740957_a_black_and_white_drawing_of_a_grim_skeleton_holding_a_sculler_in_his_hand.jpg,pinterest_data\raw\black_death_1775740957_a_black_and_white_drawing_of_a_grim_skeleton_holding_a_sculler_in_his_hand.jpg,success,1,0,1,0.95,"['plague_doctor', 'grim_reaper', 'skeleton', 'scythe', 'robe', 'mask', 'beak_mask']",图中人物穿着黑色长袍，手持镰刀，符合死神的特征。,
black death,a painting of a woman with long black veil,https://i.pinimg.com/236x/67/22/5b/67225b0bf07c0afbaad3137162b1a42a.jpg,black_death_1775740959_a_painting_of_a_woman_with_long_black_veil.jpg,pinterest_data\raw\black_death_1775740959_a_painting_of_a_woman_with_long_black_veil.jpg,success,1,0,0,0.95,"['plague_doctor', 'mask', 'beak_mask', 'medieval', 'historical', 'indoor']",图像中有一个身穿黑色长袍的人物，头部被遮住，似乎戴着鸟嘴形状的面具，符合‘鸟嘴医生’的特征。,
black death,"a black and white drawing of an arrow with the words,'i think you are going",https://i.pinimg.com/236x/4a/d4/16/4ad416777f5469d7ce0dbfa96f744d6f.jpg,black_death_1775740961_a_black_and_white_drawing_of_an_arrow_with_the_words__i_think_you_are_going.jpg,pinterest_data\raw\black_death_1775740961_a_black_and_white_drawing_of_an_arrow_with_the_words__i_think_you_are_going.jpg,success,0,0,1,0.95,['grim_reaper'],图像中有一个手持镰刀的骷髅骨架，符合死神的特征。,
black death,an old fashion photo of a woman standing next to a clock,https://i.pinimg.com/236x/e1/ec/ca/e1eccabc6c176146d6dbe1710c41c700.jpg,black_death_1775740962_an_old_fashion_photo_of_a_woman_standing_next_to_a_clock.jpg,pinterest_data\raw\black_death_1775740962_an_old_fashion_photo_of_a_woman_standing_next_to_a_clock.jpg,success,1,0,0,0.95,"['plague_doctor', 'mask', 'beak_mask']",图片中的人物穿着黑色长袍，戴着鸟嘴形状的面具，符合'鸟嘴医生'的特征。,
black death,a bunch of skulls that are on the ground in front of some mountains and hills,https://i.pinimg.com/236x/4f/6a/c9/4f6ac9fdccccc5020ea311d971f6f409.jpg,black_death_1775740964_a_bunch_of_skulls_that_are_on_the_ground_in_front_of_some_mountains_and_hills.jpg,pinterest_data\raw\black_death_1775740964_a_bunch_of_skulls_that_are_on_the_ground_in_front_of_some_mountains_and_hills.jpg,success,0,0,1,0.95,"['skeleton', 'scythe', 'robe', 'mask', 'beak_mask', 'medieval', 'historical']",图中主要由骷髅和墓地构成，没有明显的人物形象，但有明显的死亡象征，因此可以判断为'死神',
black death,"a black and white drawing of a skeleton with branches on its head, holding a knife",https://i.pinimg.com/236x/e9/5f/13/e95f137fc23caf87c6c47ba7b1782764.jpg,black_death_1775740965_a_black_and_white_drawing_of_a_skeleton_with_branches_on_its_head__holding_a_knife.jpg,pinterest_data\raw\black_death_1775740965_a_black_and_white_drawing_of_a_skeleton_with_branches_on_its_head__holding_a_knife.jpg,success,1,0,1,0.95,"['skeleton', 'robe', 'mask', 'beak_mask']",图像中的人物有骷髅骨架和身穿黑袍的特点，符合死神的特征。,
black death,a black and white drawing of a skull wearing a crown with its hands in front of it,https://i.pinimg.com/236x/8f/ca/af/8fcaafd92b409bfdd1473bce0530120f.jpg,black_death_1775740966_a_black_and_white_drawing_of_a_skull_wearing_a_crown_with_its_hands_in_front_of_it.jpg,pinterest_data\raw\black_death_1775740966_a_black_and_white_drawing_of_a_skull_wearing_a_crown_with_its_hands_in_front_of_it.jpg,success,1,0,1,0.95,"['plague_doctor', 'grim_reaper', 'skeleton', 'scythe', 'robe', 'mask', 'beak_mask', 'medieval', 'historical']",图像中的人物有骷髅头和镰刀，符合死神的特征。,
black death,𝐌𝐀𝐓𝐓𝐁𝐋𝐀𝐂𝐊_𝐓𝐀𝐓𝐓𝐎𝐎 | Available one off designs for tattoo (32-38) Dm or email to book . #tattoo #tatto,https://i.pinimg.com/236x/4b/cb/cc/4bcbccf163dca40c1600482cd9adf35a.jpg,black_death_1775740967_𝐌𝐀𝐓𝐓𝐁𝐋𝐀𝐂𝐊_𝐓𝐀𝐓𝐓𝐎𝐎___Available_one_off_designs_for_tattoo__32-38__Dm_or_email_to_book_.__tattoo__tatto.jpg,pinterest_data\raw\black_death_1775740967_𝐌𝐀𝐓𝐓𝐁𝐋𝐀𝐂𝐊_𝐓𝐀𝐓𝐓𝐎𝐎___Available_one_off_designs_for_tattoo__32-38__Dm_or_email_to_book_.__tattoo__tatto.jpg,success,1,0,0,0.95,"['plague_doctor', 'mask', 'beak_mask', 'medieval', 'historical']",图像中的人物穿着深色长袍，手持拐杖，符合‘鸟嘴医生’的特征。,
black death,"three women in white robes with their hands on their hipss, all facing the same direction",https://i.pinimg.com/236x/07/1e/98/071e982c494b0b69e1f719538ec22ed3.jpg,black_death_1775740969_three_women_in_white_robes_with_their_hands_on_their_hipss__all_facing_the_same_direction.jpg,pinterest_data\raw\black_death_1775740969_three_women_in_white_robes_with_their_hands_on_their_hipss__all_facing_the_same_direction.jpg,success,1,0,0,0.95,"['plague_doctor', 'mask', 'beak_mask']",图像中有三个身穿长袍的人物，其中两个有鸟嘴形状的面具，符合'鸟嘴医生'的特征。,
black death,油画,https://i.pinimg.com/236x/97/b4/a3/97b4a3097cb4aa7fc85fbb3c86662621.jpg,black_death_1775740970_油画.jpg,pinterest_data\raw\black_death_1775740970_油画.jpg,success,1,0,0,0.95,"['plague_doctor', 'mask', 'beak_mask', 'medieval', 'historical', 'outdoor']",图像中有两个人物，一个穿着黑色长袍，另一个戴着鸟嘴形状的面具，符合'鸟嘴医生'的特征。,
black death,black and white photograph of graveyard with church in the background on a foggy day,https://i.pinimg.com/236x/a9/76/3b/a9763b7694756dc000d069754bcf6ee2.jpg,black_death_1775740972_black_and_white_photograph_of_graveyard_with_church_in_the_background_on_a_foggy_day.jpg,pinterest_data\raw\black_death_1775740972_black_and_white_photograph_of_graveyard_with_church_in_the_background_on_a_foggy_day.jpg,success,0,0,0,0.95,"['plague_doctor', 'grim_reaper', 'skeleton', 'scythe', 'robe', 'mask', 'beak_mask', 'medieval', 'historical', 'crowd', 'indoor', 'outdoor']","图中没有可见的人物，因此没有 'has_people' 的值。此外，图中也没有明确的 'plague_doctor', 'grim_reaper', 'skeleton', 'scythe', 'robe', 'mask', 'beak_mask', 'medieval', 'historical', 'crowd', 'indoor', 'outdoor' 标签。",
black death,a painting of a skeleton sitting in a chair,https://i.pinimg.com/236x/a1/86/ae/a186aebfb77142a473cc1cbd4e9cf94e.jpg,black_death_1775740973_a_painting_of_a_skeleton_sitting_in_a_chair.jpg,pinterest_data\raw\black_death_1775740973_a_painting_of_a_skeleton_sitting_in_a_chair.jpg,success,1,0,1,0.95,"['skeleton', 'scythe', 'robe', 'mask', 'beak_mask', 'medieval', 'historical']",图像中有一个骷髅骨架，身穿黑袍，手持镰刀，符合死神的特征。,
black death,black and white photograph of an old cemetery with headstones in the grass near trees,https://i.pinimg.com/236x/81/e1/c4/81e1c450e6645e4ccecf7a09bc8d48e2.jpg,black_death_1775740974_black_and_white_photograph_of_an_old_cemetery_with_headstones_in_the_grass_near_trees.jpg,pinterest_data\raw\black_death_1775740974_black_and_white_photograph_of_an_old_cemetery_with_headstones_in_the_grass_near_trees.jpg,success,0,0,0,0.95,"['skeleton', 'scythe', 'robe', 'mask', 'beak_mask', 'medieval', 'historical']",图中没有可见的人物，但有墓碑和阴森的环境元素，暗示可能存在'死神'的形象。,
black death,five human skulls hanging from strings in black and white photo by photographer david strick,https://i.pinimg.com/236x/73/ee/03/73ee038e3fb321244639fb5da0813924.jpg,black_death_1775740975_five_human_skulls_hanging_from_strings_in_black_and_white_photo_by_photographer_david_strick.jpg,pinterest_data\raw\black_death_1775740975_five_human_skulls_hanging_from_strings_in_black_and_white_photo_by_photographer_david_strick.jpg,success,0,0,1,0.95,"['skeleton', 'scythe', 'robe', 'mask', 'beak_mask']",图中显示的是多个骷髅头悬挂着，符合死神的特征。,
black death,"Death 佛, 素描, 纹身, 雕塑, 绘画, 动漫, 插畫",https://i.pinimg.com/236x/2a/61/f8/2a61f822557888668604652e1ad2d90d.jpg,black_death_1775740976_Death_佛__素描__纹身__雕塑__绘画__动漫__插畫.jpg,pinterest_data\raw\black_death_1775740976_Death_佛__素描__纹身__雕塑__绘画__动漫__插畫.jpg,success,1,0,1,0.95,"['plague_doctor', 'grim_reaper', 'skeleton', 'scythe', 'robe', 'mask', 'beak_mask', 'medieval', 'historical']",图像中的人物有骷髅头和身穿黑袍的特征，符合死神的定义。,
black death,two skeletons sitting in front of a black and white image with an oval hole between them,https://i.pinimg.com/236x/71/98/36/7198366726114998427cf7e1ef4f22a4.jpg,black_death_1775740977_two_skeletons_sitting_in_front_of_a_black_and_white_image_with_an_oval_hole_between_them.jpg,pinterest_data\raw\black_death_1775740977_two_skeletons_sitting_in_front_of_a_black_and_white_image_with_an_oval_hole_between_them.jpg,success,1,0,1,0.95,"['plague_doctor', 'grim_reaper', 'skeleton', 'scythe', 'robe', 'mask', 'beak_mask', 'medieval', 'historical']",图像中有两个骷髅人物，一个拿着镰刀，另一个戴着鸟嘴形状的面具，符合死神的特征。,
black death,a drawing of a skeleton standing next to a woman with a flag in her hand,https://i.pinimg.com/236x/d7/97/b8/d797b8202963cde4d440e740bd194d98.jpg,black_death_1775740978_a_drawing_of_a_skeleton_standing_next_to_a_woman_with_a_flag_in_her_hand.jpg,pinterest_data\raw\black_death_1775740978_a_drawing_of_a_skeleton_standing_next_to_a_woman_with_a_flag_in_her_hand.jpg,success,1,0,1,0.95,"['plague_doctor', 'grim_reaper', 'skeleton', 'scythe', 'robe', 'mask', 'beak_mask', 'medieval', 'historical']",图中有一个人物，穿着黑色长袍，手持镰刀，符合死神的特征。,
black death,an old drawing of a man riding on the back of a horse in the sky,https://i.pinimg.com/236x/dc/6e/5a/dc6e5ad7e1a119cf8fce767f796aa02d.jpg,black_death_1775740980_an_old_drawing_of_a_man_riding_on_the_back_of_a_horse_in_the_sky.jpg,pinterest_data\raw\black_death_1775740980_an_old_drawing_of_a_man_riding_on_the_back_of_a_horse_in_the_sky.jpg,success,1,0,1,0.95,"['plague_doctor', 'grim_reaper', 'skeleton', 'scythe', 'robe', 'mask', 'beak_mask', 'medieval', 'historical']",图中有一个人物，穿着黑色长袍，戴着鸟嘴形状的面具，符合死神的特征。,
black death,"the crucifix is depicted in this black and white photo, which appears to be painted on a wall",https://i.pinimg.com/236x/f7/fc/33/f7fc3322793f300e221b42c2b09d08fb.jpg,black_death_1775740981_the_crucifix_is_depicted_in_this_black_and_white_photo__which_appears_to_be_painted_on_a_wall.jpg,pinterest_data\raw\black_death_1775740981_the_crucifix_is_depicted_in_this_black_and_white_photo__which_appears_to_be_painted_on_a_wall.jpg,success,1,0,0,0.95,"['plague_doctor', 'mask', 'beak_mask', 'medieval', 'historical']",图像中有一个穿着黑色长袍、戴着鸟嘴形状面具的人物，符合'鸟嘴医生'的特征。,
black death,a drawing of a man riding on the back of a horse with a spear in his hand,https://i.pinimg.com/236x/03/5b/92/035b92d4682e10396027f51844dd85ff.jpg,black_death_1775740982_a_drawing_of_a_man_riding_on_the_back_of_a_horse_with_a_spear_in_his_hand.jpg,pinterest_data\raw\black_death_1775740982_a_drawing_of_a_man_riding_on_the_back_of_a_horse_with_a_spear_in_his_hand.jpg,success,1,0,1,0.95,"['plague_doctor', 'grim_reaper', 'skeleton', 'scythe', 'robe', 'mask', 'beak_mask', 'medieval', 'historical']",图中人物穿着黑色长袍，手持镰刀，符合死神的特征。,
black death,a black and white drawing of a monster sitting on a rock wall in front of a tree,https://i.pinimg.com/236x/1f/3a/b5/1f3ab5c33632ee8d41780f1b68e93970.jpg,black_death_1775740983_a_black_and_white_drawing_of_a_monster_sitting_on_a_rock_wall_in_front_of_a_tree.jpg,pinterest_data\raw\black_death_1775740983_a_black_and_white_drawing_of_a_monster_sitting_on_a_rock_wall_in_front_of_a_tree.jpg,success,1,0,0,0.95,"['skeleton', 'scythe', 'robe', 'mask', 'beak_mask']",图中有骷髅骨架和鸟嘴形状的面具，符合死神的特征。,
black death,a black and white drawing of a person holding a scythe,https://i.pinimg.com/236x/17/23/ab/1723ab308b77de46eae63194b089eaac.jpg,black_death_1775740984_a_black_and_white_drawing_of_a_person_holding_a_scythe.jpg,pinterest_data\raw\black_death_1775740984_a_black_and_white_drawing_of_a_person_holding_a_scythe.jpg,success,1,0,1,0.95,"['plague_doctor', 'grim_reaper', 'skeleton', 'scythe', 'robe', 'mask', 'beak_mask']",图中人物穿着黑色长袍，手持镰刀，符合死神的特征。,
black death,an old book with a drawing of a skeleton holding a bat and flying a kite,https://i.pinimg.com/236x/98/98/03/9898033d18ac0ffb322565ebaa6fe598.jpg,black_death_1775740985_an_old_book_with_a_drawing_of_a_skeleton_holding_a_bat_and_flying_a_kite.jpg,pinterest_data\raw\black_death_1775740985_an_old_book_with_a_drawing_of_a_skeleton_holding_a_bat_and_flying_a_kite.jpg,success,1,0,1,0.95,"['plague_doctor', 'grim_reaper', 'skeleton', 'scythe', 'robe', 'mask', 'beak_mask', 'medieval', 'historical']",图中有骷髅骨架和手持镰刀的形象，符合死神的特征。,
black death,an old cemetery in the snow with tombstones and trees behind it on a foggy day,https://i.pinimg.com/236x/17/56/a0/1756a06106052404b6a170eb57e67e42.jpg,black_death_1775740986_an_old_cemetery_in_the_snow_with_tombstones_and_trees_behind_it_on_a_foggy_day.jpg,pinterest_data\raw\black_death_1775740986_an_old_cemetery_in_the_snow_with_tombstones_and_trees_behind_it_on_a_foggy_day.jpg,success,0,0,0,0.95,"['plague_doctor', 'grim_reaper', 'skeleton', 'scythe', 'robe', 'mask', 'beak_mask', 'medieval', 'historical', 'crowd', 'indoor', 'outdoor']",图中没有可见的人物形象，因此无法判断是否包含'死神'或'鸟嘴医生'。,
black death,a black and white drawing of two men on horses with long hair flying through the air,https://i.pinimg.com/236x/69/3b/43/693b4324b00d13da74e861f83f4ffc8a.jpg,black_death_1775740988_a_black_and_white_drawing_of_two_men_on_horses_with_long_hair_flying_through_the_air.jpg,pinterest_data\raw\black_death_1775740988_a_black_and_white_drawing_of_two_men_on_horses_with_long_hair_flying_through_the_air.jpg,success,1,0,1,0.95,"['plague_doctor', 'grim_reaper', 'skeleton', 'scythe', 'robe', 'mask', 'beak_mask', 'medieval', 'historical']",图中有骷髅骨架和身穿黑袍的人物，符合死神的特征。,
black death,a painting of a woman looking out the window at a man laying on a bed,https://i.pinimg.com/236x/ce/68/27/ce6827ef55520afd3d8e335d1253a092.jpg,black_death_1775740989_a_painting_of_a_woman_looking_out_the_window_at_a_man_laying_on_a_bed.jpg,pinterest_data\raw\black_death_1775740989_a_painting_of_a_woman_looking_out_the_window_at_a_man_laying_on_a_bed.jpg,success,1,1,0,0.95,"['plague_doctor', 'robe', 'mask', 'beak_mask', 'medieval', 'historical', 'indoor']",图中有两个人物，其中一人穿着黑色长袍和鸟嘴形状的面具，符合‘鸟嘴医生’的特征。,
black death,a drawing of a skeleton dancing,https://i.pinimg.com/236x/ee/bd/0c/eebd0c64f075005a278f7469abb681be.jpg,black_death_1775740990_a_drawing_of_a_skeleton_dancing.jpg,pinterest_data\raw\black_death_1775740990_a_drawing_of_a_skeleton_dancing.jpg,success,1,0,1,0.95,"['skeleton', 'scythe', 'robe', 'mask', 'beak_mask']",图中显示的是一个骷髅骨架，符合死神的特征。,
black death,an old newspaper with a drawing of a person wearing a robe and holding a cane,https://i.pinimg.com/236x/21/d7/6f/21d76f586822e0139316a1d8fe037f53.jpg,black_death_1775740993_an_old_newspaper_with_a_drawing_of_a_person_wearing_a_robe_and_holding_a_cane.jpg,pinterest_data\raw\black_death_1775740993_an_old_newspaper_with_a_drawing_of_a_person_wearing_a_robe_and_holding_a_cane.jpg,success,1,0,1,0.95,"['plague_doctor', 'grim_reaper', 'skeleton', 'scythe', 'robe', 'mask', 'beak_mask', 'medieval', 'historical']",图中人物穿着黑色长袍，戴着鸟嘴形状的面具，符合‘鸟嘴医生’的特征。同时，人物手中持有一把镰刀，符合‘死神’的特征。,
black death,an old cartoon drawing of a man with a flag on top of a boat in the water,https://i.pinimg.com/236x/a1/85/ad/a185ad81066ed399d086b0e05f17bd4f.jpg,black_death_1775740995_an_old_cartoon_drawing_of_a_man_with_a_flag_on_top_of_a_boat_in_the_water.jpg,pinterest_data\raw\black_death_1775740995_an_old_cartoon_drawing_of_a_man_with_a_flag_on_top_of_a_boat_in_the_water.jpg,success,1,0,1,0.95,"['plague_doctor', 'grim_reaper', 'skeleton', 'scythe', 'robe', 'mask', 'beak_mask', 'medieval', 'historical']",图中有一个人物，穿着黑色长袍，手持镰刀，符合死神的特征。,
black death,an image of two skeletons with the word human on it's chest and head,https://i.pinimg.com/236x/89/74/66/897466dd9dc63a400c0a3f1b27a36bb6.jpg,black_death_1775740996_an_image_of_two_skeletons_with_the_word_human_on_it_s_chest_and_head.jpg,pinterest_data\raw\black_death_1775740996_an_image_of_two_skeletons_with_the_word_human_on_it_s_chest_and_head.jpg,success,1,0,1,0.95,"['skeleton', 'scythe', 'robe', 'mask', 'beak_mask']",图中有骷髅骨架和身穿黑袍的人物，符合死神的特征。,
black death,"Micah Ulrich 纹身, 紋身, 灵感, 插畫",https://i.pinimg.com/236x/5a/2a/98/5a2a98aa7773db6bbdf8de52fb5e9da1.jpg,black_death_1775740997_Micah_Ulrich_纹身__紋身__灵感__插畫.jpg,pinterest_data\raw\black_death_1775740997_Micah_Ulrich_纹身__紋身__灵感__插畫.jpg,success,1,0,0,0.95,"['plague_doctor', 'mask', 'beak_mask']",图中人物穿着黑色长袍，手持类似鸟嘴形状的物品，符合'鸟嘴医生'的特征。,
black death,a black and white drawing of jesus sitting on a throne with skulls in front of him,https://i.pinimg.com/236x/40/3d/e9/403de95755d7ada4623012648a6af68a.jpg,black_death_1775740999_a_black_and_white_drawing_of_jesus_sitting_on_a_throne_with_skulls_in_front_of_him.jpg,pinterest_data\raw\black_death_1775740999_a_black_and_white_drawing_of_jesus_sitting_on_a_throne_with_skulls_in_front_of_him.jpg,success,1,0,1,0.95,"['plague_doctor', 'grim_reaper', 'skeleton', 'scythe', 'robe', 'mask', 'beak_mask', 'medieval', 'historical']",图中有一个人物，穿着黑色长袍，戴着鸟嘴形状的面具，手持镰刀，符合死神的特征。,
black death,a poster with an image of a grime holding a sception in his hand,https://i.pinimg.com/236x/95/e7/c1/95e7c1eba017a0f025d08e7ece61fb3f.jpg,black_death_1775741000_a_poster_with_an_image_of_a_grime_holding_a_sception_in_his_hand.jpg,pinterest_data\raw\black_death_1775741000_a_poster_with_an_image_of_a_grime_holding_a_sception_in_his_hand.jpg,success,1,0,1,0.95,"['plague_doctor', 'grim_reaper', 'skeleton', 'scythe', 'robe', 'mask', 'beak_mask', 'medieval', 'historical', 'indoor']",图中人物穿着黑色长袍，手持镰刀，符合死神的特征。,
black death,"condolencias,luto,dolor,día de las condolencias,día de condolencias,llorar,día de luto,insignia de l",https://i.pinimg.com/236x/9d/99/41/9d99414ab3f8052282eff3bae8a30e28.jpg,black_death_1775741001_condolencias_luto_dolor_día_de_las_condolencias_día_de_condolencias_llorar_día_de_luto_insignia_de_l.jpg,pinterest_data\raw\black_death_1775741001_condolencias_luto_dolor_día_de_las_condolencias_día_de_condolencias_llorar_día_de_luto_insignia_de_l.jpg,success,0,0,0,0.95,['black_ribbon'],图片中只有一条黑色的丝带，没有人物或其他特定的符号。,
black death,the crucifix is displayed in this black and white photo with people dressed as jesus,https://i.pinimg.com/236x/23/68/c9/2368c9529985a8811a781367095c80d2.jpg,black_death_1775741002_the_crucifix_is_displayed_in_this_black_and_white_photo_with_people_dressed_as_jesus.jpg,pinterest_data\raw\black_death_1775741002_the_crucifix_is_displayed_in_this_black_and_white_photo_with_people_dressed_as_jesus.jpg,success,1,0,0,0.95,"['plague_doctor', 'mask', 'beak_mask', 'medieval', 'historical']",图片中有多个穿着长袍的人物，其中一人戴着鸟嘴形状的面具，符合'鸟嘴医生'的特征。,
black death,a black and white photo of a statue of a skeleton holding a stick with trees in the background,https://i.pinimg.com/236x/35/4f/dd/354fdd8e9873c4c73c5d9e30aadde7bc.jpg,black_death_1775741003_a_black_and_white_photo_of_a_statue_of_a_skeleton_holding_a_stick_with_trees_in_the_background.jpg,pinterest_data\raw\black_death_1775741003_a_black_and_white_photo_of_a_statue_of_a_skeleton_holding_a_stick_with_trees_in_the_background.jpg,success,1,0,1,0.95,"['plague_doctor', 'grim_reaper', 'skeleton', 'scythe', 'robe', 'mask', 'beak_mask', 'medieval', 'historical', 'outdoor']",图像中有一个穿着黑袍、手持镰刀的骷髅骨架形象，符合死神的特征。,
black death,a woman sitting on top of a chair in front of a tree filled with skulls,https://i.pinimg.com/236x/67/cb/9b/67cb9be910d86d06cdeb6368435fd291.jpg,black_death_1775741004_a_woman_sitting_on_top_of_a_chair_in_front_of_a_tree_filled_with_skulls.jpg,pinterest_data\raw\black_death_1775741004_a_woman_sitting_on_top_of_a_chair_in_front_of_a_tree_filled_with_skulls.jpg,success,1,0,0,0.95,"['plague_doctor', 'mask', 'beak_mask', 'medieval', 'historical']",图中有穿着黑色长袍和鸟嘴面具的人物，符合'鸟嘴医生'的特征。,
black death,a black and white drawing of a person holding two swords,https://i.pinimg.com/236x/08/74/bf/0874bf6a4dac4d63611f4051bfa6071d.jpg,black_death_1775741005_a_black_and_white_drawing_of_a_person_holding_two_swords.jpg,pinterest_data\raw\black_death_1775741005_a_black_and_white_drawing_of_a_person_holding_two_swords.jpg,success,1,0,1,0.95,"['plague_doctor', 'grim_reaper', 'skeleton', 'scythe', 'robe', 'mask', 'beak_mask', 'medieval', 'historical']",图像中的人物穿着黑色长袍，手持镰刀，符合死神的特征。,
black death,an old black and white image of people in skeleton costumes walking down the street with skulls on t,https://i.pinimg.com/236x/eb/e1/a1/ebe1a13b7d6510b8e6501744211004ae.jpg,black_death_1775741007_an_old_black_and_white_image_of_people_in_skeleton_costumes_walking_down_the_street_with_skulls_on_t.jpg,pinterest_data\raw\black_death_1775741007_an_old_black_and_white_image_of_people_in_skeleton_costumes_walking_down_the_street_with_skulls_on_t.jpg,success,1,0,1,0.95,"['plague_doctor', 'grim_reaper', 'skeleton', 'scythe', 'robe', 'mask', 'beak_mask', 'medieval', 'historical', 'crowd', 'indoor', 'outdoor']",图中有多个穿着长袍的人物，其中一人明显有骷髅头和镰刀，符合死神的特征。,
black death,a black and white photo of a demon with horns,https://i.pinimg.com/236x/b3/01/22/b30122ad089763e5e29e83e68fe423c8.jpg,black_death_1775741008_a_black_and_white_photo_of_a_demon_with_horns.jpg,pinterest_data\raw\black_death_1775741008_a_black_and_white_photo_of_a_demon_with_horns.jpg,success,1,0,0,0.95,"['plague_doctor', 'mask', 'beak_mask', 'medieval', 'historical']",图像中的人物穿着黑色长袍，戴着鸟嘴形状的面具，符合‘鸟嘴医生’的特征。,
black death,a black and white drawing of a priest with his hands in the air holding a cross,https://i.pinimg.com/236x/8f/6c/e8/8f6ce8367d66e8b02c2c4c08af245bb8.jpg,black_death_1775741009_a_black_and_white_drawing_of_a_priest_with_his_hands_in_the_air_holding_a_cross.jpg,pinterest_data\raw\black_death_1775741009_a_black_and_white_drawing_of_a_priest_with_his_hands_in_the_air_holding_a_cross.jpg,success,1,1,0,0.95,"['plague_doctor', 'mask', 'beak_mask']",该图像显示了一个穿着黑色长袍，戴着鸟嘴形状面具的人物，符合'鸟嘴医生'的特征。,
black death,"髮型, 纹身",https://i.pinimg.com/236x/da/ad/d9/daadd9489dfed7ba92f8eae8271c1fab.jpg,black_death_1775741010_髮型__纹身.jpg,pinterest_data\raw\black_death_1775741010_髮型__纹身.jpg,success,0,0,0,0.95,"['plague_doctor', 'grim_reaper', 'skeleton', 'scythe', 'robe', 'mask', 'beak_mask', 'medieval', 'historical']",图中没有人物形象，但有多个带有鸟嘴形状面具和镰刀的元素，符合'鸟嘴医生'和'死神'的特征。,
black death,a drawing of a skeleton holding a skull in his hands with an evil face on it,https://i.pinimg.com/236x/d8/66/1a/d8661a08f8337f28b1612711a317b57e.jpg,black_death_1775741011_a_drawing_of_a_skeleton_holding_a_skull_in_his_hands_with_an_evil_face_on_it.jpg,pinterest_data\raw\black_death_1775741011_a_drawing_of_a_skeleton_holding_a_skull_in_his_hands_with_an_evil_face_on_it.jpg,success,1,0,1,0.95,"['plague_doctor', 'grim_reaper', 'skeleton', 'scythe', 'robe', 'mask', 'beak_mask', 'medieval', 'historical']",图像中的人物有骷髅头和黑袍，符合死神的特征。,
black death,three skeletons in sombreros are sitting at a table with drinks and beer bottles,https://i.pinimg.com/236x/fb/0b/6c/fb0b6c95ebe6a4958314e760fab33878.jpg,black_death_1775741013_three_skeletons_in_sombreros_are_sitting_at_a_table_with_drinks_and_beer_bottles.jpg,pinterest_data\raw\black_death_1775741013_three_skeletons_in_sombreros_are_sitting_at_a_table_with_drinks_and_beer_bottles.jpg,success,1,0,1,0.95,"['skeleton', 'scythe', 'robe', 'mask', 'beak_mask']",图中有骷髅和穿黑袍的人物，符合死神的特征。,
black death,an old book with black lettering on it,https://i.pinimg.com/236x/0a/55/86/0a5586c5f609b49cec4c8ce2acd96d3c.jpg,black_death_1775741014_an_old_book_with_black_lettering_on_it.jpg,pinterest_data\raw\black_death_1775741014_an_old_book_with_black_lettering_on_it.jpg,success,0,0,0,0.95,"['embalmer', 'magazine', 'science']",图片内容是关于殡葬师月刊的封面，没有人物形象。,
black death,a drawing of a skeleton in the woods with a bird on it's shoulder,https://i.pinimg.com/236x/36/90/c5/3690c51a06794200e832889964527d3a.jpg,black_death_1775741015_a_drawing_of_a_skeleton_in_the_woods_with_a_bird_on_it_s_shoulder.jpg,pinterest_data\raw\black_death_1775741015_a_drawing_of_a_skeleton_in_the_woods_with_a_bird_on_it_s_shoulder.jpg,success,1,0,1,0.95,"['skeleton', 'robe', 'mask', 'beak_mask', 'dead', 'death']",图中有骷髅骨架和身穿黑袍的人物，符合死神的特征。,
black death,a black and white drawing of a man holding a bat,https://i.pinimg.com/236x/23/51/4e/23514e2c6c2d27b574b6790ff128a348.jpg,black_death_1775741018_a_black_and_white_drawing_of_a_man_holding_a_bat.jpg,pinterest_data\raw\black_death_1775741018_a_black_and_white_drawing_of_a_man_holding_a_bat.jpg,success,1,0,0,0.95,"['plague_doctor', 'mask', 'beak_mask', 'medieval', 'historical']",图中人物穿着黑色长袍，戴着鸟嘴形状的面具，符合'鸟嘴医生'的特征。,
black death,a black and white drawing of a skeleton sitting on top of a grass covered field,https://i.pinimg.com/236x/4c/4f/78/4c4f78e633b5d9bddcc90a25732d3de8.jpg,black_death_1775741019_a_black_and_white_drawing_of_a_skeleton_sitting_on_top_of_a_grass_covered_field.jpg,pinterest_data\raw\black_death_1775741019_a_black_and_white_drawing_of_a_skeleton_sitting_on_top_of_a_grass_covered_field.jpg,success,1,0,1,0.95,"['plague_doctor', 'grim_reaper', 'skeleton', 'scythe', 'robe', 'mask', 'beak_mask', 'medieval', 'historical', 'indoor']",图像中的人物有骷髅骨架和鸟嘴形状的面具，符合死神的特征。,
black death,"幻想生物, 喜欢, 人物设计, 头像, 角色设计",https://i.pinimg.com/236x/55/ba/7f/55ba7f992cf76465b20386518f8a8a61.jpg,black_death_1775741021_幻想生物__喜欢__人物设计__头像__角色设计.jpg,pinterest_data\raw\black_death_1775741021_幻想生物__喜欢__人物设计__头像__角色设计.jpg,success,1,0,0,0.95,"['robe', 'mask', 'beak_mask']",该图像显示了一个穿着黑色长袍并戴着鸟嘴形状面具的人物，符合'鸟嘴医生'的特征。,
black death,"an angel statue in the middle of a cemetery on a foggy, overcast day",https://i.pinimg.com/236x/70/ef/18/70ef181592956742fb693a9725db31e7.jpg,black_death_1775741022_an_angel_statue_in_the_middle_of_a_cemetery_on_a_foggy__overcast_day.jpg,pinterest_data\raw\black_death_1775741022_an_angel_statue_in_the_middle_of_a_cemetery_on_a_foggy__overcast_day.jpg,success,0,0,0,0.95,"['skeleton', 'scythe', 'robe', 'mask', 'beak_mask', 'medieval', 'historical']",图中没有可见的人物形象，但有墓碑和雕像，可能是墓碑上的天使雕像。,
black death,a black and white drawing of wizard's with skulls on the ground in front of them,https://i.pinimg.com/236x/72/53/be/7253be2b7261811aa72763b1d929308d.jpg,black_death_1775741023_a_black_and_white_drawing_of_wizard_s_with_skulls_on_the_ground_in_front_of_them.jpg,pinterest_data\raw\black_death_1775741023_a_black_and_white_drawing_of_wizard_s_with_skulls_on_the_ground_in_front_of_them.jpg,success,1,0,1,0.95,"['plague_doctor', 'grim_reaper', 'skeleton', 'scythe', 'robe', 'mask', 'beak_mask', 'medieval', 'historical']",图中有身穿黑袍、手持镰刀的人物，符合死神的特征。,
black death,a bunch of skulls that are on the ground in front of a full moon and mountains,https://i.pinimg.com/236x/1d/cf/08/1dcf080bf0b98af0af7c4607fc53f257.jpg,black_death_1775741024_a_bunch_of_skulls_that_are_on_the_ground_in_front_of_a_full_moon_and_mountains.jpg,pinterest_data\raw\black_death_1775741024_a_bunch_of_skulls_that_are_on_the_ground_in_front_of_a_full_moon_and_mountains.jpg,success,1,0,1,0.95,"['skeleton', 'scythe', 'robe', 'mask', 'beak_mask', 'medieval', 'historical']",图像中有骷髅和镰刀，符合死神的特征。,
black death,"black and white photograph of an old cemetery with headstones in the foreground, surrounded by trees",https://i.pinimg.com/236x/07/57/ed/0757ed80c7eacd3f39ba7c8d7cca785f.jpg,black_death_1775741025_black_and_white_photograph_of_an_old_cemetery_with_headstones_in_the_foreground__surrounded_by_trees.jpg,pinterest_data\raw\black_death_1775741025_black_and_white_photograph_of_an_old_cemetery_with_headstones_in_the_foreground__surrounded_by_trees.jpg,success,0,0,0,0.95,"['skeleton', 'scythe', 'robe', 'mask', 'beak_mask', 'medieval', 'historical', 'outdoor']",图片中没有可见的人物，但有墓碑和枯树，暗示了死亡的主题。,
black death,a black and white drawing of an old man with many skulls on his face next to him,https://i.pinimg.com/236x/d6/f3/d2/d6f3d22b2a587e95e71d01de8c87496a.jpg,black_death_1775741027_a_black_and_white_drawing_of_an_old_man_with_many_skulls_on_his_face_next_to_him.jpg,pinterest_data\raw\black_death_1775741027_a_black_and_white_drawing_of_an_old_man_with_many_skulls_on_his_face_next_to_him.jpg,success,1,0,1,0.95,"['plague_doctor', 'grim_reaper', 'skeleton', 'scythe', 'robe', 'mask', 'beak_mask', 'medieval', 'historical']",图中人物有鸟嘴形状的面具和骷髅头，符合死神的特征。,
black death,a black and white photo of a statue of a nun sitting on a bench with her hands in her pockets,https://i.pinimg.com/236x/b9/15/14/b91514f14eda16ed8de8da32ba3ab6cc.jpg,black_death_1775741028_a_black_and_white_photo_of_a_statue_of_a_nun_sitting_on_a_bench_with_her_hands_in_her_pockets.jpg,pinterest_data\raw\black_death_1775741028_a_black_and_white_photo_of_a_statue_of_a_nun_sitting_on_a_bench_with_her_hands_in_her_pockets.jpg,success,1,0,0,0.95,"['plague_doctor', 'mask', 'beak_mask']",图像中的人物穿着黑色长袍，戴着遮住面部的面纱，符合‘鸟嘴医生’的特征。,
black death,a black and white drawing of a grave with skulls in the grass next to it,https://i.pinimg.com/236x/fb/ec/e5/fbece57f271cae8cfe6195774ff018ae.jpg,black_death_1775741029_a_black_and_white_drawing_of_a_grave_with_skulls_in_the_grass_next_to_it.jpg,pinterest_data\raw\black_death_1775741029_a_black_and_white_drawing_of_a_grave_with_skulls_in_the_grass_next_to_it.jpg,success,0,0,1,0.95,"['plague_doctor', 'grim_reaper', 'skeleton', 'scythe', 'robe', 'mask', 'beak_mask', 'medieval', 'historical']",图中有一个骷髅头和身穿黑袍的人物，符合死神的特征。,
black death,black and white photograph of the statue of jesus in front of an old brick building,https://i.pinimg.com/236x/b7/15/86/b715861d46ca320aef08ad37bd665f32.jpg,black_death_1775741031_black_and_white_photograph_of_the_statue_of_jesus_in_front_of_an_old_brick_building.jpg,pinterest_data\raw\black_death_1775741031_black_and_white_photograph_of_the_statue_of_jesus_in_front_of_an_old_brick_building.jpg,success,1,0,0,0.95,"['plague_doctor', 'robe', 'mask', 'beak_mask', 'medieval', 'historical']",图像中有一个身穿黑色长袍的人物，头部有鸟嘴形状的面具，符合‘鸟嘴医生’的特征。,
black death,"姿势, 纹身, 頭像",https://i.pinimg.com/236x/8d/35/ae/8d35ae73965a887b158ef6012b208b9a.jpg,black_death_1775741032_姿势__纹身__頭像.jpg,pinterest_data\raw\black_death_1775741032_姿势__纹身__頭像.jpg,success,1,0,0,0.95,"['plague_doctor', 'mask', 'beak_mask', 'medieval', 'historical']",图像中有一个穿着长袍和鸟嘴面具的人物，符合'鸟嘴医生'的特征。,
black death,"a statue of a skeleton with wings on it's head and arms, sitting in front of a wall",https://i.pinimg.com/236x/a5/ca/b9/a5cab9c1f6dc2cbd5385bc4e3daf05ff.jpg,black_death_1775741033_a_statue_of_a_skeleton_with_wings_on_it_s_head_and_arms__sitting_in_front_of_a_wall.jpg,pinterest_data\raw\black_death_1775741033_a_statue_of_a_skeleton_with_wings_on_it_s_head_and_arms__sitting_in_front_of_a_wall.jpg,success,1,0,1,0.95,"['plague_doctor', 'grim_reaper', 'skeleton', 'scythe', 'robe', 'mask', 'beak_mask', 'medieval', 'historical']",图像中的人物有骷髅骨架、身披黑袍和手持镰刀的特征，符合死神的形象。,
black death,"an old poster with some type of writing on it's back side, and the words symbols on gravestones writ",https://i.pinimg.com/236x/cd/c0/98/cdc0986bd5c912668678e548ea315773.jpg,black_death_1775741037_an_old_poster_with_some_type_of_writing_on_it_s_back_side__and_the_words_symbols_on_gravestones_writ.jpg,pinterest_data\raw\black_death_1775741037_an_old_poster_with_some_type_of_writing_on_it_s_back_side__and_the_words_symbols_on_gravestones_writ.jpg,success,0,0,0,0.95,"['plague_doctor', 'grim_reaper', 'skeleton', 'scythe', 'robe', 'mask', 'beak_mask', 'medieval', 'historical', 'crowd', 'indoor', 'outdoor']",图片中没有人物，但包含了一些与医学和死亡相关的符号和象征。,
black death,a drawing of a woman sitting on top of a cloud filled sky with birds flying around her,https://i.pinimg.com/236x/be/d6/da/bed6da82d8dd7dbc6f12c6ce65518038.jpg,black_death_1775741038_a_drawing_of_a_woman_sitting_on_top_of_a_cloud_filled_sky_with_birds_flying_around_her.jpg,pinterest_data\raw\black_death_1775741038_a_drawing_of_a_woman_sitting_on_top_of_a_cloud_filled_sky_with_birds_flying_around_her.jpg,success,1,0,0,0.95,"['plague_doctor', 'mask', 'beak_mask']",图中人物穿着长袍，戴着鸟嘴形状的面具，符合'鸟嘴医生'的特征。,
black death,a creepy looking man stirring something in a pot,https://i.pinimg.com/236x/9d/94/6b/9d946bd2c4d1b86dbd7cf5e05d3c423d.jpg,black_death_1775741039_a_creepy_looking_man_stirring_something_in_a_pot.jpg,pinterest_data\raw\black_death_1775741039_a_creepy_looking_man_stirring_something_in_a_pot.jpg,success,1,0,0,0.95,"['plague_doctor', 'mask', 'beak_mask', 'medieval', 'historical', 'outdoor']",图中人物穿着黑色长袍，戴着鸟嘴形状的面具，符合'鸟嘴医生'的特征。,
black death,a drawing of a creepy looking man in black and white,https://i.pinimg.com/236x/e3/da/fc/e3dafc58257816bc0f31f37a2b30db1d.jpg,black_death_1775741040_a_drawing_of_a_creepy_looking_man_in_black_and_white.jpg,pinterest_data\raw\black_death_1775741040_a_drawing_of_a_creepy_looking_man_in_black_and_white.jpg,success,1,0,1,0.95,"['plague_doctor', 'grim_reaper', 'skeleton', 'scythe', 'robe', 'mask', 'beak_mask', 'medieval', 'historical', 'crowd', 'indoor', 'outdoor']",图中有骷髅骨架和穿黑袍的人物，符合死神的特征。,
black death,the silhouettes of people standing in front of an orange sky,https://i.pinimg.com/236x/b7/ef/70/b7ef7074d4adf810f88e705556c6cada.jpg,black_death_1775741041_the_silhouettes_of_people_standing_in_front_of_an_orange_sky.jpg,pinterest_data\raw\black_death_1775741041_the_silhouettes_of_people_standing_in_front_of_an_orange_sky.jpg,success,1,0,0,0.95,"['plague_doctor', 'mask', 'beak_mask']",图中有一个人形剪影，戴着鸟嘴形状的面具，符合'鸟嘴医生'的特征。,
black death,a skeleton sitting on top of a statue holding a book,https://i.pinimg.com/236x/03/19/03/0319039c0e276d0f8d126c6b7fc5f315.jpg,black_death_1775741043_a_skeleton_sitting_on_top_of_a_statue_holding_a_book.jpg,pinterest_data\raw\black_death_1775741043_a_skeleton_sitting_on_top_of_a_statue_holding_a_book.jpg,success,1,0,1,0.95,"['plague_doctor', 'grim_reaper', 'skeleton', 'scythe', 'robe', 'mask', 'beak_mask', 'medieval', 'historical']",图中有一个人物，身穿黑袍，手持书本和镰刀，头上有一只骷髅头，符合死神的特征。,
black death,an octopus is depicted in this black and white drawing,https://i.pinimg.com/236x/04/f7/13/04f713653e816b0cdb0f4ec74be31e33.jpg,black_death_1775741044_an_octopus_is_depicted_in_this_black_and_white_drawing.jpg,pinterest_data\raw\black_death_1775741044_an_octopus_is_depicted_in_this_black_and_white_drawing.jpg,success,0,0,0,0.95,"['mask', 'beak_mask']",图像中没有可见的人物，但有类似鸟嘴形状的图案。,
black death,an old black and white photo of a woman holding the hand of a child,https://i.pinimg.com/236x/45/d8/5a/45d85a84ed9e2c4ecab759baca934bda.jpg,black_death_1775741045_an_old_black_and_white_photo_of_a_woman_holding_the_hand_of_a_child.jpg,pinterest_data\raw\black_death_1775741045_an_old_black_and_white_photo_of_a_woman_holding_the_hand_of_a_child.jpg,success,1,0,0,0.95,"['plague_doctor', 'grim_reaper', 'skeleton', 'scythe', 'robe', 'mask', 'beak_mask', 'medieval', 'historical', 'crowd', 'outdoor']",图片中有多个穿着类似服装的人物，其中一人似乎戴着鸟嘴形状的面具，符合'鸟嘴医生'的特征。,
black death,"a black and white drawing of a nun holding a cross in her hands with the words,",https://i.pinimg.com/236x/63/1d/35/631d35441bdd11020fe747416dc2da53.jpg,black_death_1775741046_a_black_and_white_drawing_of_a_nun_holding_a_cross_in_her_hands_with_the_words.jpg,pinterest_data\raw\black_death_1775741046_a_black_and_white_drawing_of_a_nun_holding_a_cross_in_her_hands_with_the_words.jpg,success,1,1,0,0.95,"['plague_doctor', 'mask', 'beak_mask']",该图像显示了一个穿着黑色长袍，戴着鸟嘴形状面具的人物，符合'鸟嘴医生'的特征。,
black death,骷髅 角色设计,https://i.pinimg.com/236x/9d/b5/9e/9db59e24bb2c4cd4d0b2898d3749b8ba.jpg,black_death_1775741047_骷髅_角色设计.jpg,pinterest_data\raw\black_death_1775741047_骷髅_角色设计.jpg,success,1,0,1,0.95,"['plague_doctor', 'grim_reaper', 'skeleton', 'scythe', 'robe', 'mask', 'beak_mask', 'medieval', 'historical']",图中人物有骷髅骨架、身披黑袍和手持镰刀，符合死神的特征。,
black death,a black and white drawing of a wizard holding a lantern in her hand with fire coming out of it,https://i.pinimg.com/236x/8c/b3/26/8cb3264fdabf619a6dc96f9d30e3502b.jpg,black_death_1775741049_a_black_and_white_drawing_of_a_wizard_holding_a_lantern_in_her_hand_with_fire_coming_out_of_it.jpg,pinterest_data\raw\black_death_1775741049_a_black_and_white_drawing_of_a_wizard_holding_a_lantern_in_her_hand_with_fire_coming_out_of_it.jpg,success,1,0,1,0.95,"['plague_doctor', 'grim_reaper', 'skeleton', 'scythe', 'robe', 'mask', 'beak_mask', 'medieval', 'historical']",图中人物穿着黑色长袍，手持镰刀，符合死神的特征。,
black death,"a black and white drawing of a gate with skulls in the door, surrounded by fire",https://i.pinimg.com/236x/18/53/56/1853566f8eebdeeb95f366dc132fe5fa.jpg,black_death_1775741050_a_black_and_white_drawing_of_a_gate_with_skulls_in_the_door__surrounded_by_fire.jpg,pinterest_data\raw\black_death_1775741050_a_black_and_white_drawing_of_a_gate_with_skulls_in_the_door__surrounded_by_fire.jpg,success,1,0,1,0.95,"['plague_doctor', 'grim_reaper', 'skeleton', 'scythe', 'robe', 'mask', 'beak_mask', 'medieval', 'historical', 'indoor']",图像中有多个骷髅骨架，符合死神的特征。,
black death,"图标, 纹身, 紋身, 角色设计, 灵感",https://i.pinimg.com/236x/8d/d2/a2/8dd2a204f79fb2a9c6db8736fab34162.jpg,black_death_1775741051_图标__纹身__紋身__角色设计__灵感.jpg,pinterest_data\raw\black_death_1775741051_图标__纹身__紋身__角色设计__灵感.jpg,success,1,0,1,0.95,"['plague_doctor', 'grim_reaper', 'skeleton', 'scythe', 'robe', 'mask', 'beak_mask', 'medieval', 'historical']",图中人物身穿黑色长袍，手持镰刀，符合死神的特征。,
black death,pinterest_black death_112,https://i.pinimg.com/236x/37/04/69/37046911b34b636f00f52ddfb4df19e1.jpg,black_death_1775741052_pinterest_black_death_112.jpg,pinterest_data\raw\black_death_1775741052_pinterest_black_death_112.jpg,success,1,0,1,0.95,"['plague_doctor', 'grim_reaper', 'skeleton', 'scythe', 'robe', 'mask', 'beak_mask', 'medieval', 'historical']",图像中的人物符合死神的特征，即骷髅骨架、身披黑袍和手持镰刀。,
black death,black and white photograph of the statue of jesus,https://i.pinimg.com/236x/f8/ff/60/f8ff6031999040e0b893ccb5d63096a9.jpg,black_death_1775741055_black_and_white_photograph_of_the_statue_of_jesus.jpg,pinterest_data\raw\black_death_1775741055_black_and_white_photograph_of_the_statue_of_jesus.jpg,success,1,0,0,0.95,"['plague_doctor', 'robe', 'mask', 'beak_mask']",图像中的人物穿着长袍，头部被遮盖，符合‘鸟嘴医生’的特征。,
black death,"The Dance of Death (AKA Danse Macabre). 奇幻生物, 素描, 纹身, 灵感, 图案, 插畫",https://i.pinimg.com/236x/8d/df/ed/8ddfedf847533571a5b11681ca72cac9.jpg,black_death_1775741056_The_Dance_of_Death__AKA_Danse_Macabre_._奇幻生物__素描__纹身__灵感__图案__插畫.jpg,pinterest_data\raw\black_death_1775741056_The_Dance_of_Death__AKA_Danse_Macabre_._奇幻生物__素描__纹身__灵感__图案__插畫.jpg,success,1,0,1,0.95,"['plague_doctor', 'grim_reaper', 'skeleton', 'scythe', 'robe', 'mask', 'beak_mask', 'medieval', 'historical']",图像中有一个骷髅骨架，身穿黑袍，手持镰刀，符合死神的特征。,
black death,more pins in https://t.me/lisiy_pinterest 建筑,https://i.pinimg.com/236x/fa/54/a7/fa54a7edc943337495bda3fa3b688a8d.jpg,black_death_1775741057_more_pins_in_https___t.me_lisiy_pinterest_建筑.jpg,pinterest_data\raw\black_death_1775741057_more_pins_in_https___t.me_lisiy_pinterest_建筑.jpg,success,1,0,1,0.95,"['plague_doctor', 'grim_reaper', 'skeleton', 'scythe', 'robe', 'mask', 'beak_mask', 'medieval', 'historical', 'indoor']",图中人物穿着黑色长袍，手持镰刀，符合死神的特征。,
black death,"Death Korps of Krieg - Warhammer 40K Wiki - Space Marines, Chaos, planets, and more 士兵, 历史, 平面海报, Q ",https://i.pinimg.com/236x/03/f9/77/03f977d6a926945ce4aeffc79cb699b0.jpg,black_death_1775741058_Death_Korps_of_Krieg_-_Warhammer_40K_Wiki_-_Space_Marines__Chaos__planets__and_more_士兵__历史__平面海报__Q.jpg,pinterest_data\raw\black_death_1775741058_Death_Korps_of_Krieg_-_Warhammer_40K_Wiki_-_Space_Marines__Chaos__planets__and_more_士兵__历史__平面海报__Q.jpg,success,1,0,0,0.95,"['plague_doctor', 'mask', 'beak_mask', 'medieval', 'historical']",人物穿着深色长袍，戴着鸟嘴形状的面具，符合'鸟嘴医生'的特征。,
black death,a black and white drawing of skeletons in a graveyard with a man standing over them,https://i.pinimg.com/236x/83/09/ca/8309ca2f40b8d16cc39304a0a6a23a69.jpg,black_death_1775741059_a_black_and_white_drawing_of_skeletons_in_a_graveyard_with_a_man_standing_over_them.jpg,pinterest_data\raw\black_death_1775741059_a_black_and_white_drawing_of_skeletons_in_a_graveyard_with_a_man_standing_over_them.jpg,success,1,0,1,0.95,"['plague_doctor', 'grim_reaper', 'skeleton', 'scythe', 'robe', 'mask', 'beak_mask', 'medieval', 'historical', 'crowd', 'outdoor']",图中有多个骷髅骨架和身穿黑袍的人物，符合死神的特征。,
black death,an old book with a drawing of a man holding a bat and another person sitting in the window,https://i.pinimg.com/236x/74/ef/b6/74efb6da69ddb6d21b74679136cd62cc.jpg,black_death_1775741061_an_old_book_with_a_drawing_of_a_man_holding_a_bat_and_another_person_sitting_in_the_window.jpg,pinterest_data\raw\black_death_1775741061_an_old_book_with_a_drawing_of_a_man_holding_a_bat_and_another_person_sitting_in_the_window.jpg,success,1,0,0,0.95,"['plague_doctor', 'mask', 'beak_mask', 'medieval', 'historical']",图中有一个人物，穿着黑色长袍，戴着鸟嘴形状的面具，符合'鸟嘴医生'的特征。,
black death,a black and white drawing of a castle in the middle of water with a sky background,https://i.pinimg.com/236x/98/7a/2f/987a2f94bf8d4ee6669f423aaeb2e32d.jpg,black_death_1775741062_a_black_and_white_drawing_of_a_castle_in_the_middle_of_water_with_a_sky_background.jpg,pinterest_data\raw\black_death_1775741062_a_black_and_white_drawing_of_a_castle_in_the_middle_of_water_with_a_sky_background.jpg,success,0,0,0,0.95,"['robe', 'mask', 'beak_mask']",图像中没有明显的人物形象，但有类似医生长袍和鸟嘴形状的面具元素。,
black death,"an old book with black ink on it, and the title page in red text",https://i.pinimg.com/236x/c5/06/4e/c5064ee030a58847e49dcdc0d9d2e96b.jpg,black_death_1775741063_an_old_book_with_black_ink_on_it__and_the_title_page_in_red_text.jpg,pinterest_data\raw\black_death_1775741063_an_old_book_with_black_ink_on_it__and_the_title_page_in_red_text.jpg,success,0,0,0,0.95,"['plague_doctor', 'grim_reaper', 'skeleton', 'scythe', 'robe', 'mask', 'beak_mask', 'medieval', 'historical']",图片内容是一份关于治疗瘟疫的指导书，没有明确显示人物或特定角色。,
black death,a drawing of a woman in a long dress with a large hat on her head,https://i.pinimg.com/236x/95/7e/59/957e59166566194c8fa61d865824fe73.jpg,black_death_1775741065_a_drawing_of_a_woman_in_a_long_dress_with_a_large_hat_on_her_head.jpg,pinterest_data\raw\black_death_1775741065_a_drawing_of_a_woman_in_a_long_dress_with_a_large_hat_on_her_head.jpg,success,1,0,0,0.95,"['plague_doctor', 'mask', 'beak_mask']",图中人物穿着黑色长袍，戴着类似鸟嘴形状的面具，符合‘鸟嘴医生’的特征。,
black death,a drawing of a human head and body with lines coming out of it to form a jellyfish,https://i.pinimg.com/236x/9e/5f/5c/9e5f5cbb834fd366c7fec2afb166da1e.jpg,black_death_1775741066_a_drawing_of_a_human_head_and_body_with_lines_coming_out_of_it_to_form_a_jellyfish.jpg,pinterest_data\raw\black_death_1775741066_a_drawing_of_a_human_head_and_body_with_lines_coming_out_of_it_to_form_a_jellyfish.jpg,success,1,0,1,0.95,"['plague_doctor', 'grim_reaper', 'skeleton', 'scythe', 'robe', 'mask', 'beak_mask', 'medieval', 'historical']",图中有一个人形角色，其头部有骷髅骨架，身穿黑袍，手持镰刀，符合死神的特征。,
black death,an old fashioned machine with a mirror on it's back and two baskets in front,https://i.pinimg.com/236x/0d/97/73/0d97738edfc1867f7dd388081d34d6d8.jpg,black_death_1775741067_an_old_fashioned_machine_with_a_mirror_on_it_s_back_and_two_baskets_in_front.jpg,pinterest_data\raw\black_death_1775741067_an_old_fashioned_machine_with_a_mirror_on_it_s_back_and_two_baskets_in_front.jpg,success,0,0,0,0.95,"['skeleton', 'scythe', 'robe', 'mask', 'beak_mask', 'medieval', 'historical']",图像中没有人物，但有骷髅骨架和鸟嘴形状的面具，符合'死神'的特征。,
black death,an old photo of a statue that looks like it has been made to look like a human,https://i.pinimg.com/236x/63/e3/9b/63e39b50a31da3e2b8a19c6a8bc54452.jpg,black_death_1775741068_an_old_photo_of_a_statue_that_looks_like_it_has_been_made_to_look_like_a_human.jpg,pinterest_data\raw\black_death_1775741068_an_old_photo_of_a_statue_that_looks_like_it_has_been_made_to_look_like_a_human.jpg,success,1,0,1,0.95,"['plague_doctor', 'grim_reaper', 'skeleton', 'scythe', 'robe', 'mask', 'beak_mask', 'medieval', 'historical', 'indoor']",图像中的人物穿着黑色长袍，手持镰刀，符合死神的特征。,
black death,a black and white drawing of a person walking down a street,https://i.pinimg.com/236x/45/3d/50/453d50797a5f4c47e8b973a21dcd3d62.jpg,black_death_1775741070_a_black_and_white_drawing_of_a_person_walking_down_a_street.jpg,pinterest_data\raw\black_death_1775741070_a_black_and_white_drawing_of_a_person_walking_down_a_street.jpg,success,1,0,0,0.95,"['plague_doctor', 'mask', 'beak_mask']",图中有一个人物，穿着黑色长袍，戴着鸟嘴形状的面具，符合'鸟嘴医生'的特征。,
black death,a white pentagramil in a circle on a black background,https://i.pinimg.com/236x/e9/ba/5c/e9ba5cb1a78f7b748bf3cfeade82d2b6.jpg,black_death_1775741071_a_white_pentagramil_in_a_circle_on_a_black_background.jpg,pinterest_data\raw\black_death_1775741071_a_white_pentagramil_in_a_circle_on_a_black_background.jpg,success,0,0,0,0.95,['mask'],图像中没有人物，但有一个白色的五角星图案，通常与某些神秘或超自然主题相关联。,
black death,"black and white photograph of three statues with one skeleton in the foreground, another behind them",https://i.pinimg.com/236x/44/6d/0e/446d0ec64a9b2fbeb9b3d6c0d6f23c11.jpg,black_death_1775741072_black_and_white_photograph_of_three_statues_with_one_skeleton_in_the_foreground__another_behind_them.jpg,pinterest_data\raw\black_death_1775741072_black_and_white_photograph_of_three_statues_with_one_skeleton_in_the_foreground__another_behind_them.jpg,success,1,0,1,0.95,"['skeleton', 'robe', 'mask', 'beak_mask']",图像中有一个骷髅骨架，身穿黑袍，手持镰刀，符合死神的特征。,
black death,"jan-pimping-11 克苏鲁, 塔罗牌, 山海, 喜欢, 紋身, 纹身, 绘画, 图案, 插畫",https://i.pinimg.com/236x/e1/db/6f/e1db6f2c72c34a4dc92263456160d36a.jpg,black_death_1775741073_jan-pimping-11_克苏鲁__塔罗牌__山海__喜欢__紋身__纹身__绘画__图案__插畫.jpg,pinterest_data\raw\black_death_1775741073_jan-pimping-11_克苏鲁__塔罗牌__山海__喜欢__紋身__纹身__绘画__图案__插畫.jpg,success,1,0,1,0.95,"['plague_doctor', 'grim_reaper', 'skeleton', 'scythe', 'robe', 'mask', 'beak_mask', 'medieval', 'historical']",图中人物有骷髅头和镰刀，符合死神的特征。,
black death,a pile of skulls piled on top of each other in front of a stone wall,https://i.pinimg.com/236x/67/4f/67/674f679cd44fddacad9e17e5b67b0478.jpg,black_death_1775741075_a_pile_of_skulls_piled_on_top_of_each_other_in_front_of_a_stone_wall.jpg,pinterest_data\raw\black_death_1775741075_a_pile_of_skulls_piled_on_top_of_each_other_in_front_of_a_stone_wall.jpg,success,1,0,1,0.95,"['skeleton', 'scythe', 'robe', 'mask', 'beak_mask', 'medieval', 'historical']",图像中充满了骷髅和骨头，符合死神的特征。,
black death,many candles are arranged in the shape of a circle on the floor next to a fire hydrant,https://i.pinimg.com/236x/59/66/8e/59668ea4165631c356317bc193a8b29f.jpg,black_death_1775741076_many_candles_are_arranged_in_the_shape_of_a_circle_on_the_floor_next_to_a_fire_hydrant.jpg,pinterest_data\raw\black_death_1775741076_many_candles_are_arranged_in_the_shape_of_a_circle_on_the_floor_next_to_a_fire_hydrant.jpg,success,0,0,0,0.95,"['skeleton', 'scythe', 'robe', 'mask', 'beak_mask']",图像中没有可见的人物，但有骷髅和蜡烛排列成的图案，暗示着一种神秘或恐怖的主题。,
black death,"a pile of skulls sitting next to each other with the caption, the legacy of christianity think not t",https://i.pinimg.com/236x/ca/b2/8b/cab28b89eb9f7493758d137c8075cd2f.jpg,black_death_1775741078_a_pile_of_skulls_sitting_next_to_each_other_with_the_caption__the_legacy_of_christianity_think_not_t.jpg,pinterest_data\raw\black_death_1775741078_a_pile_of_skulls_sitting_next_to_each_other_with_the_caption__the_legacy_of_christianity_think_not_t.jpg,success,0,0,0,0.95,['skeleton'],图片中主要展示的是多个骷髅头，没有出现人物或其他特定角色。,
black death,an image of a painting that looks like it is in the middle of a field,https://i.pinimg.com/236x/07/24/0a/07240a66b17b08b6f55e7a95c5a4ded3.jpg,black_death_1775741079_an_image_of_a_painting_that_looks_like_it_is_in_the_middle_of_a_field.jpg,pinterest_data\raw\black_death_1775741079_an_image_of_a_painting_that_looks_like_it_is_in_the_middle_of_a_field.jpg,success,1,0,0,0.95,"['plague_doctor', 'grim_reaper', 'skeleton', 'scythe', 'robe', 'mask', 'beak_mask', 'medieval', 'historical', 'crowd', 'indoor', 'outdoor']",图中有多个穿着长袍的人物，部分人物有骷髅头和镰刀，符合死神的特征。,
black death,a drawing of a skeleton sitting on top of a bench next to a woman with her head down,https://i.pinimg.com/236x/55/b9/23/55b9237a058f0d9f3cc59259a522770a.jpg,black_death_1775741082_a_drawing_of_a_skeleton_sitting_on_top_of_a_bench_next_to_a_woman_with_her_head_down.jpg,pinterest_data\raw\black_death_1775741082_a_drawing_of_a_skeleton_sitting_on_top_of_a_bench_next_to_a_woman_with_her_head_down.jpg,success,1,0,1,0.95,"['plague_doctor', 'grim_reaper', 'skeleton', 'scythe', 'robe', 'mask', 'beak_mask', 'medieval', 'historical', 'indoor']",图中有一个人物，穿着黑色长袍，戴着鸟嘴形状的面具，手持镰刀，符合死神的特征。,
black death,an old illustration of a man on top of a mountain with a bat in his hand,https://i.pinimg.com/236x/4f/d6/5b/4fd65b7027db1b34887bc9094ed5a284.jpg,black_death_1775741083_an_old_illustration_of_a_man_on_top_of_a_mountain_with_a_bat_in_his_hand.jpg,pinterest_data\raw\black_death_1775741083_an_old_illustration_of_a_man_on_top_of_a_mountain_with_a_bat_in_his_hand.jpg,success,1,0,0,0.95,"['plague_doctor', 'mask', 'beak_mask']",图像中的人物有鸟嘴形状的面具，符合'鸟嘴医生'的特征。,
black death,"British Museum - Image gallery: painting / hanging scroll 日本艺术, 书籍, 平面設計, 纹身, 紋身, 角色设计, 绘画, 灵感, 图案",https://i.pinimg.com/236x/b0/c2/43/b0c2438fa0f3d43c9cae27ccc1a46167.jpg,black_death_1775741087_British_Museum_-_Image_gallery__painting___hanging_scroll_日本艺术__书籍__平面設計__纹身__紋身__角色设计__绘画__灵感__图案.jpg,pinterest_data\raw\black_death_1775741087_British_Museum_-_Image_gallery__painting___hanging_scroll_日本艺术__书籍__平面設計__纹身__紋身__角色设计__绘画__灵感__图案.jpg,success,1,0,1,0.95,"['plague_doctor', 'grim_reaper', 'skeleton', 'scythe', 'robe', 'mask', 'beak_mask']",图中有骷髅骨架和手持镰刀的形象，符合死神的特征。,
black death,an image of a human skeleton in black and white,https://i.pinimg.com/236x/a5/b1/f2/a5b1f2d6cdcea8153e4f5471a4708133.jpg,black_death_1775741088_an_image_of_a_human_skeleton_in_black_and_white.jpg,pinterest_data\raw\black_death_1775741088_an_image_of_a_human_skeleton_in_black_and_white.jpg,success,0,0,0,0.95,"['skeleton', 'scythe', 'robe', 'mask', 'beak_mask']",图中显示的是脊柱和肋骨，没有人物形象。,
black death,"an advertisement for the new album, mental health by various people in front of them",https://i.pinimg.com/236x/f9/ba/59/f9ba59ab5c9b3da996bb2156b24ea818.jpg,black_death_1775741089_an_advertisement_for_the_new_album__mental_health_by_various_people_in_front_of_them.jpg,pinterest_data\raw\black_death_1775741089_an_advertisement_for_the_new_album__mental_health_by_various_people_in_front_of_them.jpg,success,1,0,1,0.95,"['plague_doctor', 'grim_reaper', 'skeleton', 'scythe', 'robe', 'mask', 'beak_mask']",图片中有多个穿着白色服装的人物，其中一人有鸟嘴形状的面具，符合'鸟嘴医生'的特征。此外，顶部有骷髅头和镰刀，符合'死神'的特征。,
black death,"this is an illustration of a scene from the book, in which people are surrounded by monsters",https://i.pinimg.com/236x/61/9a/19/619a19eea1967cccb91e5b61308d638a.jpg,black_death_1775741091_this_is_an_illustration_of_a_scene_from_the_book__in_which_people_are_surrounded_by_monsters.jpg,pinterest_data\raw\black_death_1775741091_this_is_an_illustration_of_a_scene_from_the_book__in_which_people_are_surrounded_by_monsters.jpg,success,1,0,0,0.95,"['plague_doctor', 'mask', 'beak_mask', 'medieval', 'historical']",图中有一个人物，穿着类似医生的服装，戴着鸟嘴形状的面具，符合'鸟嘴医生'的特征。,
black death,an old black and white photo of a man in a trench,https://i.pinimg.com/236x/12/0b/fd/120bfdd0b358e50ffef2044ebb85ef38.jpg,black_death_1775741092_an_old_black_and_white_photo_of_a_man_in_a_trench.jpg,pinterest_data\raw\black_death_1775741092_an_old_black_and_white_photo_of_a_man_in_a_trench.jpg,success,1,0,0,0.95,"['plague_doctor', 'mask', 'beak_mask']",图片中的人物穿着类似医生的服装，戴着鸟嘴形状的面具，符合'鸟嘴医生'的特征。,
black death,a man walking down a street with a lantern in his hand,https://i.pinimg.com/236x/66/85/e2/6685e2ae11ad5120edc9d76217c66cb0.jpg,black_death_1775741093_a_man_walking_down_a_street_with_a_lantern_in_his_hand.jpg,pinterest_data\raw\black_death_1775741093_a_man_walking_down_a_street_with_a_lantern_in_his_hand.jpg,success,1,0,0,0.95,"['plague_doctor', 'mask', 'beak_mask', 'medieval', 'historical']",图中有一个人物，穿着类似医生的服装，戴着鸟嘴形状的面具，符合'鸟嘴医生'的特征。,
black death,a black and white drawing of a person wearing a helmet with chains on it's face,https://i.pinimg.com/236x/e3/51/e9/e351e9f32c5bb27393a436a3afc34ae1.jpg,black_death_1775741094_a_black_and_white_drawing_of_a_person_wearing_a_helmet_with_chains_on_it_s_face.jpg,pinterest_data\raw\black_death_1775741094_a_black_and_white_drawing_of_a_person_wearing_a_helmet_with_chains_on_it_s_face.jpg,success,1,0,1,0.95,"['plague_doctor', 'grim_reaper', 'skeleton', 'scythe', 'robe', 'mask', 'beak_mask', 'medieval', 'historical']",图像中的人物戴着鸟嘴形状的面具，符合‘鸟嘴医生’的特征。同时，人物有骷髅头和镰刀，符合‘死神’的特征。,
black death,an owl sitting on the hood of a car in front of a red and black background,https://i.pinimg.com/236x/61/7b/60/617b60c264471d8f42651d8b56ab65f0.jpg,black_death_1775741095_an_owl_sitting_on_the_hood_of_a_car_in_front_of_a_red_and_black_background.jpg,pinterest_data\raw\black_death_1775741095_an_owl_sitting_on_the_hood_of_a_car_in_front_of_a_red_and_black_background.jpg,success,0,0,0,0.95,"['plague_doctor', 'grim_reaper', 'skeleton', 'scythe', 'robe', 'mask', 'beak_mask', 'medieval', 'historical', 'crowd', 'indoor', 'outdoor']",图中没有可见的人物形象，但有鸟嘴形状的面具和骷髅头等元素，因此可以推测是'鸟嘴医生'或'死神',
black death,a black and white photo of soldiers kneeling in front of a giant object with the moon behind them,https://i.pinimg.com/236x/09/f6/f4/09f6f492818adc2480a6ef44ac7c1a69.jpg,black_death_1775741097_a_black_and_white_photo_of_soldiers_kneeling_in_front_of_a_giant_object_with_the_moon_behind_them.jpg,pinterest_data\raw\black_death_1775741097_a_black_and_white_photo_of_soldiers_kneeling_in_front_of_a_giant_object_with_the_moon_behind_them.jpg,success,1,0,0,0.95,"['plague_doctor', 'grim_reaper', 'skeleton', 'scythe', 'robe', 'mask', 'beak_mask', 'medieval', 'historical', 'crowd', 'indoor', 'outdoor']",图中有多个穿着长袍的人物，其中一人戴着鸟嘴形状的面具，符合'鸟嘴医生'的特征。此外，还有骷髅头和骨镰等死亡象征，符合'死神'的特征。,
black death,a steam - themed poster with an image of a man in a top hat,https://i.pinimg.com/236x/7d/65/aa/7d65aa99318c95d8f52a003016461c47.jpg,black_death_1775741098_a_steam_-_themed_poster_with_an_image_of_a_man_in_a_top_hat.jpg,pinterest_data\raw\black_death_1775741098_a_steam_-_themed_poster_with_an_image_of_a_man_in_a_top_hat.jpg,success,1,1,0,0.95,"['plague_doctor', 'mask', 'beak_mask']",图片中有一个人物，穿着黑色长袍，戴着鸟嘴形状的面具，符合'鸟嘴医生'的特征。,
black death,an old book with writing on it and two people in the middle one is holding another person's hand,https://i.pinimg.com/236x/4e/ab/a8/4eaba805edde851f312c1426b652b065.jpg,black_death_1775741099_an_old_book_with_writing_on_it_and_two_people_in_the_middle_one_is_holding_another_person_s_hand.jpg,pinterest_data\raw\black_death_1775741099_an_old_book_with_writing_on_it_and_two_people_in_the_middle_one_is_holding_another_person_s_hand.jpg,success,1,0,0,0.95,"['plague_doctor', 'mask', 'beak_mask']",图像中有一个人物，穿着黑色长袍，戴着鸟嘴形状的面具。,
black death,an old black and white drawing of two people walking down a street with one person laying on the gro,https://i.pinimg.com/236x/fe/2d/31/fe2d312dc717d65b3228e8544984f9d2.jpg,black_death_1775741100_an_old_black_and_white_drawing_of_two_people_walking_down_a_street_with_one_person_laying_on_the_gro.jpg,pinterest_data\raw\black_death_1775741100_an_old_black_and_white_drawing_of_two_people_walking_down_a_street_with_one_person_laying_on_the_gro.jpg,success,1,0,0,0.95,"['plague_doctor', 'mask', 'beak_mask', 'medieval', 'historical']",图中有穿着长袍和戴鸟嘴面具的人物，符合'鸟嘴医生'的特征。,
black death,an old black and white photo of a mushroom cloud,https://i.pinimg.com/236x/fd/24/ad/fd24ad0d0d393e59afec660f839bcbc4.jpg,black_death_1775741101_an_old_black_and_white_photo_of_a_mushroom_cloud.jpg,pinterest_data\raw\black_death_1775741101_an_old_black_and_white_photo_of_a_mushroom_cloud.jpg,success,0,0,0,0.95,"['plague_doctor', 'grim_reaper', 'skeleton', 'scythe', 'robe', 'mask', 'beak_mask', 'medieval', 'historical', 'crowd', 'indoor', 'outdoor']",图片中没有可见的人物，因此无法判断是否包含'鸟嘴医生'或'死神'的形象。,
black death,a person wearing a mask standing in a field,https://i.pinimg.com/236x/d2/01/88/d201887ab006abb474eaf4b00b242f58.jpg,black_death_1775741102_a_person_wearing_a_mask_standing_in_a_field.jpg,pinterest_data\raw\black_death_1775741102_a_person_wearing_a_mask_standing_in_a_field.jpg,success,1,0,1,0.95,"['plague_doctor', 'grim_reaper', 'skeleton', 'scythe', 'robe', 'mask', 'beak_mask', 'medieval', 'historical', 'outdoor']",图中人物穿着黑色长袍，戴着鸟嘴形状的面具，符合死神的特征。,
black death,an octopus attacking a man in front of a stone wall with two snakes crawling out of it,https://i.pinimg.com/236x/e1/2d/9f/e12d9fecbe85e6a053fc7bb65170d389.jpg,black_death_1775741104_an_octopus_attacking_a_man_in_front_of_a_stone_wall_with_two_snakes_crawling_out_of_it.jpg,pinterest_data\raw\black_death_1775741104_an_octopus_attacking_a_man_in_front_of_a_stone_wall_with_two_snakes_crawling_out_of_it.jpg,success,1,0,0,0.95,"['plague_doctor', 'mask', 'beak_mask', 'medieval', 'historical']",图中有穿长袍的人形，头部有类似鸟嘴的装饰，符合'鸟嘴医生'的特征。,
black death,"an old illustration of people in the woods surrounded by owls and other animals, with one person loo",https://i.pinimg.com/236x/29/d6/35/29d635c20bb0192122ee12c17567a66c.jpg,black_death_1775741105_an_old_illustration_of_people_in_the_woods_surrounded_by_owls_and_other_animals__with_one_person_loo.jpg,pinterest_data\raw\black_death_1775741105_an_old_illustration_of_people_in_the_woods_surrounded_by_owls_and_other_animals__with_one_person_loo.jpg,success,1,0,0,0.95,"['plague_doctor', 'mask', 'beak_mask', 'medieval', 'historical']",图中有多个穿着长袍的人物，其中一人戴着鸟嘴形状的面具，符合'鸟嘴医生'的特征。,
black death,"𝕻𝖆𝖙𝖗𝖎𝖈𝖐 𝕻𝖆𝖙𝖙 | 𝔇𝔞𝔯𝔨𝔢𝔰𝔱 𝔡𝔲𝔫𝔤𝔢𝔬𝔫 You liked my last multi-component drawing, so I made another one. I’m",https://i.pinimg.com/236x/af/3e/6f/af3e6fa7ae626688250d818229e3adf7.jpg,black_death_1775741106_𝕻𝖆𝖙𝖗𝖎𝖈𝖐_𝕻𝖆𝖙𝖙___𝔇𝔞𝔯𝔨𝔢𝔰𝔱_𝔡𝔲𝔫𝔤𝔢𝔬𝔫_You_liked_my_last_multi-component_drawing__so_I_made_another_one._I_m.jpg,pinterest_data\raw\black_death_1775741106_𝕻𝖆𝖙𝖗𝖎𝖈𝖐_𝕻𝖆𝖙𝖙___𝔇𝔞𝔯𝔨𝔢𝔰𝔱_𝔡𝔲𝔫𝔤𝔢𝔬𝔫_You_liked_my_last_multi-component_drawing__so_I_made_another_one._I_m.jpg,success,1,0,0,0.95,"['plague_doctor', 'mask', 'beak_mask', 'medieval', 'historical']",图中人物穿着深色长袍，戴着鸟嘴形状的面具，符合'鸟嘴医生'的特征。,
black death,a drawing of a skeleton in a top hat holding a cane and wearing a long coat,https://i.pinimg.com/236x/11/ae/cc/11aeccc79129be06b553daa74c673083.jpg,black_death_1775741107_a_drawing_of_a_skeleton_in_a_top_hat_holding_a_cane_and_wearing_a_long_coat.jpg,pinterest_data\raw\black_death_1775741107_a_drawing_of_a_skeleton_in_a_top_hat_holding_a_cane_and_wearing_a_long_coat.jpg,success,1,0,1,0.95,"['plague_doctor', 'grim_reaper', 'skeleton', 'scythe', 'robe', 'mask', 'beak_mask', 'medieval', 'historical']",该图像中的角色符合死神的特征，包括骷髅骨架、身披黑袍和手持镰刀。,
black death,a drawing of a man with an alien head sitting at a table in front of a plate of food,https://i.pinimg.com/236x/d3/8f/8c/d38f8cd1a9bdd7e441d5ec14b0e37a79.jpg,black_death_1775741108_a_drawing_of_a_man_with_an_alien_head_sitting_at_a_table_in_front_of_a_plate_of_food.jpg,pinterest_data\raw\black_death_1775741108_a_drawing_of_a_man_with_an_alien_head_sitting_at_a_table_in_front_of_a_plate_of_food.jpg,success,1,0,0,0.95,"['mask', 'beak_mask']",图片中的人物戴着鸟嘴形状的面具，符合'鸟嘴医生'的特征。,
black death,pinterest_black death_154,https://i.pinimg.com/236x/72/f1/99/72f199c84a223e64ec2e8c2103c9156d.jpg,black_death_1775741109_pinterest_black_death_154.jpg,pinterest_data\raw\black_death_1775741109_pinterest_black_death_154.jpg,success,1,0,1,0.95,"['plague_doctor', 'grim_reaper', 'skeleton', 'scythe', 'robe', 'mask', 'beak_mask', 'medieval', 'historical']",图中有身穿盔甲的人物，符合死神的特征，即骷髅骨架、身披黑袍、手持镰刀。,
black death,a man sitting at a table with his hands on his head and an open book in front of him,https://i.pinimg.com/236x/24/22/bc/2422bc81bad86c3e70d4fdddb355a0cd.jpg,black_death_1775741110_a_man_sitting_at_a_table_with_his_hands_on_his_head_and_an_open_book_in_front_of_him.jpg,pinterest_data\raw\black_death_1775741110_a_man_sitting_at_a_table_with_his_hands_on_his_head_and_an_open_book_in_front_of_him.jpg,success,1,0,0,0.95,"['plague_doctor', 'mask', 'beak_mask']",人物穿着黑色长袍，戴着带有喙状突起的面具，符合'鸟嘴医生'的特征。,
black death,a group of people sitting around a table with their hands on the top of it,https://i.pinimg.com/236x/f5/27/8c/f5278c7f3eafa63cdb33ddd34775bddd.jpg,black_death_1775741112_a_group_of_people_sitting_around_a_table_with_their_hands_on_the_top_of_it.jpg,pinterest_data\raw\black_death_1775741112_a_group_of_people_sitting_around_a_table_with_their_hands_on_the_top_of_it.jpg,success,1,0,0,0.95,"['plague_doctor', 'mask', 'beak_mask']",图中有身穿黑色长袍的人物，头部有鸟嘴形状的面具，符合'鸟嘴医生'的特征。,
black death,a drawing of a ghost floating in the air,https://i.pinimg.com/236x/7b/53/65/7b5365efe1d7ea7cff4c2379d56465ee.jpg,black_death_1775741113_a_drawing_of_a_ghost_floating_in_the_air.jpg,pinterest_data\raw\black_death_1775741113_a_drawing_of_a_ghost_floating_in_the_air.jpg,success,1,0,1,0.95,"['plague_doctor', 'grim_reaper', 'skeleton', 'scythe', 'robe', 'mask', 'beak_mask', 'medieval', 'historical']",图中人物有骷髅骨架和黑袍，符合死神的特征。,
black death,an image of a group of people that are standing in the street with one person wearing a black robe,https://i.pinimg.com/236x/52/3b/d6/523bd6c5831a187019294c1000411182.jpg,black_death_1775741114_an_image_of_a_group_of_people_that_are_standing_in_the_street_with_one_person_wearing_a_black_robe.jpg,pinterest_data\raw\black_death_1775741114_an_image_of_a_group_of_people_that_are_standing_in_the_street_with_one_person_wearing_a_black_robe.jpg,success,1,0,1,0.95,"['plague_doctor', 'grim_reaper', 'skeleton', 'scythe', 'robe', 'mask', 'beak_mask', 'medieval', 'historical', 'crowd']",图中人物穿着黑色长袍，戴着鸟嘴形状的面具，符合‘鸟嘴医生’的特征。同时，图中有骷髅头和骨镰，符合‘死神’的特征。,
black death,a black and white drawing of a man surrounded by roses,https://i.pinimg.com/236x/0f/11/07/0f1107980b940150a5932470ecb5225c.jpg,black_death_1775741115_a_black_and_white_drawing_of_a_man_surrounded_by_roses.jpg,pinterest_data\raw\black_death_1775741115_a_black_and_white_drawing_of_a_man_surrounded_by_roses.jpg,success,1,0,1,0.95,"['plague_doctor', 'grim_reaper', 'skeleton', 'scythe', 'robe', 'mask', 'beak_mask', 'medieval', 'historical']",图中有身穿黑色长袍、手持镰刀的骷髅形象，符合死神的特征。,
black death,a woman standing next to a giant bear,https://i.pinimg.com/236x/6c/f7/bf/6cf7bffc0374cb7051b7c4cafcaab624.jpg,black_death_1775741116_a_woman_standing_next_to_a_giant_bear.jpg,pinterest_data\raw\black_death_1775741116_a_woman_standing_next_to_a_giant_bear.jpg,success,1,0,0,0.95,"['plague_doctor', 'mask', 'beak_mask']",图像中有一个人物，穿着黑色长袍，戴着鸟嘴形状的面具。,
black death,an old black and white drawing of a person in the woods,https://i.pinimg.com/236x/94/f9/66/94f966648269e1fda0f0217495849b7b.jpg,black_death_1775741118_an_old_black_and_white_drawing_of_a_person_in_the_woods.jpg,pinterest_data\raw\black_death_1775741118_an_old_black_and_white_drawing_of_a_person_in_the_woods.jpg,success,1,0,0,0.95,"['plague_doctor', 'mask', 'beak_mask']",图中人物穿着黑色长袍，戴着鸟嘴形状的面具，符合'鸟嘴医生'的特征。,
black death,a drawing of a tunnel with skulls on it,https://i.pinimg.com/236x/db/16/20/db1620e31816939e62a5a36a527cfe7b.jpg,black_death_1775741119_a_drawing_of_a_tunnel_with_skulls_on_it.jpg,pinterest_data\raw\black_death_1775741119_a_drawing_of_a_tunnel_with_skulls_on_it.jpg,success,0,0,1,0.95,"['skeleton', 'scythe', 'robe', 'mask', 'beak_mask', 'medieval', 'historical']",图中有一个骷髅骨架和一个镰刀，符合死神的特征。,
black death,a black and white photo of a priest,https://i.pinimg.com/236x/bc/75/8e/bc758efd931a4dc2e735f1a24bdee8fd.jpg,black_death_1775741120_a_black_and_white_photo_of_a_priest.jpg,pinterest_data\raw\black_death_1775741120_a_black_and_white_photo_of_a_priest.jpg,success,1,0,0,0.95,"['plague_doctor', 'mask', 'beak_mask']",图片中的人物穿着带有鸟嘴形状面具的黑色长袍，符合'鸟嘴医生'的特征。,
black death,List of occult symbols.,https://i.pinimg.com/236x/79/5d/d6/795dd6a09dfc2e6615f1b6c1ffb0b5a6.jpg,black_death_1775741121_List_of_occult_symbols..jpg,pinterest_data\raw\black_death_1775741121_List_of_occult_symbols..jpg,success,0,0,0,0.95,['occult_symbols'],图片内容是关于神秘符号的列表，没有人物出现。,
black death,the skeleton is surrounded by arms and legs,https://i.pinimg.com/236x/16/4c/0f/164c0f03a3d64fdf3f50b8a633b0d4ab.jpg,black_death_1775741122_the_skeleton_is_surrounded_by_arms_and_legs.jpg,pinterest_data\raw\black_death_1775741122_the_skeleton_is_surrounded_by_arms_and_legs.jpg,success,1,0,1,0.95,"['skeleton', 'scythe', 'robe', 'mask', 'beak_mask', 'medieval', 'historical']",图中显示的是一个骷髅骨架，符合死神的特征。,
black death,a flock of birds flying through the sky,https://i.pinimg.com/236x/d2/eb/36/d2eb367796a16ad47f273aeb5fb6b4e6.jpg,black_death_1775741123_a_flock_of_birds_flying_through_the_sky.jpg,pinterest_data\raw\black_death_1775741123_a_flock_of_birds_flying_through_the_sky.jpg,success,0,0,0,0.95,['crowd'],图片中没有明显的人物形象，但有大量鸟类图案。,
black death,"an image of the virgin mary in black and white, with stars above her head",https://i.pinimg.com/236x/17/4e/7d/174e7d91189d78290464c41a51b17110.jpg,black_death_1775741125_an_image_of_the_virgin_mary_in_black_and_white__with_stars_above_her_head.jpg,pinterest_data\raw\black_death_1775741125_an_image_of_the_virgin_mary_in_black_and_white__with_stars_above_her_head.jpg,success,1,0,0,0.95,"['plague_doctor', 'mask', 'beak_mask', 'medieval', 'historical']",图像中有一个穿着长袍的人物，戴着鸟嘴形状的面具，符合'鸟嘴医生'的特征。,
black death,an old photo of a woman laying on top of a table in front of a building,https://i.pinimg.com/236x/f8/8a/f5/f88af51f601cdd6c7117a2be0f5ebf5c.jpg,black_death_1775741126_an_old_photo_of_a_woman_laying_on_top_of_a_table_in_front_of_a_building.jpg,pinterest_data\raw\black_death_1775741126_an_old_photo_of_a_woman_laying_on_top_of_a_table_in_front_of_a_building.jpg,success,1,0,0,0.95,"['plague_doctor', 'grim_reaper', 'skeleton', 'scythe', 'robe', 'mask', 'beak_mask', 'medieval', 'historical', 'indoor']",图像中有一个穿着黑色长袍的人物，头部有鸟嘴形状的面具，符合'鸟嘴医生'的特征。,
black death,pinterest_black death_169,https://s.pinimg.com/gestalt/illustrations/v1/ill.gumball.spot.light.svg.webp,black_death_1775741129_pinterest_black_death_169.jpg,pinterest_data\raw\black_death_1775741129_pinterest_black_death_169.jpg,success,0,0,0,0.95,['gumball_machine'],图片中没有人物，只有一个装满彩色圆球的糖果机。,
black death,a black and white photo of a woman praying in front of a stone wall with an arch,https://i.pinimg.com/236x/cd/90/4a/cd904ac7060ad2eda317eafd3eb25586.jpg,black_death_1775741130_a_black_and_white_photo_of_a_woman_praying_in_front_of_a_stone_wall_with_an_arch.jpg,pinterest_data\raw\black_death_1775741130_a_black_and_white_photo_of_a_woman_praying_in_front_of_a_stone_wall_with_an_arch.jpg,success,1,0,0,0.95,"['plague_doctor', 'mask', 'beak_mask', 'medieval', 'historical']",图像中有一个穿着长袍并戴有鸟嘴形状面具的人物，符合'鸟嘴医生'的特征。,
black death,an image of two birds flying in the sky and one bird sitting on top of it,https://i.pinimg.com/236x/ad/f7/6d/adf76d71da293f169bdc5f8e95e9202d.jpg,black_death_1775741131_an_image_of_two_birds_flying_in_the_sky_and_one_bird_sitting_on_top_of_it.jpg,pinterest_data\raw\black_death_1775741131_an_image_of_two_birds_flying_in_the_sky_and_one_bird_sitting_on_top_of_it.jpg,success,1,0,1,0.95,"['plague_doctor', 'grim_reaper', 'skeleton', 'scythe', 'robe', 'mask', 'beak_mask', 'medieval', 'historical']",图中有骷髅骨架和手持镰刀的元素，符合死神的特征。,
black death,a drawing of a lady justice holding a scale,https://i.pinimg.com/236x/20/22/fa/2022fa974cdc2861fa5df3bfefb5a51d.jpg,black_death_1775741133_a_drawing_of_a_lady_justice_holding_a_scale.jpg,pinterest_data\raw\black_death_1775741133_a_drawing_of_a_lady_justice_holding_a_scale.jpg,success,1,0,1,0.95,"['plague_doctor', 'grim_reaper', 'skeleton', 'scythe', 'robe', 'mask', 'beak_mask', 'medieval', 'historical']",图中人物穿着黑色长袍，手持镰刀，符合死神的特征。,
black death,a pencil drawing of two skulls surrounded by plants,https://i.pinimg.com/236x/83/85/19/8385196b00855d253c56f639e0f66ef9.jpg,black_death_1775741134_a_pencil_drawing_of_two_skulls_surrounded_by_plants.jpg,pinterest_data\raw\black_death_1775741134_a_pencil_drawing_of_two_skulls_surrounded_by_plants.jpg,success,0,0,1,0.95,"['skeleton', 'scythe', 'robe', 'mask', 'beak_mask']",图中显示的是一个骷髅骨架，符合死神的特征。,
black death,an image of a man in armor standing next to other people,https://i.pinimg.com/236x/a9/7c/9c/a97c9c777d4832189e43b3842fa52d08.jpg,black_death_1775741136_an_image_of_a_man_in_armor_standing_next_to_other_people.jpg,pinterest_data\raw\black_death_1775741136_an_image_of_a_man_in_armor_standing_next_to_other_people.jpg,success,1,0,0,0.95,"['plague_doctor', 'mask', 'beak_mask', 'medieval', 'historical']",图中有穿着黑色长袍、戴有鸟嘴面具的人物，符合'鸟嘴医生'的特征。,
black death,绘画,https://i.pinimg.com/236x/13/45/74/1345741c3aec3fa96347e9faeb0d06c3.jpg,black_death_1775741137_绘画.jpg,pinterest_data\raw\black_death_1775741137_绘画.jpg,success,1,0,0,0.95,"['plague_doctor', 'mask', 'beak_mask', 'medieval', 'historical']",图像中的人物有鸟嘴形状的面具，符合'鸟嘴医生'的特征。,
black death,the hermit tarot card with an image of a man holding a cross,https://i.pinimg.com/236x/25/4f/cd/254fcdd57e61247edb70b8bc9fff3b95.jpg,black_death_1775741138_the_hermit_tarot_card_with_an_image_of_a_man_holding_a_cross.jpg,pinterest_data\raw\black_death_1775741138_the_hermit_tarot_card_with_an_image_of_a_man_holding_a_cross.jpg,success,1,0,0,0.95,"['plague_doctor', 'mask', 'beak_mask', 'medieval', 'historical']",图片中有一个穿着长袍、手持拐杖的人物，符合‘鸟嘴医生’的特征。,
black death,black and white ink drawing of a castle,https://i.pinimg.com/236x/39/8b/a1/398ba19f912264f31f5d38731f147209.jpg,black_death_1775741139_black_and_white_ink_drawing_of_a_castle.jpg,pinterest_data\raw\black_death_1775741139_black_and_white_ink_drawing_of_a_castle.jpg,success,1,0,0,0.95,"['plague_doctor', 'mask', 'beak_mask', 'medieval', 'historical']",图中有一个人物，穿着深色长袍，戴着鸟嘴形状的面具，符合'鸟嘴医生'的特征。,
black death,PRICES MAY VARY. Illustration By Gustave Dore 1832-1883 French Artist And Illustrator For Paradise L,https://i.pinimg.com/236x/a7/95/2d/a7952d419a7de8c3dcd4eb0860df9819.jpg,black_death_1775741140_PRICES_MAY_VARY._Illustration_By_Gustave_Dore_1832-1883_French_Artist_And_Illustrator_For_Paradise_L.jpg,pinterest_data\raw\black_death_1775741140_PRICES_MAY_VARY._Illustration_By_Gustave_Dore_1832-1883_French_Artist_And_Illustrator_For_Paradise_L.jpg,success,1,0,0,0.95,"['plague_doctor', 'mask', 'beak_mask', 'medieval', 'historical']",图中有一个人物，穿着黑色长袍，戴着鸟嘴形状的面具，符合'鸟嘴医生'的特征。,
black death,an old black and white drawing of three witches dancing in the middle of a circle,https://i.pinimg.com/236x/16/1a/33/161a338ee2fa21d0a309b60972092e2e.jpg,black_death_1775741141_an_old_black_and_white_drawing_of_three_witches_dancing_in_the_middle_of_a_circle.jpg,pinterest_data\raw\black_death_1775741141_an_old_black_and_white_drawing_of_three_witches_dancing_in_the_middle_of_a_circle.jpg,success,1,0,0,0.95,"['plague_doctor', 'mask', 'beak_mask', 'medieval', 'historical']",图中有穿着长袍和戴有鸟嘴面具的人物，符合'鸟嘴医生'的特征。,
black death,"an old illustration of a demon attacking a man in the woods, with fire coming from his mouth",https://i.pinimg.com/236x/b5/68/c3/b568c33613e1b5dc4c560bfe3d1d03db.jpg,black_death_1775741143_an_old_illustration_of_a_demon_attacking_a_man_in_the_woods__with_fire_coming_from_his_mouth.jpg,pinterest_data\raw\black_death_1775741143_an_old_illustration_of_a_demon_attacking_a_man_in_the_woods__with_fire_coming_from_his_mouth.jpg,success,1,0,0,0.95,"['plague_doctor', 'mask', 'beak_mask', 'medieval', 'historical']",图中有一个人物，穿着类似医生的服装，戴着鸟嘴形状的面具，符合'鸟嘴医生'的特征。,
black death,a black and white drawing of a pirate,https://i.pinimg.com/236x/bc/00/a2/bc00a27a40f053e1c1a7328ce676102a.jpg,black_death_1775741144_a_black_and_white_drawing_of_a_pirate.jpg,pinterest_data\raw\black_death_1775741144_a_black_and_white_drawing_of_a_pirate.jpg,success,1,0,0,0.95,"['plague_doctor', 'mask', 'beak_mask']",图中人物有鸟嘴形状的面具，符合'鸟嘴医生'的特征。,
black death,an old drawing of a lion attacking a man on the back of his head with two claws,https://i.pinimg.com/236x/c6/fb/89/c6fb89c36a7e9725ee18d2042eb75352.jpg,black_death_1775741145_an_old_drawing_of_a_lion_attacking_a_man_on_the_back_of_his_head_with_two_claws.jpg,pinterest_data\raw\black_death_1775741145_an_old_drawing_of_a_lion_attacking_a_man_on_the_back_of_his_head_with_two_claws.jpg,success,1,0,0,0.95,"['plague_doctor', 'mask', 'beak_mask']",图像中有一个穿着黑色长袍、戴着鸟嘴形状面具的人物，符合'鸟嘴医生'的特征。,
black death,an image of a painting with people in the background and one man holding his hand up,https://i.pinimg.com/236x/00/f7/64/00f764bfbc51e86bc5f76835387dfb41.jpg,black_death_1775741146_an_image_of_a_painting_with_people_in_the_background_and_one_man_holding_his_hand_up.jpg,pinterest_data\raw\black_death_1775741146_an_image_of_a_painting_with_people_in_the_background_and_one_man_holding_his_hand_up.jpg,success,1,0,0,0.95,"['plague_doctor', 'grim_reaper', 'skeleton', 'scythe', 'robe', 'mask', 'beak_mask', 'medieval', 'historical', 'crowd', 'outdoor']",图中有多个穿着长袍的人物，其中一些人物有鸟嘴形状的面具，符合'鸟嘴医生'的特征。此外，还有骷髅骨架和手持镰刀的形象，符合'死神'的特征。,
black death,many hands reaching out to each other,https://i.pinimg.com/236x/b8/9d/f1/b89df164a93d260807cb607c0b6ebbae.jpg,black_death_1775741147_many_hands_reaching_out_to_each_other.jpg,pinterest_data\raw\black_death_1775741147_many_hands_reaching_out_to_each_other.jpg,success,1,0,0,0.95,"['plague_doctor', 'mask', 'beak_mask']",图像中有多个手臂和手指，看起来像是一个密集的手部图案，没有明确的医生或死神特征。,
black death,an old black and white photo of soldiers digging in the ground with helmets on their heads,https://i.pinimg.com/236x/37/3d/9e/373d9e6b5ce7b3332dbe92306d84d305.jpg,black_death_1775741149_an_old_black_and_white_photo_of_soldiers_digging_in_the_ground_with_helmets_on_their_heads.jpg,pinterest_data\raw\black_death_1775741149_an_old_black_and_white_photo_of_soldiers_digging_in_the_ground_with_helmets_on_their_heads.jpg,success,1,0,0,0.95,"['plague_doctor', 'mask', 'beak_mask', 'medieval', 'historical']",图中有穿着深色长袍和戴有鸟嘴形状面具的人物，符合'鸟嘴医生'的特征。,
black death,pinterest_black death_186,https://i.pinimg.com/236x/4a/97/b4/4a97b4048d262f8f7ca4b4519bbed51f.jpg,black_death_1775741151_pinterest_black_death_186.jpg,pinterest_data\raw\black_death_1775741151_pinterest_black_death_186.jpg,success,0,0,0,0.95,['text'],图片内容是报纸头条，没有人物形象。,
black death,"an old black and white drawing of two children dressed in costumes, standing next to each other",https://i.pinimg.com/236x/f2/42/a3/f242a32cce6fcaa5960d53595543036c.jpg,black_death_1775741152_an_old_black_and_white_drawing_of_two_children_dressed_in_costumes__standing_next_to_each_other.jpg,pinterest_data\raw\black_death_1775741152_an_old_black_and_white_drawing_of_two_children_dressed_in_costumes__standing_next_to_each_other.jpg,success,1,0,0,0.95,"['plague_doctor', 'robe', 'mask', 'beak_mask', 'medieval', 'historical']",图中有穿着长袍和帽子的人物，符合'鸟嘴医生'的特征。,
black death,an image of a lady justice statue with balance on her arm and the words balance above it,https://i.pinimg.com/236x/1a/44/bf/1a44bfa5ec39608a9495fe896f3721df.jpg,black_death_1775741153_an_image_of_a_lady_justice_statue_with_balance_on_her_arm_and_the_words_balance_above_it.jpg,pinterest_data\raw\black_death_1775741153_an_image_of_a_lady_justice_statue_with_balance_on_her_arm_and_the_words_balance_above_it.jpg,success,1,0,0,0.95,"['skeleton', 'scythe', 'robe', 'mask', 'beak_mask']",图像中的人物穿着长袍，手持权衡天平和权杖，符合‘死神’的特征。,
black death,pinterest_black death_189,https://i.pinimg.com/236x/3f/aa/dd/3faadd745daedec07bea2dd2e4fd4dfd.jpg,black_death_1775741155_pinterest_black_death_189.jpg,pinterest_data\raw\black_death_1775741155_pinterest_black_death_189.jpg,success,1,0,0,0.95,"['plague_doctor', 'mask', 'beak_mask', 'medieval', 'historical']",图像中的人物穿着黑色长袍，戴着鸟嘴形状的面具，符合'鸟嘴医生'的特征。,
black death,an old black and white photo of some men carrying something on their backs in the dirt,https://i.pinimg.com/236x/66/fc/ee/66fcee7b9ed2e9fdfac79b18318adf33.jpg,black_death_1775741156_an_old_black_and_white_photo_of_some_men_carrying_something_on_their_backs_in_the_dirt.jpg,pinterest_data\raw\black_death_1775741156_an_old_black_and_white_photo_of_some_men_carrying_something_on_their_backs_in_the_dirt.jpg,success,1,0,0,0.95,"['plague_doctor', 'mask', 'beak_mask', 'medieval', 'historical', 'crowd', 'outdoor']",图中有多个穿着深色长袍和戴着鸟嘴形状面具的人，符合'鸟嘴医生'的特征。,
black death,pinterest_black death_191,https://i.pinimg.com/236x/de/e6/af/dee6afb34c36703f26f65c4df514080c.jpg,black_death_1775741157_pinterest_black_death_191.jpg,pinterest_data\raw\black_death_1775741157_pinterest_black_death_191.jpg,success,1,0,1,0.95,"['plague_doctor', 'grim_reaper', 'skeleton', 'scythe', 'robe', 'mask', 'beak_mask', 'medieval', 'historical']",图片中有身穿黑袍、手持镰刀的人物，符合死神的特征。,
black death,a gargoyle statue sitting on top of a trash can,https://i.pinimg.com/236x/98/7d/db/987ddb877eb0fb5d5fd1d12590db0217.jpg,black_death_1775741158_a_gargoyle_statue_sitting_on_top_of_a_trash_can.jpg,pinterest_data\raw\black_death_1775741158_a_gargoyle_statue_sitting_on_top_of_a_trash_can.jpg,success,0,0,0,0.95,"['plague_doctor', 'mask', 'beak_mask']",图中没有可见的人物，但有一个鸟嘴形状的雕像，符合'鸟嘴医生'的特征。,
black death,a black and white drawing of a man with a hat on his head standing in the middle of a field,https://i.pinimg.com/236x/3a/1a/be/3a1abe44874759c18863b48125905260.jpg,black_death_1775741159_a_black_and_white_drawing_of_a_man_with_a_hat_on_his_head_standing_in_the_middle_of_a_field.jpg,pinterest_data\raw\black_death_1775741159_a_black_and_white_drawing_of_a_man_with_a_hat_on_his_head_standing_in_the_middle_of_a_field.jpg,success,1,0,0,0.95,"['plague_doctor', 'mask', 'beak_mask']",图中人物穿着长袍和帽子，手持手杖，符合鸟嘴医生的特征。,
black death,a group of men sitting on top of a wooden train track next to each other,https://i.pinimg.com/236x/59/07/aa/5907aa887222354c1800ab1d91496e7c.jpg,black_death_1775741160_a_group_of_men_sitting_on_top_of_a_wooden_train_track_next_to_each_other.jpg,pinterest_data\raw\black_death_1775741160_a_group_of_men_sitting_on_top_of_a_wooden_train_track_next_to_each_other.jpg,success,1,0,0,0.95,"['plague_doctor', 'grim_reaper', 'skeleton', 'scythe', 'robe', 'mask', 'beak_mask', 'medieval', 'historical', 'crowd', 'indoor', 'outdoor']",图片中有多个穿着深色衣服的人，可能是医生或死神的形象。,
black death,an illustration of a seagull flying over the ocean with icebergs in the background,https://i.pinimg.com/236x/9b/4b/2b/9b4b2bc72eeb1d5585c5caa93f105b9f.jpg,black_death_1775741161_an_illustration_of_a_seagull_flying_over_the_ocean_with_icebergs_in_the_background.jpg,pinterest_data\raw\black_death_1775741161_an_illustration_of_a_seagull_flying_over_the_ocean_with_icebergs_in_the_background.jpg,success,0,0,0,0.95,"['plague_doctor', 'grim_reaper', 'skeleton', 'scythe', 'robe', 'mask', 'beak_mask', 'medieval', 'historical', 'crowd', 'indoor', 'outdoor']",图中没有可见的人物形象，因此无法判断是否包含'死神'或'鸟嘴医生'。,
black death,a shovel digging dirt in the ground with it's handle extended to grab something,https://i.pinimg.com/236x/29/c6/c5/29c6c5e3395c8a65aeb1b2c7e9ee0124.jpg,black_death_1775741162_a_shovel_digging_dirt_in_the_ground_with_it_s_handle_extended_to_grab_something.jpg,pinterest_data\raw\black_death_1775741162_a_shovel_digging_dirt_in_the_ground_with_it_s_handle_extended_to_grab_something.jpg,success,0,0,0,0.95,"['plague_doctor', 'grim_reaper', 'skeleton', 'scythe', 'robe', 'mask', 'beak_mask', 'medieval', 'historical', 'crowd', 'indoor', 'outdoor']",图中没有人物，因此无法判断是否有'鸟嘴医生'或'死神'的形象。,
black death,"an old poster with the words sell your soul and prices listed for $ 3, 500",https://i.pinimg.com/236x/26/85/0f/26850fde51e31d46b86c41e0dc07ee75.jpg,black_death_1775741164_an_old_poster_with_the_words_sell_your_soul_and_prices_listed_for___3__500.jpg,pinterest_data\raw\black_death_1775741164_an_old_poster_with_the_words_sell_your_soul_and_prices_listed_for___3__500.jpg,success,1,0,1,0.95,"['plague_doctor', 'grim_reaper', 'skeleton', 'scythe', 'robe', 'mask', 'beak_mask', 'medieval', 'historical']",图片中有穿着黑色长袍、手持镰刀和骷髅头的死神形象。,
black death,a drawing of a boy with his head in the air and hands on his face,https://i.pinimg.com/236x/e3/dc/95/e3dc953db0e9fedada642c2e8836402f.jpg,black_death_1775741165_a_drawing_of_a_boy_with_his_head_in_the_air_and_hands_on_his_face.jpg,pinterest_data\raw\black_death_1775741165_a_drawing_of_a_boy_with_his_head_in_the_air_and_hands_on_his_face.jpg,success,1,0,1,0.95,"['plague_doctor', 'grim_reaper', 'skeleton', 'scythe', 'robe', 'mask', 'beak_mask']",图片中有一个人物，穿着黑色长袍，戴着鸟嘴形状的面具，符合死神的特征。,
black death,the words how to use demonicic sigils written in red and black on a white background,https://i.pinimg.com/236x/e1/34/35/e134359ccb447166ccecc0c23816c4df.jpg,black_death_1775741167_the_words_how_to_use_demonicic_sigils_written_in_red_and_black_on_a_white_background.jpg,pinterest_data\raw\black_death_1775741167_the_words_how_to_use_demonicic_sigils_written_in_red_and_black_on_a_white_background.jpg,success,0,0,0,0.95,['demonic_sigils'],图片内容是关于如何使用恶魔符文的指导，没有人物形象。,
black death,a painting of a black bird wearing a hat,https://i.pinimg.com/236x/2b/c7/51/2bc75198a5bf837f4617f0dbd2ffbef3.jpg,black_death_1775741168_a_painting_of_a_black_bird_wearing_a_hat.jpg,pinterest_data\raw\black_death_1775741168_a_painting_of_a_black_bird_wearing_a_hat.jpg,success,1,1,0,0.95,"['plague_doctor', 'mask', 'beak_mask']",图片中的人物穿着黑色长袍，戴着鸟嘴形状的面具，符合‘鸟嘴医生’的特征。,
black death,a giant chair sitting on top of a hill next to some trees and a bird,https://i.pinimg.com/236x/ab/7b/6a/ab7b6aa19933c6758fad9a9157966060.jpg,black_death_1775741169_a_giant_chair_sitting_on_top_of_a_hill_next_to_some_trees_and_a_bird.jpg,pinterest_data\raw\black_death_1775741169_a_giant_chair_sitting_on_top_of_a_hill_next_to_some_trees_and_a_bird.jpg,success,0,0,0,0.95,"['skeleton', 'scythe', 'robe', 'mask', 'beak_mask', 'medieval', 'historical']",图像中没有可见的人物，但有骷髅骨架和鸟嘴形状的面具。,
black death,an old black and white drawing of a man on a tree with other people in the background,https://i.pinimg.com/236x/da/00/93/da009387901bac45cc5791e96f96818c.jpg,black_death_1775741170_an_old_black_and_white_drawing_of_a_man_on_a_tree_with_other_people_in_the_background.jpg,pinterest_data\raw\black_death_1775741170_an_old_black_and_white_drawing_of_a_man_on_a_tree_with_other_people_in_the_background.jpg,success,1,0,0,0.95,"['plague_doctor', 'mask', 'beak_mask']",图中有一个人物，穿着黑色长袍，戴着鸟嘴形状的面具，符合'鸟嘴医生'的特征。,
black death,three skeletons riding on horses with two men in the middle and one woman sitting on them,https://i.pinimg.com/236x/fa/ed/7b/faed7b1f14de540b138a7f85dce0ce3f.jpg,black_death_1775741171_three_skeletons_riding_on_horses_with_two_men_in_the_middle_and_one_woman_sitting_on_them.jpg,pinterest_data\raw\black_death_1775741171_three_skeletons_riding_on_horses_with_two_men_in_the_middle_and_one_woman_sitting_on_them.jpg,success,1,0,1,0.95,"['plague_doctor', 'grim_reaper', 'skeleton', 'scythe', 'robe', 'mask', 'beak_mask', 'medieval', 'historical']",图中有骷髅骨架、身披黑袍、手持镰刀的死神形象。,
black death,an old fashioned card with a skeleton holding a bird,https://i.pinimg.com/236x/d9/ce/17/d9ce17a2f8cf775b039883e70be31d03.jpg,black_death_1775741172_an_old_fashioned_card_with_a_skeleton_holding_a_bird.jpg,pinterest_data\raw\black_death_1775741172_an_old_fashioned_card_with_a_skeleton_holding_a_bird.jpg,success,1,0,1,0.95,"['plague_doctor', 'grim_reaper', 'skeleton', 'scythe', 'robe', 'mask', 'beak_mask', 'medieval', 'historical', 'outdoor']",图中人物有骷髅头和镰刀，符合死神的特征。,
