photo_id,query,filename,save_path,alt_description,description,width,height,color,blur_hash,created_at,updated_at,promoted_at,user_name,user_username,user_portfolio_url,unsplash_page,download_location,image_url_regular,image_url_small,image_url_full,source,download_status,has_people,has_protective_medical_staff,confidence,tags,people_count_range,reason,model_raw_output,error
5697253,covid 19,5697253_White_chalked__COVID-19__text_on_a_blackboard_background__emphasizing_pandemic_theme..jpg,data/raw\5697253_White_chalked__COVID-19__text_on_a_blackboard_background__emphasizing_pandemic_theme..jpg,"White chalked 'COVID-19' text on a blackboard background, emphasizing pandemic theme.",,3500,2333,#090909,,,,,Anna Tarazevich,,https://www.pexels.com/@anntarazevich,https://www.pexels.com/photo/covid-19-lettering-text-on-black-background-5697253/,,https://images.pexels.com/photos/5697253/pexels-photo-5697253.jpeg?auto=compress&cs=tinysrgb&h=650&w=940,https://images.pexels.com/photos/5697253/pexels-photo-5697253.jpeg?auto=compress&cs=tinysrgb&h=130,https://images.pexels.com/photos/5697253/pexels-photo-5697253.jpeg,pexels,success,0.0,0.0,0.95,['covid_sign'],unknown,图片中只显示了“COVID-19”字样，没有出现任何人物或医疗人员。,"```json
{
  ""has_people"": 0,
  ""has_protective_medical_staff"": 0,
  ""confidence"": 0.95,
  ""tags"": [""covid_sign""],
  ""reason"": ""图片中只显示了“COVID-19”字样，没有出现任何人物或医疗人员。""
}
```",
5994656,covid 19,5994656_Close-up_of_COVID-19_vaccine_vials_labeled_for_injection_on_a_blue_background..jpg,data/raw\5994656_Close-up_of_COVID-19_vaccine_vials_labeled_for_injection_on_a_blue_background..jpg,Close-up of COVID-19 vaccine vials labeled for injection on a blue background.,,3001,2001,#9FD0E2,,,,,Maksim Goncharenok,,https://www.pexels.com/@maksgelatin,https://www.pexels.com/photo/close-up-shot-of-vials-5994656/,,https://images.pexels.com/photos/5994656/pexels-photo-5994656.jpeg?auto=compress&cs=tinysrgb&h=650&w=940,https://images.pexels.com/photos/5994656/pexels-photo-5994656.jpeg?auto=compress&cs=tinysrgb&h=130,https://images.pexels.com/photos/5994656/pexels-photo-5994656.jpeg,pexels,success,0.0,0.0,0.95,['vaccine'],unknown,图片中没有显示人或医务人员，只有疫苗瓶。,"```json
{
  ""has_people"": 0,
  ""has_protective_medical_staff"": 0,
  ""confidence"": 0.95,
  ""tags"": [""vaccine""],
  ""reason"": ""图片中没有显示人或医务人员，只有疫苗瓶。""
}
```",
3936369,covid 19,3936369_Artistic_representation_of_COVID-19_using_golden_pills_on_a_black_background__symbolizing_healthcare_and_treatments..jpg,data/raw\3936369_Artistic_representation_of_COVID-19_using_golden_pills_on_a_black_background__symbolizing_healthcare_and_treatments..jpg,"Artistic representation of COVID-19 using golden pills on a black background, symbolizing healthcare and treatments.",,6016,4000,#151519,,,,,Miguel Á. Padriñán,,https://www.pexels.com/@padrinan,https://www.pexels.com/photo/pills-on-blue-background-3936369/,,https://images.pexels.com/photos/3936369/pexels-photo-3936369.jpeg?auto=compress&cs=tinysrgb&h=650&w=940,https://images.pexels.com/photos/3936369/pexels-photo-3936369.jpeg?auto=compress&cs=tinysrgb&h=130,https://images.pexels.com/photos/3936369/pexels-photo-3936369.jpeg,pexels,success,0.0,0.0,0.95,['covid_sign'],unknown,图片中的文字'COVID-19'使用咖啡豆拼成，没有显示任何人物或医疗人员。,"```json
{
  ""has_people"": 0,
  ""has_protective_medical_staff"": 0,
  ""confidence"": 0.95,
  ""tags"": [""covid_sign""],
  ""reason"": ""图片中的文字'COVID-19'使用咖啡豆拼成，没有显示任何人物或医疗人员。""
}
```",
5857418,covid 19,5857418_Chalk_writing_of__vaccine__and__covid-19__on_a_blackboard__symbolizing_health_awareness..jpg,data/raw\5857418_Chalk_writing_of__vaccine__and__covid-19__on_a_blackboard__symbolizing_health_awareness..jpg,"Chalk writing of 'vaccine' and 'covid-19' on a blackboard, symbolizing health awareness.",,3500,2333,#0B0B0B,,,,,Anna Tarazevich,,https://www.pexels.com/@anntarazevich,https://www.pexels.com/photo/vaccine-covid-19-lettering-text-on-black-background-5857418/,,https://images.pexels.com/photos/5857418/pexels-photo-5857418.jpeg?auto=compress&cs=tinysrgb&h=650&w=940,https://images.pexels.com/photos/5857418/pexels-photo-5857418.jpeg?auto=compress&cs=tinysrgb&h=130,https://images.pexels.com/photos/5857418/pexels-photo-5857418.jpeg,pexels,success,0.0,0.0,0.95,"['vaccine', 'covid-19']",unknown,图片上写有疫苗和COVID-19的字样，没有显示任何人体或医务人员。,"```json
{
  ""has_people"": 0,
  ""has_protective_medical_staff"": 0,
  ""confidence"": 0.95,
  ""tags"": [""vaccine"", ""covid-19""],
  ""reason"": ""图片上写有疫苗和COVID-19的字样，没有显示任何人体或医务人员。""
}
```",
5878517,covid 19,5878517_A_COVID-19_vaccine_vial_sits_on_a_bright__blue_and_pink_background._Modern_and_impactful..jpg,data/raw\5878517_A_COVID-19_vaccine_vial_sits_on_a_bright__blue_and_pink_background._Modern_and_impactful..jpg,"A COVID-19 vaccine vial sits on a bright, blue and pink background. Modern and impactful.",,6036,3391,#4C86D3,,,,,Artem Podrez,,https://www.pexels.com/@artempodrez,https://www.pexels.com/photo/a-covid-19-vaccine-vial-on-blue-background-5878517/,,https://images.pexels.com/photos/5878517/pexels-photo-5878517.jpeg?auto=compress&cs=tinysrgb&h=650&w=940,https://images.pexels.com/photos/5878517/pexels-photo-5878517.jpeg?auto=compress&cs=tinysrgb&h=130,https://images.pexels.com/photos/5878517/pexels-photo-5878517.jpeg,pexels,success,0.0,0.0,0.95,['vaccination'],unknown,图片中只有一个疫苗瓶，没有显示任何人体或医务人员。,"```json
{
  ""has_people"": 0,
  ""has_protective_medical_staff"": 0,
  ""confidence"": 0.95,
  ""tags"": [""vaccination""],
  ""reason"": ""图片中只有一个疫苗瓶，没有显示任何人体或医务人员。""
}
```",
5697258,covid 19,5697258_Chalkboard_with__Coronavirus_and_Business__written_on_it__illustrating_COVID-19_impact..jpg,data/raw\5697258_Chalkboard_with__Coronavirus_and_Business__written_on_it__illustrating_COVID-19_impact..jpg,"Chalkboard with 'Coronavirus and Business' written on it, illustrating COVID-19 impact.",,3500,2333,#111112,,,,,Anna Tarazevich,,https://www.pexels.com/@anntarazevich,https://www.pexels.com/photo/coronavirus-and-business-lettering-text-on-black-background-5697258/,,https://images.pexels.com/photos/5697258/pexels-photo-5697258.jpeg?auto=compress&cs=tinysrgb&h=650&w=940,https://images.pexels.com/photos/5697258/pexels-photo-5697258.jpeg?auto=compress&cs=tinysrgb&h=130,https://images.pexels.com/photos/5697258/pexels-photo-5697258.jpeg,pexels,success,0.0,0.0,0.95,"['coronavirus', 'business']",unknown,图片内容为黑底白字，写着'CORONAVIRUS AND BUSINESS',"```json
{
  ""has_people"": 0,
  ""has_protective_medical_staff"": 0,
  ""confidence"": 0.95,
  ""tags"": [""coronavirus"", ""business""],
  ""reason"": ""图片内容为黑底白字，写着'CORONAVIRUS AND BUSINESS'""
}
```",
5863274,covid 19,5863274_Close-up_of_COVID-19_vaccine_vials__syringe__and_mask_on_a_pink_surface..jpg,data/raw\5863274_Close-up_of_COVID-19_vaccine_vials__syringe__and_mask_on_a_pink_surface..jpg,"Close-up of COVID-19 vaccine vials, syringe, and mask on a pink surface.",,6240,4160,#D3B4C9,,,,,Nataliya Vaitkevich,,https://www.pexels.com/@n-voitkevich,https://www.pexels.com/photo/covid-vaccine-and-syringe-5863274/,,https://images.pexels.com/photos/5863274/pexels-photo-5863274.jpeg?auto=compress&cs=tinysrgb&h=650&w=940,https://images.pexels.com/photos/5863274/pexels-photo-5863274.jpeg?auto=compress&cs=tinysrgb&h=130,https://images.pexels.com/photos/5863274/pexels-photo-5863274.jpeg,pexels,success,0.0,0.0,0.95,['vaccination'],unknown,图片中有疫苗瓶和口罩，但没有显示人或医务人员。,"```json
{
  ""has_people"": 0,
  ""has_protective_medical_staff"": 0,
  ""confidence"": 0.95,
  ""tags"": [""vaccination""],
  ""reason"": ""图片中有疫苗瓶和口罩，但没有显示人或医务人员。""
}
```",
4167559,covid 19,4167559_Hands_in_gloves_hold_a_globe_with__COVID-19__label_on_a_gray_backdrop__symbolizing_pandemic_impact..jpg,data/raw\4167559_Hands_in_gloves_hold_a_globe_with__COVID-19__label_on_a_gray_backdrop__symbolizing_pandemic_impact..jpg,"Hands in gloves hold a globe with 'COVID-19' label on a gray backdrop, symbolizing pandemic impact.",,4070,6105,#C5C6D1,,,,,Anna Shvets,,https://www.pexels.com/@shvetsa,https://www.pexels.com/photo/hands-with-latex-gloves-holding-a-globe-4167559/,,https://images.pexels.com/photos/4167559/pexels-photo-4167559.jpeg?auto=compress&cs=tinysrgb&h=650&w=940,https://images.pexels.com/photos/4167559/pexels-photo-4167559.jpeg?auto=compress&cs=tinysrgb&h=130,https://images.pexels.com/photos/4167559/pexels-photo-4167559.jpeg,pexels,success,1.0,1.0,0.95,"['doctor', 'nurse', 'medical_staff', 'ppe', 'protective_suit', 'mask', 'face_shield', 'gloves']",unknown,图片中有穿着防护手套和防护服的手，背景上有一个写着'COVID 19'的地球仪，这表明有医务人员在处理与COVID-19相关的内容。,"```json
{
  ""has_people"": 1,
  ""has_protective_medical_staff"": 1,
  ""confidence"": 0.95,
  ""tags"": [""doctor"", ""nurse"", ""medical_staff"", ""ppe"", ""protective_suit"", ""mask"", ""face_shield"", ""gloves""],
  ""reason"": ""图片中有穿着防护手套和防护服的手，背景上有一个写着'COVID 19'的地球仪，这表明有医务人员在处理与COVID-19相关的内容。""
}
```",
8569645,covid 19,8569645_Close-up_image_of_Covid-19_vaccine_vials_with_assorted_pills_and_a_syringe_on_a_light_surface..jpg,data/raw\8569645_Close-up_image_of_Covid-19_vaccine_vials_with_assorted_pills_and_a_syringe_on_a_light_surface..jpg,Close-up image of Covid-19 vaccine vials with assorted pills and a syringe on a light surface.,,6240,4160,#D1C1C1,,,,,Towfiqu barbhuiya,,https://www.pexels.com/@towfiqu-barbhuiya-3440682,https://www.pexels.com/photo/covid-19-vials-and-assorted-medicines-8569645/,,https://images.pexels.com/photos/8569645/pexels-photo-8569645.jpeg?auto=compress&cs=tinysrgb&h=650&w=940,https://images.pexels.com/photos/8569645/pexels-photo-8569645.jpeg?auto=compress&cs=tinysrgb&h=130,https://images.pexels.com/photos/8569645/pexels-photo-8569645.jpeg,pexels,success,0.0,0.0,0.95,"['vaccine', 'covid-19']",unknown,图片中没有出现任何人物或医疗人员，主要展示的是疫苗瓶和各种药片。,"```json
{
  ""has_people"": 0,
  ""has_protective_medical_staff"": 0,
  ""confidence"": 0.95,
  ""tags"": [""vaccine"", ""covid-19""],
  ""reason"": ""图片中没有出现任何人物或医疗人员，主要展示的是疫苗瓶和各种药片。""
}
```",
5863308,covid 19,5863308_Two_COVID-19_vaccine_vials_with_a_cap_on_a_pink_backdrop._Ideal_for_health_and_medical_themes..jpg,data/raw\5863308_Two_COVID-19_vaccine_vials_with_a_cap_on_a_pink_backdrop._Ideal_for_health_and_medical_themes..jpg,Two COVID-19 vaccine vials with a cap on a pink backdrop. Ideal for health and medical themes.,,4160,6240,#D79DBF,,,,,Nataliya Vaitkevich,,https://www.pexels.com/@n-voitkevich,https://www.pexels.com/photo/two-covid-vials-on-pink-surface-5863308/,,https://images.pexels.com/photos/5863308/pexels-photo-5863308.jpeg?auto=compress&cs=tinysrgb&h=650&w=940,https://images.pexels.com/photos/5863308/pexels-photo-5863308.jpeg?auto=compress&cs=tinysrgb&h=130,https://images.pexels.com/photos/5863308/pexels-photo-5863308.jpeg,pexels,success,0.0,0.0,0.95,['vaccination'],unknown,图片中有两个疫苗瓶，标签上写着'COVID-19疫苗',"```json
{
  ""has_people"": 0,
  ""has_protective_medical_staff"": 0,
  ""confidence"": 0.95,
  ""tags"": [""vaccination""],
  ""reason"": ""图片中有两个疫苗瓶，标签上写着'COVID-19疫苗'""
}
```",
5878520,covid 19,5878520_A_COVID-19_vaccine_vial_with_clear_labeling_on_a_serene_blue_background__symbolizing_hope_and_health..jpg,data/raw\5878520_A_COVID-19_vaccine_vial_with_clear_labeling_on_a_serene_blue_background__symbolizing_hope_and_health..jpg,"A COVID-19 vaccine vial with clear labeling on a serene blue background, symbolizing hope and health.",,6057,3407,#02A1E3,,,,,Artem Podrez,,https://www.pexels.com/@artempodrez,https://www.pexels.com/photo/a-close-up-view-of-a-covid-19-vaccine-vial-on-blue-background-5878520/,,https://images.pexels.com/photos/5878520/pexels-photo-5878520.jpeg?auto=compress&cs=tinysrgb&h=650&w=940,https://images.pexels.com/photos/5878520/pexels-photo-5878520.jpeg?auto=compress&cs=tinysrgb&h=130,https://images.pexels.com/photos/5878520/pexels-photo-5878520.jpeg,pexels,success,0.0,0.0,0.95,['vaccination'],unknown,图片中只有一个疫苗瓶，没有显示任何人员或防护装备。,"```json
{
  ""has_people"": 0,
  ""has_protective_medical_staff"": 0,
  ""confidence"": 0.95,
  ""tags"": [""vaccination""],
  ""reason"": ""图片中只有一个疫苗瓶，没有显示任何人员或防护装备。""
}
```",
5995158,covid 19,5995158_Array_of_COVID-19_vaccine_vials_on_a_blue_surface__offering_ample_copy_space..jpg,data/raw\5995158_Array_of_COVID-19_vaccine_vials_on_a_blue_surface__offering_ample_copy_space..jpg,"Array of COVID-19 vaccine vials on a blue surface, offering ample copy space.",,5680,3787,#94CADD,,,,,Maksim Goncharenok,,https://www.pexels.com/@maksgelatin,https://www.pexels.com/photo/a-close-up-shot-of-covid-19-vaccine-vials-on-a-blue-surface-5995158/,,https://images.pexels.com/photos/5995158/pexels-photo-5995158.jpeg?auto=compress&cs=tinysrgb&h=650&w=940,https://images.pexels.com/photos/5995158/pexels-photo-5995158.jpeg?auto=compress&cs=tinysrgb&h=130,https://images.pexels.com/photos/5995158/pexels-photo-5995158.jpeg,pexels,success,0.0,0.0,0.95,['vaccination'],unknown,图片中显示的是疫苗瓶，没有出现人员或防护服。,"```json
{
  ""has_people"": 0,
  ""has_protective_medical_staff"": 0,
  ""confidence"": 0.95,
  ""tags"": [""vaccination""],
  ""reason"": ""图片中显示的是疫苗瓶，没有出现人员或防护服。""
}
```",
4235825,covid 19,4235825_A_set_of_COVID-19_test_tubes_in_a_rack__symbolizing_medical_research_and_diagnostics..jpg,data/raw\4235825_A_set_of_COVID-19_test_tubes_in_a_rack__symbolizing_medical_research_and_diagnostics..jpg,"A set of COVID-19 test tubes in a rack, symbolizing medical research and diagnostics.",,3840,2160,#9693D5,,,,,Riki Risnandar,,https://www.pexels.com/@riki-risnandar-2265311,https://www.pexels.com/photo/test-tubes-on-a-test-tube-rack-4235825/,,https://images.pexels.com/photos/4235825/pexels-photo-4235825.jpeg?auto=compress&cs=tinysrgb&h=650&w=940,https://images.pexels.com/photos/4235825/pexels-photo-4235825.jpeg?auto=compress&cs=tinysrgb&h=130,https://images.pexels.com/photos/4235825/pexels-photo-4235825.jpeg,pexels,success,0.0,0.0,0.95,['testing'],unknown,图像中没有显示任何人员或医务人员，只有标有'Covid-19 Test'的试管。,"```json
{
  ""has_people"": 0,
  ""has_protective_medical_staff"": 0,
  ""confidence"": 0.95,
  ""tags"": [""testing""],
  ""reason"": ""图像中没有显示任何人员或医务人员，只有标有'Covid-19 Test'的试管。""
}
```",
6074920,covid 19,6074920_Top_view_of_crop_faceless_female_doctor_in_latex_gloves_demonstrating_heap_of_ampoules_with_COVID_vaccine_against_pink_b.jpg,data/raw\6074920_Top_view_of_crop_faceless_female_doctor_in_latex_gloves_demonstrating_heap_of_ampoules_with_COVID_vaccine_against_pink_b.jpg,Top view of crop faceless female doctor in latex gloves demonstrating heap of ampoules with COVID vaccine against pink background,,6240,4160,#D790AC,,,,,Alena Shekhovtcova,,https://www.pexels.com/@alena-shekhovtcova,https://www.pexels.com/photo/unrecognizable-scientist-showing-covid-19-vaccines-in-pink-studio-6074920/,,https://images.pexels.com/photos/6074920/pexels-photo-6074920.jpeg?auto=compress&cs=tinysrgb&h=650&w=940,https://images.pexels.com/photos/6074920/pexels-photo-6074920.jpeg?auto=compress&cs=tinysrgb&h=130,https://images.pexels.com/photos/6074920/pexels-photo-6074920.jpeg,pexels,success,1.0,0.0,0.95,['gloves'],unknown,手上有手套，但没有明显的防护服或口罩等防护装备。,"```json
{
  ""has_people"": 1,
  ""has_protective_medical_staff"": 0,
  ""confidence"": 0.95,
  ""tags"": [""gloves""],
  ""reason"": ""手上有手套，但没有明显的防护服或口罩等防护装备。""
}
```",
5995305,covid 19,5995305_A_row_of_COVID-19_vaccine_vials_on_a_blue_background__symbolizing_the_pandemic_response..jpg,data/raw\5995305_A_row_of_COVID-19_vaccine_vials_on_a_blue_background__symbolizing_the_pandemic_response..jpg,"A row of COVID-19 vaccine vials on a blue background, symbolizing the pandemic response.",,4480,6720,#7BC6E0,,,,,Maksim Goncharenok,,https://www.pexels.com/@maksgelatin,https://www.pexels.com/photo/clear-plastic-bottle-on-blue-table-5995305/,,https://images.pexels.com/photos/5995305/pexels-photo-5995305.jpeg?auto=compress&cs=tinysrgb&h=650&w=940,https://images.pexels.com/photos/5995305/pexels-photo-5995305.jpeg?auto=compress&cs=tinysrgb&h=130,https://images.pexels.com/photos/5995305/pexels-photo-5995305.jpeg,pexels,success,0.0,0.0,0.95,['vaccination'],unknown,图片中显示的是疫苗瓶，没有出现人员或防护服。,"```json
{
  ""has_people"": 0,
  ""has_protective_medical_staff"": 0,
  ""confidence"": 0.95,
  ""tags"": [""vaccination""],
  ""reason"": ""图片中显示的是疫苗瓶，没有出现人员或防护服。""
}
```",
5995167,covid 19,5995167_Close-up_of_COVID-19_vaccine_vials_arranged_diagonally_on_a_blue_surface..jpg,data/raw\5995167_Close-up_of_COVID-19_vaccine_vials_arranged_diagonally_on_a_blue_surface..jpg,Close-up of COVID-19 vaccine vials arranged diagonally on a blue surface.,,4480,6720,#9DCCDD,,,,,Maksim Goncharenok,,https://www.pexels.com/@maksgelatin,https://www.pexels.com/photo/covid-19-vials-on-blue-surface-5995167/,,https://images.pexels.com/photos/5995167/pexels-photo-5995167.jpeg?auto=compress&cs=tinysrgb&h=650&w=940,https://images.pexels.com/photos/5995167/pexels-photo-5995167.jpeg?auto=compress&cs=tinysrgb&h=130,https://images.pexels.com/photos/5995167/pexels-photo-5995167.jpeg,pexels,success,0.0,0.0,0.95,['vaccination'],unknown,图片中显示的是疫苗瓶，没有出现任何人员或医务人员。,"```json
{
  ""has_people"": 0,
  ""has_protective_medical_staff"": 0,
  ""confidence"": 0.95,
  ""tags"": [""vaccination""],
  ""reason"": ""图片中显示的是疫苗瓶，没有出现任何人员或医务人员。""
}
```",
7722848,covid 19,7722848_Close-up_of_COVID-19_vaccine_labels_arranged_in_rows__ideal_for_healthcare_stock_images..jpg,data/raw\7722848_Close-up_of_COVID-19_vaccine_labels_arranged_in_rows__ideal_for_healthcare_stock_images..jpg,"Close-up of COVID-19 vaccine labels arranged in rows, ideal for healthcare stock images.",,3688,5532,#A2A09E,,,,,Tara Winstead,,https://www.pexels.com/@tara-winstead,https://www.pexels.com/photo/covid-19-vaccine-bandages-in-close-up-shot-7722848/,,https://images.pexels.com/photos/7722848/pexels-photo-7722848.jpeg?auto=compress&cs=tinysrgb&h=650&w=940,https://images.pexels.com/photos/7722848/pexels-photo-7722848.jpeg?auto=compress&cs=tinysrgb&h=130,https://images.pexels.com/photos/7722848/pexels-photo-7722848.jpeg,pexels,success,0.0,0.0,0.95,['COVID-19 Vaccine'],unknown,图片内容主要由多个重复的 'COVID-19 Vaccine' 标签组成，没有显示任何人物或医务人员。,"```json
{
  ""has_people"": 0,
  ""has_protective_medical_staff"": 0,
  ""confidence"": 0.95,
  ""tags"": [""COVID-19 Vaccine""],
  ""reason"": ""图片内容主要由多个重复的 'COVID-19 Vaccine' 标签组成，没有显示任何人物或医务人员。""
}
```",
3970333,covid 19,3970333_Close-up_of_COVID-19_statistics_showing_confirmed_cases_globally..jpg,data/raw\3970333_Close-up_of_COVID-19_statistics_showing_confirmed_cases_globally..jpg,Close-up of COVID-19 statistics showing confirmed cases globally.,,2333,3500,#292125,,,,,Markus Spiske,,https://www.pexels.com/@markusspiske,https://www.pexels.com/photo/coronavirus-statistics-on-screen-3970333/,,https://images.pexels.com/photos/3970333/pexels-photo-3970333.jpeg?auto=compress&cs=tinysrgb&h=650&w=940,https://images.pexels.com/photos/3970333/pexels-photo-3970333.jpeg?auto=compress&cs=tinysrgb&h=130,https://images.pexels.com/photos/3970333/pexels-photo-3970333.jpeg,pexels,success,0.0,0.0,0.95,"['coronavirus', 'covid-19', 'total confirmed']",unknown,图片中没有显示任何人物或医疗人员，也没有明显的防护装备。,"```json
{
  ""has_people"": 0,
  ""has_protective_medical_staff"": 0,
  ""confidence"": 0.95,
  ""tags"": [""coronavirus"", ""covid-19"", ""total confirmed""],
  ""reason"": ""图片中没有显示任何人物或医疗人员，也没有明显的防护装备。""
}
```",
3951600,covid 19,3951600_Person_holding_COVID-19_sign_surrounded_by_yellow_stop_tape__symbolizing_quarantine_and_safety..jpg,data/raw\3951600_Person_holding_COVID-19_sign_surrounded_by_yellow_stop_tape__symbolizing_quarantine_and_safety..jpg,"Person holding COVID-19 sign surrounded by yellow stop tape, symbolizing quarantine and safety.",,5970,3980,#C4C4BA,,,,,cottonbro studio,,https://www.pexels.com/@cottonbro,https://www.pexels.com/photo/person-holding-covid-sign-3951600/,,https://images.pexels.com/photos/3951600/pexels-photo-3951600.jpeg?auto=compress&cs=tinysrgb&h=650&w=940,https://images.pexels.com/photos/3951600/pexels-photo-3951600.jpeg?auto=compress&cs=tinysrgb&h=130,https://images.pexels.com/photos/3951600/pexels-photo-3951600.jpeg,pexels,success,1.0,0.0,0.95,"['ppe', 'mask', 'covid_sign']",unknown,图片中有一个人手持写着'COVID19'的标志牌，周围有黄色警戒线，这可能表示与COVID-19相关的健康警告或限制措施。,"```json
{
  ""has_people"": 1,
  ""has_protective_medical_staff"": 0,
  ""confidence"": 0.95,
  ""tags"": [""ppe"", ""mask"", ""covid_sign""],
  ""reason"": ""图片中有一个人手持写着'COVID19'的标志牌，周围有黄色警戒线，这可能表示与COVID-19相关的健康警告或限制措施。""
}
```",
3923164,covid 19,3923164_Hands_arranging_white_pills_to_spell__COVID-19__on_a_gray_surface__symbolizing_medical_and_health_themes..jpg,data/raw\3923164_Hands_arranging_white_pills_to_spell__COVID-19__on_a_gray_surface__symbolizing_medical_and_health_themes..jpg,"Hands arranging white pills to spell 'COVID-19' on a gray surface, symbolizing medical and health themes.",,5644,3763,#A4A1A0,,,,,cottonbro studio,,https://www.pexels.com/@cottonbro,https://www.pexels.com/photo/pills-on-gray-background-3923164/,,https://images.pexels.com/photos/3923164/pexels-photo-3923164.jpeg?auto=compress&cs=tinysrgb&h=650&w=940,https://images.pexels.com/photos/3923164/pexels-photo-3923164.jpeg?auto=compress&cs=tinysrgb&h=130,https://images.pexels.com/photos/3923164/pexels-photo-3923164.jpeg,pexels,success,1.0,0.0,0.95,['covid_sign'],unknown,图片中有手指指向'COVID-19'字样，这通常与医疗相关。,"```json
{
  ""has_people"": 1,
  ""has_protective_medical_staff"": 0,
  ""confidence"": 0.95,
  ""tags"": [""covid_sign""],
  ""reason"": ""图片中有手指指向'COVID-19'字样，这通常与医疗相关。""
}
```",
5994631,covid 19,5994631_Close-up_of_a_COVID-19_vaccine_vial_on_a_light_blue_backdrop__representing_medical_science..jpg,data/raw\5994631_Close-up_of_a_COVID-19_vaccine_vial_on_a_light_blue_backdrop__representing_medical_science..jpg,"Close-up of a COVID-19 vaccine vial on a light blue backdrop, representing medical science.",,4404,6606,#82CFEC,,,,,Maksim Goncharenok,,https://www.pexels.com/@maksgelatin,https://www.pexels.com/photo/labeled-bottle-on-a-light-blue-background-5994631/,,https://images.pexels.com/photos/5994631/pexels-photo-5994631.jpeg?auto=compress&cs=tinysrgb&h=650&w=940,https://images.pexels.com/photos/5994631/pexels-photo-5994631.jpeg?auto=compress&cs=tinysrgb&h=130,https://images.pexels.com/photos/5994631/pexels-photo-5994631.jpeg,pexels,success,0.0,0.0,0.95,['vaccination'],unknown,图片中只有一个疫苗瓶，没有显示任何人员或医务人员。,"```json
{
  ""has_people"": 0,
  ""has_protective_medical_staff"": 0,
  ""confidence"": 0.95,
  ""tags"": [""vaccination""],
  ""reason"": ""图片中只有一个疫苗瓶，没有显示任何人员或医务人员。""
}
```",
11624145,covid 19,11624145_Close-up_of_a_COVID-19_rapid_antigen_test_kit_showing_the_testing_strip_and_swab..jpg,data/raw\11624145_Close-up_of_a_COVID-19_rapid_antigen_test_kit_showing_the_testing_strip_and_swab..jpg,Close-up of a COVID-19 rapid antigen test kit showing the testing strip and swab.,,4800,3200,#D9D9E1,,,,,adrian vieriu,,https://www.pexels.com/@printexstar,https://www.pexels.com/photo/close-up-of-a-rapid-antigen-test-kit-11624145/,,https://images.pexels.com/photos/11624145/pexels-photo-11624145.jpeg?auto=compress&cs=tinysrgb&h=650&w=940,https://images.pexels.com/photos/11624145/pexels-photo-11624145.jpeg?auto=compress&cs=tinysrgb&h=130,https://images.pexels.com/photos/11624145/pexels-photo-11624145.jpeg,pexels,success,0.0,0.0,0.95,['testing'],unknown,图片中只有一张新冠病毒抗原检测卡，没有显示人或医务人员。,"```json
{
  ""has_people"": 0,
  ""has_protective_medical_staff"": 0,
  ""confidence"": 0.95,
  ""tags"": [""testing""],
  ""reason"": ""图片中只有一张新冠病毒抗原检测卡，没有显示人或医务人员。""
}
```",
5994833,covid 19,5994833_Pills_arranged_to_spell_COVID-19_on_a_vibrant_red_background__symbolizing_medical_response..jpg,data/raw\5994833_Pills_arranged_to_spell_COVID-19_on_a_vibrant_red_background__symbolizing_medical_response..jpg,"Pills arranged to spell COVID-19 on a vibrant red background, symbolizing medical response.",,5068,3379,#ED1E09,,,,,Maksim Goncharenok,,https://www.pexels.com/@maksgelatin,https://www.pexels.com/photo/medication-pills-on-red-surface-5994833/,,https://images.pexels.com/photos/5994833/pexels-photo-5994833.jpeg?auto=compress&cs=tinysrgb&h=650&w=940,https://images.pexels.com/photos/5994833/pexels-photo-5994833.jpeg?auto=compress&cs=tinysrgb&h=130,https://images.pexels.com/photos/5994833/pexels-photo-5994833.jpeg,pexels,success,0.0,0.0,0.95,['covid_sign'],unknown,图片中的文字'COVID-19'使用了彩色药丸拼成，没有显示任何人物或医疗人员。,"```json
{
  ""has_people"": 0,
  ""has_protective_medical_staff"": 0,
  ""confidence"": 0.95,
  ""tags"": [""covid_sign""],
  ""reason"": ""图片中的文字'COVID-19'使用了彩色药丸拼成，没有显示任何人物或医疗人员。""
}
```",
3951606,covid 19,3951606_Person_wrapped_in_caution_tape_holding_a_sign_with_COVID-19_awareness_message..jpg,data/raw\3951606_Person_wrapped_in_caution_tape_holding_a_sign_with_COVID-19_awareness_message..jpg,Person wrapped in caution tape holding a sign with COVID-19 awareness message.,,3888,5832,#94927F,,,,,cottonbro studio,,https://www.pexels.com/@cottonbro,https://www.pexels.com/photo/person-holding-sign-3951606/,,https://images.pexels.com/photos/3951606/pexels-photo-3951606.jpeg?auto=compress&cs=tinysrgb&h=650&w=940,https://images.pexels.com/photos/3951606/pexels-photo-3951606.jpeg?auto=compress&cs=tinysrgb&h=130,https://images.pexels.com/photos/3951606/pexels-photo-3951606.jpeg,pexels,success,1.0,0.0,0.95,"['ppe', 'mask']",unknown,图片中有黄色警戒线和口罩，暗示有防护措施。,"```json
{
  ""has_people"": 1,
  ""has_protective_medical_staff"": 0,
  ""confidence"": 0.95,
  ""tags"": [""ppe"", ""mask""],
  ""reason"": ""图片中有黄色警戒线和口罩，暗示有防护措施。""
}
```",
5863282,covid 19,5863282_Flat_lay_of_COVID-19_vaccine_vials_and_syringes_on_pink_background..jpg,data/raw\5863282_Flat_lay_of_COVID-19_vaccine_vials_and_syringes_on_pink_background..jpg,Flat lay of COVID-19 vaccine vials and syringes on pink background.,,4160,6240,#D8ABDB,,,,,Nataliya Vaitkevich,,https://www.pexels.com/@n-voitkevich,https://www.pexels.com/photo/flat-lay-of-covid-vaccine-vials-5863282/,,https://images.pexels.com/photos/5863282/pexels-photo-5863282.jpeg?auto=compress&cs=tinysrgb&h=650&w=940,https://images.pexels.com/photos/5863282/pexels-photo-5863282.jpeg?auto=compress&cs=tinysrgb&h=130,https://images.pexels.com/photos/5863282/pexels-photo-5863282.jpeg,pexels,success,0.0,0.0,0.95,"['vaccination', 'covid_sign']",unknown,图片中没有出现人物或医务人员，只有疫苗和注射器。,"```json
{
  ""has_people"": 0,
  ""has_protective_medical_staff"": 0,
  ""confidence"": 0.95,
  ""tags"": [""vaccination"", ""covid_sign""],
  ""reason"": ""图片中没有出现人物或医务人员，只有疫苗和注射器。""
}
```",
6075010,covid 19,6075010_Vaccine_for_coronavirus_on_geometrical_decor_near_syringe_with_needle_and_glass_flask_with_liquid.jpg,data/raw\6075010_Vaccine_for_coronavirus_on_geometrical_decor_near_syringe_with_needle_and_glass_flask_with_liquid.jpg,Vaccine for coronavirus on geometrical decor near syringe with needle and glass flask with liquid,,3652,5479,#4242AF,,,,,Alena Shekhovtcova,,https://www.pexels.com/@alena-shekhovtcova,https://www.pexels.com/photo/vaccine-for-covid-19-near-glass-flask-and-syringe-6075010/,,https://images.pexels.com/photos/6075010/pexels-photo-6075010.jpeg?auto=compress&cs=tinysrgb&h=650&w=940,https://images.pexels.com/photos/6075010/pexels-photo-6075010.jpeg?auto=compress&cs=tinysrgb&h=130,https://images.pexels.com/photos/6075010/pexels-photo-6075010.jpeg,pexels,success,0.0,0.0,0.95,"['vaccination', 'covid_sign']",unknown,图片中没有显示人，也没有显示穿防护服的医务人员。,"```json
{
  ""has_people"": 0,
  ""has_protective_medical_staff"": 0,
  ""confidence"": 0.95,
  ""tags"": [""vaccination"", ""covid_sign""],
  ""reason"": ""图片中没有显示人，也没有显示穿防护服的医务人员。""
}
```",
5995203,covid 19,5995203_Close-up_of_COVID-19_vaccine_vials_arranged_on_a_blue_background__highlighting_medical_innovation..jpg,data/raw\5995203_Close-up_of_COVID-19_vaccine_vials_arranged_on_a_blue_background__highlighting_medical_innovation..jpg,"Close-up of COVID-19 vaccine vials arranged on a blue background, highlighting medical innovation.",,5974,3983,#9FBDCA,,,,,Maksim Goncharenok,,https://www.pexels.com/@maksgelatin,https://www.pexels.com/photo/vaccine-bottles-in-close-up-photography-5995203/,,https://images.pexels.com/photos/5995203/pexels-photo-5995203.jpeg?auto=compress&cs=tinysrgb&h=650&w=940,https://images.pexels.com/photos/5995203/pexels-photo-5995203.jpeg?auto=compress&cs=tinysrgb&h=130,https://images.pexels.com/photos/5995203/pexels-photo-5995203.jpeg,pexels,success,0.0,0.0,0.95,['vaccination'],unknown,图片中显示的是疫苗瓶，没有出现人员或防护服。,"```json
{
  ""has_people"": 0,
  ""has_protective_medical_staff"": 0,
  ""confidence"": 0.95,
  ""tags"": [""vaccination""],
  ""reason"": ""图片中显示的是疫苗瓶，没有出现人员或防护服。""
}
```",
3993212,covid 19,3993212_Detailed_illustration_of_coronavirus_structure_with_red_spike_proteins..jpg,data/raw\3993212_Detailed_illustration_of_coronavirus_structure_with_red_spike_proteins..jpg,Detailed illustration of coronavirus structure with red spike proteins.,,4000,2250,#4E3A39,,,,,CDC,,https://www.pexels.com/@cdc-library,https://www.pexels.com/photo/structure-of-a-coronavirus-3993212/,,https://images.pexels.com/photos/3993212/pexels-photo-3993212.jpeg?auto=compress&cs=tinysrgb&h=650&w=940,https://images.pexels.com/photos/3993212/pexels-photo-3993212.jpeg?auto=compress&cs=tinysrgb&h=130,https://images.pexels.com/photos/3993212/pexels-photo-3993212.jpeg,pexels,success,0.0,0.0,0.95,"['virus', 'covid_sign']",unknown,图像显示的是一个冠状病毒的渲染图，没有显示任何人类或医务人员。,"```json
{
  ""has_people"": 0,
  ""has_protective_medical_staff"": 0,
  ""confidence"": 0.95,
  ""tags"": [""virus"", ""covid_sign""],
  ""reason"": ""图像显示的是一个冠状病毒的渲染图，没有显示任何人类或医务人员。""
}
```",
8770712,covid 19,8770712_Close-up_of_COVID-19_vaccine_vial_in_a_laboratory_with_scientists_working_in_the_background..jpg,data/raw\8770712_Close-up_of_COVID-19_vaccine_vial_in_a_laboratory_with_scientists_working_in_the_background..jpg,Close-up of COVID-19 vaccine vial in a laboratory with scientists working in the background.,,4000,6000,#D6D5D1,,,,,Gustavo Fring,,https://www.pexels.com/@gustavo-fring,https://www.pexels.com/photo/close-up-of-a-glass-ampule-with-covid-19-vaccine-8770712/,,https://images.pexels.com/photos/8770712/pexels-photo-8770712.jpeg?auto=compress&cs=tinysrgb&h=650&w=940,https://images.pexels.com/photos/8770712/pexels-photo-8770712.jpeg?auto=compress&cs=tinysrgb&h=130,https://images.pexels.com/photos/8770712/pexels-photo-8770712.jpeg,pexels,success,1.0,0.0,0.95,['vaccination'],unknown,图片中有一个人手持疫苗瓶，背景模糊不清，无法确认是否为医务人员或穿戴防护服。,"```json
{
  ""has_people"": 1,
  ""has_protective_medical_staff"": 0,
  ""confidence"": 0.95,
  ""tags"": [""vaccination""],
  ""reason"": ""图片中有一个人手持疫苗瓶，背景模糊不清，无法确认是否为医务人员或穿戴防护服。""
}
```",
5994664,covid 19,5994664_Vial_of_COVID-19_vaccine_on_blue_background__symbolizing_healthcare..jpg,data/raw\5994664_Vial_of_COVID-19_vaccine_on_blue_background__symbolizing_healthcare..jpg,"Vial of COVID-19 vaccine on blue background, symbolizing healthcare.",,6363,4242,#70CBEA,,,,,Maksim Goncharenok,,https://www.pexels.com/@maksgelatin,https://www.pexels.com/photo/covid-vaccine-bottle-on-blue-background-5994664/,,https://images.pexels.com/photos/5994664/pexels-photo-5994664.jpeg?auto=compress&cs=tinysrgb&h=650&w=940,https://images.pexels.com/photos/5994664/pexels-photo-5994664.jpeg?auto=compress&cs=tinysrgb&h=130,https://images.pexels.com/photos/5994664/pexels-photo-5994664.jpeg,pexels,success,0.0,0.0,0.95,['vaccination'],unknown,图片中只有一个疫苗瓶，没有显示任何人体或医务人员。,"```json
{
  ""has_people"": 0,
  ""has_protective_medical_staff"": 0,
  ""confidence"": 0.95,
  ""tags"": [""vaccination""],
  ""reason"": ""图片中只有一个疫苗瓶，没有显示任何人体或医务人员。""
}
```",
11623663,covid 19,11623663_High-quality_image_of_a_COVID-19_test_kit_showing_swab_and_test_tube..jpg,data/raw\11623663_High-quality_image_of_a_COVID-19_test_kit_showing_swab_and_test_tube..jpg,High-quality image of a COVID-19 test kit showing swab and test tube.,,4800,3200,#A2C1DE,,,,,adrian vieriu,,https://www.pexels.com/@printexstar,https://www.pexels.com/photo/a-close-up-shot-of-a-test-tube-and-a-swab-11623663/,,https://images.pexels.com/photos/11623663/pexels-photo-11623663.jpeg?auto=compress&cs=tinysrgb&h=650&w=940,https://images.pexels.com/photos/11623663/pexels-photo-11623663.jpeg?auto=compress&cs=tinysrgb&h=130,https://images.pexels.com/photos/11623663/pexels-photo-11623663.jpeg,pexels,success,0.0,0.0,0.95,"['testkit', 'covid-19']",unknown,图片中没有显示人或医务人员，主要展示了一个标有'COVID-19 Test Kit'的测试管和一些医疗用品。,"```json
{
  ""has_people"": 0,
  ""has_protective_medical_staff"": 0,
  ""confidence"": 0.95,
  ""tags"": [""testkit"", ""covid-19""],
  ""reason"": ""图片中没有显示人或医务人员，主要展示了一个标有'COVID-19 Test Kit'的测试管和一些医疗用品。""
}
```",
5995299,covid 19,5995299_A_test_tube_with_negative_COVID-19_results_on_a_reflective_blue_surface..jpg,data/raw\5995299_A_test_tube_with_negative_COVID-19_results_on_a_reflective_blue_surface..jpg,A test tube with negative COVID-19 results on a reflective blue surface.,,6543,4362,#45BDE7,,,,,Maksim Goncharenok,,https://www.pexels.com/@maksgelatin,https://www.pexels.com/photo/a-close-up-shot-of-a-blood-sample-in-a-test-tube-5995299/,,https://images.pexels.com/photos/5995299/pexels-photo-5995299.jpeg?auto=compress&cs=tinysrgb&h=650&w=940,https://images.pexels.com/photos/5995299/pexels-photo-5995299.jpeg?auto=compress&cs=tinysrgb&h=130,https://images.pexels.com/photos/5995299/pexels-photo-5995299.jpeg,pexels,success,0.0,0.0,0.95,"['testing', 'covid_sign']",unknown,图像中没有显示人或医务人员，只有两个标有“COVID-19测试”的试管。,"```json
{
  ""has_people"": 0,
  ""has_protective_medical_staff"": 0,
  ""confidence"": 0.95,
  ""tags"": [""testing"", ""covid_sign""],
  ""reason"": ""图像中没有显示人或医务人员，只有两个标有“COVID-19测试”的试管。""
}
```",
5994831,covid 19,5994831_A_gloved_hand_holds_a_COVID-19_vaccine_vial_against_a_bright_yellow_background..jpg,data/raw\5994831_A_gloved_hand_holds_a_COVID-19_vaccine_vial_against_a_bright_yellow_background..jpg,A gloved hand holds a COVID-19 vaccine vial against a bright yellow background.,,4245,2830,#A4BE4D,,,,,Maksim Goncharenok,,https://www.pexels.com/@maksgelatin,https://www.pexels.com/photo/a-person-holding-vaccine-bottle-5994831/,,https://images.pexels.com/photos/5994831/pexels-photo-5994831.jpeg?auto=compress&cs=tinysrgb&h=650&w=940,https://images.pexels.com/photos/5994831/pexels-photo-5994831.jpeg?auto=compress&cs=tinysrgb&h=130,https://images.pexels.com/photos/5994831/pexels-photo-5994831.jpeg,pexels,success,1.0,0.0,0.95,"['gloves', 'vaccination']",unknown,手戴蓝色手套，手中拿着一个标有'COVID-19疫苗'的小瓶，背景为黄色。,"```json
{
  ""has_people"": 1,
  ""has_protective_medical_staff"": 0,
  ""confidence"": 0.95,
  ""tags"": [""gloves"", ""vaccination""],
  ""reason"": ""手戴蓝色手套，手中拿着一个标有'COVID-19疫苗'的小瓶，背景为黄色。""
}
```",
5659225,covid 19,5659225_Close-up_of_a_face_mask_and_smartphone_displaying_COVID-19_text__highlighting_pandemic_themes..jpg,data/raw\5659225_Close-up_of_a_face_mask_and_smartphone_displaying_COVID-19_text__highlighting_pandemic_themes..jpg,"Close-up of a face mask and smartphone displaying COVID-19 text, highlighting pandemic themes.",,3999,2666,#A1893F,,,,,Markus Winkler,,https://www.pexels.com/@markus-winkler-1430818,https://www.pexels.com/photo/screen-of-a-cellphone-with-message-beside-surgical-face-mask-5659225/,,https://images.pexels.com/photos/5659225/pexels-photo-5659225.jpeg?auto=compress&cs=tinysrgb&h=650&w=940,https://images.pexels.com/photos/5659225/pexels-photo-5659225.jpeg?auto=compress&cs=tinysrgb&h=130,https://images.pexels.com/photos/5659225/pexels-photo-5659225.jpeg,pexels,success,0.0,0.0,0.95,"['mask', 'covid_sign']",unknown,图片中只有一副口罩和一个标有'COVID-19'的标志，没有显示任何人体或医务人员。,"```json
{
  ""has_people"": 0,
  ""has_protective_medical_staff"": 0,
  ""confidence"": 0.95,
  ""tags"": [""mask"", ""covid_sign""],
  ""reason"": ""图片中只有一副口罩和一个标有'COVID-19'的标志，没有显示任何人体或医务人员。""
}
```",
4108216,covid 19,4108216_Smartphone_displaying__Social_Distancing__text_against_bold_orange_background..jpg,data/raw\4108216_Smartphone_displaying__Social_Distancing__text_against_bold_orange_background..jpg,Smartphone displaying 'Social Distancing' text against bold orange background.,,3966,5949,#BE3F29,,,,,Polina Zimmerman,,https://www.pexels.com/@polina-zimmerman,https://www.pexels.com/photo/a-black-iphone-with-social-distancing-text-on-a-red-surface-4108216/,,https://images.pexels.com/photos/4108216/pexels-photo-4108216.jpeg?auto=compress&cs=tinysrgb&h=650&w=940,https://images.pexels.com/photos/4108216/pexels-photo-4108216.jpeg?auto=compress&cs=tinysrgb&h=130,https://images.pexels.com/photos/4108216/pexels-photo-4108216.jpeg,pexels,success,0.0,0.0,0.95,['social_distancing'],unknown,图片中没有出现任何人物或医疗人员，只有“社会距离”字样和手机屏幕上的“社会距离”字样。,"```json
{
  ""has_people"": 0,
  ""has_protective_medical_staff"": 0,
  ""confidence"": 0.95,
  ""tags"": [""social_distancing""],
  ""reason"": ""图片中没有出现任何人物或医疗人员，只有“社会距离”字样和手机屏幕上的“社会距离”字样。""
}
```",
11623570,covid 19,11623570_Gloved_hands_holding_globe_with_syringe_symbolizing_global_Covid-19_vaccination_efforts..jpg,data/raw\11623570_Gloved_hands_holding_globe_with_syringe_symbolizing_global_Covid-19_vaccination_efforts..jpg,Gloved hands holding globe with syringe symbolizing global Covid-19 vaccination efforts.,,3000,3800,#A4CEDE,,,,,adrian vieriu,,https://www.pexels.com/@printexstar,https://www.pexels.com/photo/doctor-hand-wearing-glove-injecting-syringe-of-coronavirus-vaccine-concept-syringe-of-vaccine-and-needle-planting-on-the-planet-earth-coronavirus-covid-19-11623570/,,https://images.pexels.com/photos/11623570/pexels-photo-11623570.jpeg?auto=compress&cs=tinysrgb&h=650&w=940,https://images.pexels.com/photos/11623570/pexels-photo-11623570.jpeg?auto=compress&cs=tinysrgb&h=130,https://images.pexels.com/photos/11623570/pexels-photo-11623570.jpeg,pexels,success,1.0,1.0,0.95,"['doctor', 'nurse', 'medical_staff', 'ppe', 'protective_suit', 'mask', 'face_shield', 'gloves']",unknown,图片中有穿着防护服的手套和口罩的人，正在用注射器向地球仪上注射疫苗，这表明有医务人员正在进行疫苗接种工作。,"```json
{
  ""has_people"": 1,
  ""has_protective_medical_staff"": 1,
  ""confidence"": 0.95,
  ""tags"": [""doctor"", ""nurse"", ""medical_staff"", ""ppe"", ""protective_suit"", ""mask"", ""face_shield"", ""gloves""],
  ""reason"": ""图片中有穿着防护服的手套和口罩的人，正在用注射器向地球仪上注射疫苗，这表明有医务人员正在进行疫苗接种工作。""
}
```",
3952232,covid 19,3952232_Lightbox_with_motivational_message_against_COVID-19_on_an_orange_background..jpg,data/raw\3952232_Lightbox_with_motivational_message_against_COVID-19_on_an_orange_background..jpg,Lightbox with motivational message against COVID-19 on an orange background.,,3879,5819,#D48468,,,,,cottonbro studio,,https://www.pexels.com/@cottonbro,https://www.pexels.com/photo/person-s-hand-on-a-covid19-sign-3952232/,,https://images.pexels.com/photos/3952232/pexels-photo-3952232.jpeg?auto=compress&cs=tinysrgb&h=650&w=940,https://images.pexels.com/photos/3952232/pexels-photo-3952232.jpeg?auto=compress&cs=tinysrgb&h=130,https://images.pexels.com/photos/3952232/pexels-photo-3952232.jpeg,pexels,success,1.0,0.0,0.95,"['ppe', 'mask', 'face_shield']",unknown,图片中有手握灯箱，灯箱上写着'NOT TODAY #COVID19'，这可能表示对疫情的抵抗或拒绝。,"```json
{
  ""has_people"": 1,
  ""has_protective_medical_staff"": 0,
  ""confidence"": 0.95,
  ""tags"": [""ppe"", ""mask"", ""face_shield""],
  ""reason"": ""图片中有手握灯箱，灯箱上写着'NOT TODAY #COVID19'，这可能表示对疫情的抵抗或拒绝。""
}
```",
11623569,covid 19,11623569_A_gloved_healthcare_professional_holds_a_COVID-19_vaccine_vial__emphasizing_protection_and_medical_care..jpg,data/raw\11623569_A_gloved_healthcare_professional_holds_a_COVID-19_vaccine_vial__emphasizing_protection_and_medical_care..jpg,"A gloved healthcare professional holds a COVID-19 vaccine vial, emphasizing protection and medical care.",,4800,3200,#80A3C1,,,,,adrian vieriu,,https://www.pexels.com/@printexstar,https://www.pexels.com/photo/covid-19-vaccine-medical-healthcare-nhs-technician-holding-make-the-heart-11623569/,,https://images.pexels.com/photos/11623569/pexels-photo-11623569.jpeg?auto=compress&cs=tinysrgb&h=650&w=940,https://images.pexels.com/photos/11623569/pexels-photo-11623569.jpeg?auto=compress&cs=tinysrgb&h=130,https://images.pexels.com/photos/11623569/pexels-photo-11623569.jpeg,pexels,success,1.0,1.0,0.95,"['medical_staff', 'ppe', 'mask', 'gloves']",unknown,图片中有穿着防护服和手套的人，符合医务人员的标准。,"```json
{
  ""has_people"": 1,
  ""has_protective_medical_staff"": 1,
  ""confidence"": 0.95,
  ""tags"": [""medical_staff"", ""ppe"", ""mask"", ""gloves""],
  ""reason"": ""图片中有穿着防护服和手套的人，符合医务人员的标准。""
}
```",
5921923,covid 19,5921923_Conceptual_image_of_COVID-19_awareness_with__STOP__message_on_a_yellow_background..jpg,data/raw\5921923_Conceptual_image_of_COVID-19_awareness_with__STOP__message_on_a_yellow_background..jpg,Conceptual image of COVID-19 awareness with 'STOP' message on a yellow background.,,4307,6460,#F3C84E,,,,,Thirdman,,https://www.pexels.com/@thirdman,https://www.pexels.com/photo/covid-19-text-5921923/,,https://images.pexels.com/photos/5921923/pexels-photo-5921923.jpeg?auto=compress&cs=tinysrgb&h=650&w=940,https://images.pexels.com/photos/5921923/pexels-photo-5921923.jpeg?auto=compress&cs=tinysrgb&h=130,https://images.pexels.com/photos/5921923/pexels-photo-5921923.jpeg,pexels,success,0.0,0.0,0.95,['covid_sign'],unknown,图片上显示了“COVID-19 STOP”的字样，这通常与公共卫生信息相关联。,"```json
{
  ""has_people"": 0,
  ""has_protective_medical_staff"": 0,
  ""confidence"": 0.95,
  ""tags"": [""covid_sign""],
  ""reason"": ""图片上显示了“COVID-19 STOP”的字样，这通常与公共卫生信息相关联。""
}
```",
3923173,covid 19,3923173_Hand_arranging_white_tablets_to_spell_COVID-19__emphasizing_pandemic_and_healthcare_themes..jpg,data/raw\3923173_Hand_arranging_white_tablets_to_spell_COVID-19__emphasizing_pandemic_and_healthcare_themes..jpg,"Hand arranging white tablets to spell COVID-19, emphasizing pandemic and healthcare themes.",,4000,6000,#A7A5A5,,,,,cottonbro studio,,https://www.pexels.com/@cottonbro,https://www.pexels.com/photo/pills-on-gray-background-3923173/,,https://images.pexels.com/photos/3923173/pexels-photo-3923173.jpeg?auto=compress&cs=tinysrgb&h=650&w=940,https://images.pexels.com/photos/3923173/pexels-photo-3923173.jpeg?auto=compress&cs=tinysrgb&h=130,https://images.pexels.com/photos/3923173/pexels-photo-3923173.jpeg,pexels,success,1.0,0.0,0.95,['covid_sign'],unknown,图片中有手在指向写着 'covid' 的白色药片，这可能表示对冠状病毒的担忧或关注。,"```json
{
  ""has_people"": 1,
  ""has_protective_medical_staff"": 0,
  ""confidence"": 0.95,
  ""tags"": [""covid_sign""],
  ""reason"": ""图片中有手在指向写着 'covid' 的白色药片，这可能表示对冠状病毒的担忧或关注。""
}
```",
3952231,covid 19,3952231_A_motivational_sign_reading__NOT_TODAY__COVID19__against_a_bright_orange_background__symbolizing_resilience..jpg,data/raw\3952231_A_motivational_sign_reading__NOT_TODAY__COVID19__against_a_bright_orange_background__symbolizing_resilience..jpg,"A motivational sign reading 'NOT TODAY #COVID19' against a bright orange background, symbolizing resilience.",,4000,6000,#D37E62,,,,,cottonbro studio,,https://www.pexels.com/@cottonbro,https://www.pexels.com/photo/not-today-covid19-sign-on-wooden-stool-3952231/,,https://images.pexels.com/photos/3952231/pexels-photo-3952231.jpeg?auto=compress&cs=tinysrgb&h=650&w=940,https://images.pexels.com/photos/3952231/pexels-photo-3952231.jpeg?auto=compress&cs=tinysrgb&h=130,https://images.pexels.com/photos/3952231/pexels-photo-3952231.jpeg,pexels,success,1.0,0.0,0.95,"['ppe', 'mask', 'face_shield']",unknown,图片中有手拿着一个标牌，标牌上写着'NOT TODAY #COVID19'，这表明有人在使用防护装备。,"```json
{
  ""has_people"": 1,
  ""has_protective_medical_staff"": 0,
  ""confidence"": 0.95,
  ""tags"": [""ppe"", ""mask"", ""face_shield""],
  ""reason"": ""图片中有手拿着一个标牌，标牌上写着'NOT TODAY #COVID19'，这表明有人在使用防护装备。""
}
```",
4072687,covid 19,4072687_Close-up_of_a_vintage_typewriter_with_COVID-19_text._Conceptual_image_of_pandemic_communication..jpg,data/raw\4072687_Close-up_of_a_vintage_typewriter_with_COVID-19_text._Conceptual_image_of_pandemic_communication..jpg,Close-up of a vintage typewriter with COVID-19 text. Conceptual image of pandemic communication.,,3999,2666,#6B7679,,,,,Markus Winkler,,https://www.pexels.com/@markus-winkler-1430818,https://www.pexels.com/photo/close-up-photo-of-a-vintage-typewriter-with-a-white-paper-4072687/,,https://images.pexels.com/photos/4072687/pexels-photo-4072687.jpeg?auto=compress&cs=tinysrgb&h=650&w=940,https://images.pexels.com/photos/4072687/pexels-photo-4072687.jpeg?auto=compress&cs=tinysrgb&h=130,https://images.pexels.com/photos/4072687/pexels-photo-4072687.jpeg,pexels,success,0.0,0.0,0.95,['covid_sign'],unknown,图片中只有一台打字机，没有显示任何人物或医疗人员。,"```json
{
  ""has_people"": 0,
  ""has_protective_medical_staff"": 0,
  ""confidence"": 0.95,
  ""tags"": [""covid_sign""],
  ""reason"": ""图片中只有一台打字机，没有显示任何人物或医疗人员。""
}
```",
5863303,covid 19,5863303_Healthcare_flatlay_featuring_COVID-19_vaccine_vials_and_syringe_on_a_pink_surface..jpg,data/raw\5863303_Healthcare_flatlay_featuring_COVID-19_vaccine_vials_and_syringe_on_a_pink_surface..jpg,Healthcare flatlay featuring COVID-19 vaccine vials and syringe on a pink surface.,,4160,6240,#DAABC5,,,,,Nataliya Vaitkevich,,https://www.pexels.com/@n-voitkevich,https://www.pexels.com/photo/covid-19-vaccine-5863303/,,https://images.pexels.com/photos/5863303/pexels-photo-5863303.jpeg?auto=compress&cs=tinysrgb&h=650&w=940,https://images.pexels.com/photos/5863303/pexels-photo-5863303.jpeg?auto=compress&cs=tinysrgb&h=130,https://images.pexels.com/photos/5863303/pexels-photo-5863303.jpeg,pexels,success,0.0,0.0,0.95,['vaccination'],unknown,图片中只包含疫苗瓶和注射器，没有出现人体或医务人员。,"```json
{
  ""has_people"": 0,
  ""has_protective_medical_staff"": 0,
  ""confidence"": 0.95,
  ""tags"": [""vaccination""],
  ""reason"": ""图片中只包含疫苗瓶和注射器，没有出现人体或医务人员。""
}
```",
4167562,covid 19,4167562_Two_healthcare_professionals_in_masks_and_gloves_holding_a_globe_with_a_COVID-19_label..jpg,data/raw\4167562_Two_healthcare_professionals_in_masks_and_gloves_holding_a_globe_with_a_COVID-19_label..jpg,Two healthcare professionals in masks and gloves holding a globe with a COVID-19 label.,,4160,6240,#AAABB2,,,,,Anna Shvets,,https://www.pexels.com/@shvetsa,https://www.pexels.com/photo/people-with-face-masks-and-latex-gloves-holding-a-globe-4167562/,,https://images.pexels.com/photos/4167562/pexels-photo-4167562.jpeg?auto=compress&cs=tinysrgb&h=650&w=940,https://images.pexels.com/photos/4167562/pexels-photo-4167562.jpeg?auto=compress&cs=tinysrgb&h=130,https://images.pexels.com/photos/4167562/pexels-photo-4167562.jpeg,pexels,success,1.0,1.0,0.95,"['doctor', 'nurse', 'medical_staff', 'ppe', 'protective_suit', 'mask', 'face_shield', 'gloves']",unknown,两位穿着防护服和口罩的人员手持一个标有'COVID-19'的地球仪，表明他们可能是医务人员。,"```json
{
  ""has_people"": 1,
  ""has_protective_medical_staff"": 1,
  ""confidence"": 0.95,
  ""tags"": [""doctor"", ""nurse"", ""medical_staff"", ""ppe"", ""protective_suit"", ""mask"", ""face_shield"", ""gloves""],
  ""reason"": ""两位穿着防护服和口罩的人员手持一个标有'COVID-19'的地球仪，表明他们可能是医务人员。""
}
```",
5878502,covid 19,5878502_COVID-19_vaccine_vial_displayed_on_a_blue_background__symbolizing_hope_and_health..jpg,data/raw\5878502_COVID-19_vaccine_vial_displayed_on_a_blue_background__symbolizing_hope_and_health..jpg,"COVID-19 vaccine vial displayed on a blue background, symbolizing hope and health.",,2160,3840,#66C9ED,,,,,Artem Podrez,,https://www.pexels.com/@artempodrez,https://www.pexels.com/photo/a-covid-19-vaccine-vial-on-blue-background-5878502/,,https://images.pexels.com/photos/5878502/pexels-photo-5878502.jpeg?auto=compress&cs=tinysrgb&h=650&w=940,https://images.pexels.com/photos/5878502/pexels-photo-5878502.jpeg?auto=compress&cs=tinysrgb&h=130,https://images.pexels.com/photos/5878502/pexels-photo-5878502.jpeg,pexels,success,0.0,0.0,0.95,['vaccination'],unknown,图片中只有一个疫苗瓶，没有显示任何人体或医务人员。,"```json
{
  ""has_people"": 0,
  ""has_protective_medical_staff"": 0,
  ""confidence"": 0.95,
  ""tags"": [""vaccination""],
  ""reason"": ""图片中只有一个疫苗瓶，没有显示任何人体或医务人员。""
}
```",
4108272,covid 19,4108272_Inspirational_text_with_rainbow_reflection_encouraging_resilience_during_pandemic..jpg,data/raw\4108272_Inspirational_text_with_rainbow_reflection_encouraging_resilience_during_pandemic..jpg,Inspirational text with rainbow reflection encouraging resilience during pandemic.,,3815,5722,#A7999B,,,,,Polina Zimmerman,,https://www.pexels.com/@polina-zimmerman,https://www.pexels.com/photo/covid-19-related-text-on-white-wall-with-rainbow-light-4108272/,,https://images.pexels.com/photos/4108272/pexels-photo-4108272.jpeg?auto=compress&cs=tinysrgb&h=650&w=940,https://images.pexels.com/photos/4108272/pexels-photo-4108272.jpeg?auto=compress&cs=tinysrgb&h=130,https://images.pexels.com/photos/4108272/pexels-photo-4108272.jpeg,pexels,success,0.0,0.0,0.95,['coronavirus'],unknown,图片中没有显示任何人物或医疗人员，也没有明显的防护装备。,"```json
{
  ""has_people"": 0,
  ""has_protective_medical_staff"": 0,
  ""confidence"": 0.95,
  ""tags"": [""coronavirus""],
  ""reason"": ""图片中没有显示任何人物或医疗人员，也没有明显的防护装备。""
}
```",
5994837,covid 19,5994837_Blue_gloved_hand_holding_a_COVID-19_vaccine_vial_with_yellow_background__highlighting_vaccination..jpg,data/raw\5994837_Blue_gloved_hand_holding_a_COVID-19_vaccine_vial_with_yellow_background__highlighting_vaccination..jpg,"Blue gloved hand holding a COVID-19 vaccine vial with yellow background, highlighting vaccination.",,5599,3733,#C5BF22,,,,,Maksim Goncharenok,,https://www.pexels.com/@maksgelatin,https://www.pexels.com/photo/person-holding-a-covid-vaccine-5994837/,,https://images.pexels.com/photos/5994837/pexels-photo-5994837.jpeg?auto=compress&cs=tinysrgb&h=650&w=940,https://images.pexels.com/photos/5994837/pexels-photo-5994837.jpeg?auto=compress&cs=tinysrgb&h=130,https://images.pexels.com/photos/5994837/pexels-photo-5994837.jpeg,pexels,success,1.0,0.0,0.95,"['gloves', 'vaccination']",unknown,图片中有一只戴着蓝色手套的手拿着一个疫苗瓶，背景是黄色的。手套和疫苗瓶都与医疗相关，因此可以推断出这是在进行疫苗接种或展示疫苗的情景。,"```json
{
  ""has_people"": 1,
  ""has_protective_medical_staff"": 0,
  ""confidence"": 0.95,
  ""tags"": [""gloves"", ""vaccination""],
  ""reason"": ""图片中有一只戴着蓝色手套的手拿着一个疫苗瓶，背景是黄色的。手套和疫苗瓶都与医疗相关，因此可以推断出这是在进行疫苗接种或展示疫苗的情景。""
}
```",
5878500,covid 19,5878500_A_COVID-19_vaccine_vial_isolated_on_a_vibrant_blue_background__symbolizing_hope_and_health..jpg,data/raw\5878500_A_COVID-19_vaccine_vial_isolated_on_a_vibrant_blue_background__symbolizing_hope_and_health..jpg,"A COVID-19 vaccine vial isolated on a vibrant blue background, symbolizing hope and health.",,2160,3840,#20B6F0,,,,,Artem Podrez,,https://www.pexels.com/@artempodrez,https://www.pexels.com/photo/a-vaccine-vial-on-blue-background-5878500/,,https://images.pexels.com/photos/5878500/pexels-photo-5878500.jpeg?auto=compress&cs=tinysrgb&h=650&w=940,https://images.pexels.com/photos/5878500/pexels-photo-5878500.jpeg?auto=compress&cs=tinysrgb&h=130,https://images.pexels.com/photos/5878500/pexels-photo-5878500.jpeg,pexels,success,0.0,0.0,0.95,['vaccination'],unknown,图片中只有一个疫苗瓶，没有显示任何人体或医务人员。,"```json
{
  ""has_people"": 0,
  ""has_protective_medical_staff"": 0,
  ""confidence"": 0.95,
  ""tags"": [""vaccination""],
  ""reason"": ""图片中只有一个疫苗瓶，没有显示任何人体或医务人员。""
}
```",
3923156,covid 19,3923156_Hand_arranging_pills_spelling__COVID-19__on_a_gray_background__depicting_healthcare_theme..jpg,data/raw\3923156_Hand_arranging_pills_spelling__COVID-19__on_a_gray_background__depicting_healthcare_theme..jpg,"Hand arranging pills spelling 'COVID-19' on a gray background, depicting healthcare theme.",,5698,3799,#ABAAAA,,,,,cottonbro studio,,https://www.pexels.com/@cottonbro,https://www.pexels.com/photo/pills-on-gray-background-3923156/,,https://images.pexels.com/photos/3923156/pexels-photo-3923156.jpeg?auto=compress&cs=tinysrgb&h=650&w=940,https://images.pexels.com/photos/3923156/pexels-photo-3923156.jpeg?auto=compress&cs=tinysrgb&h=130,https://images.pexels.com/photos/3923156/pexels-photo-3923156.jpeg,pexels,success,1.0,0.0,0.95,"['ppe', 'mask']",unknown,图片中有手正在放置白色药片，形成'COVID-19'字样，这可能代表了医疗相关的元素。,"```json
{
  ""has_people"": 1,
  ""has_protective_medical_staff"": 0,
  ""confidence"": 0.95,
  ""tags"": [""ppe"", ""mask""],
  ""reason"": ""图片中有手正在放置白色药片，形成'COVID-19'字样，这可能代表了医疗相关的元素。""
}
```",
4108297,covid 19,4108297_A_motivational_message_against_coronavirus_displayed_on_a_wall_with_artistic_lighting..jpg,data/raw\4108297_A_motivational_message_against_coronavirus_displayed_on_a_wall_with_artistic_lighting..jpg,A motivational message against coronavirus displayed on a wall with artistic lighting.,,4009,6013,#514136,,,,,Polina Zimmerman,,https://www.pexels.com/@polina-zimmerman,https://www.pexels.com/photo/white-paper-with-black-text-on-the-wall-4108297/,,https://images.pexels.com/photos/4108297/pexels-photo-4108297.jpeg?auto=compress&cs=tinysrgb&h=650&w=940,https://images.pexels.com/photos/4108297/pexels-photo-4108297.jpeg?auto=compress&cs=tinysrgb&h=130,https://images.pexels.com/photos/4108297/pexels-photo-4108297.jpeg,pexels,success,0.0,0.0,0.95,['coronavirus'],unknown,图像中没有可见的人类或医疗人员，只有一个写着'我们将会在冠状病毒中生存'的文本。,"```json
{
  ""has_people"": 0,
  ""has_protective_medical_staff"": 0,
  ""confidence"": 0.95,
  ""tags"": [""coronavirus""],
  ""reason"": ""图像中没有可见的人类或医疗人员，只有一个写着'我们将会在冠状病毒中生存'的文本。""
}
```",
5878483,covid 19,5878483_A_close-up_of_a_vaccine_vial_held_by_a_gloved_hand_under_red_lighting__conveying_medical_research..jpg,data/raw\5878483_A_close-up_of_a_vaccine_vial_held_by_a_gloved_hand_under_red_lighting__conveying_medical_research..jpg,"A close-up of a vaccine vial held by a gloved hand under red lighting, conveying medical research.",,2160,3840,#D89093,,,,,Artem Podrez,,https://www.pexels.com/@artempodrez,https://www.pexels.com/photo/person-holding-a-vaccine-vial-5878483/,,https://images.pexels.com/photos/5878483/pexels-photo-5878483.jpeg?auto=compress&cs=tinysrgb&h=650&w=940,https://images.pexels.com/photos/5878483/pexels-photo-5878483.jpeg?auto=compress&cs=tinysrgb&h=130,https://images.pexels.com/photos/5878483/pexels-photo-5878483.jpeg,pexels,success,,,,[],,,!!!!!!!!!!!!!!!!!!!!!!!!!!!!!!!!!!!!!!!!!!!!!!!!!!!!!!!!!!!!!!!!!!!!!!!!!!!!!!!!!!!!!!!!!!!!!!!!!!!!!!!!!!!!!!!!!!!!!!!!!!!!!!!!!!!!!!!!!!!!!!!!!!!!!!!!!!!!!!!!!!!!!!!!!!!!!!!!!!!!!!!!!!!!!!!!!!!!!!!!!!!!!!!!!!!!!!!!!!!!!!!!!!!!!!!!!!!!!!!!!!!!!!!!!!!!!!!!,未找到有效 JSON。原始输出: !!!!!!!!!!!!!!!!!!!!!!!!!!!!!!!!!!!!!!!!!!!!!!!!!!!!!!!!!!!!!!!!!!!!!!!!!!!!!!!!!!!!!!!!!!!!!!!!!!!!!!!!!!!!!!!!!!!!!!!!!!!!!!!!!!!!!!!!!!!!!!!!!!!!!!!!!!!!!!!!!!!!!!!!!!!!!!!!!!!!!!!!!!!!!!!!!!!!!!!!!!!!!!!!!!!!!!!!!!!!!!!!!!!!!!!!!!!!!!!!!!!!!!!!!!!!!!!!
5994793,covid 19,5994793_Vaccine_and_syringe_on_a_blue_backdrop__representing_COVID-19_immunization_and_prevention..jpg,data/raw\5994793_Vaccine_and_syringe_on_a_blue_backdrop__representing_COVID-19_immunization_and_prevention..jpg,"Vaccine and syringe on a blue backdrop, representing COVID-19 immunization and prevention.",,4181,6271,#43C4E4,,,,,Maksim Goncharenok,,https://www.pexels.com/@maksgelatin,https://www.pexels.com/photo/photo-of-a-syringe-and-covid-vaccine-5994793/,,https://images.pexels.com/photos/5994793/pexels-photo-5994793.jpeg?auto=compress&cs=tinysrgb&h=650&w=940,https://images.pexels.com/photos/5994793/pexels-photo-5994793.jpeg?auto=compress&cs=tinysrgb&h=130,https://images.pexels.com/photos/5994793/pexels-photo-5994793.jpeg,pexels,success,0.0,0.0,0.95,['vaccination'],unknown,图片中只有一个疫苗瓶和注射器，没有出现任何人体或医务人员。,"```json
{
  ""has_people"": 0,
  ""has_protective_medical_staff"": 0,
  ""confidence"": 0.95,
  ""tags"": [""vaccination""],
  ""reason"": ""图片中只有一个疫苗瓶和注射器，没有出现任何人体或医务人员。""
}
```",
5878512,covid 19,5878512_Vial_of_the_COVID-19_vaccine_labeled_2019-nCoV_on_a_vibrant_blue_and_red_background..jpg,data/raw\5878512_Vial_of_the_COVID-19_vaccine_labeled_2019-nCoV_on_a_vibrant_blue_and_red_background..jpg,Vial of the COVID-19 vaccine labeled 2019-nCoV on a vibrant blue and red background.,,6094,3428,#2487C9,,,,,Artem Podrez,,https://www.pexels.com/@artempodrez,https://www.pexels.com/photo/a-close-up-view-of-a-covid-19-vaccine-vial-on-blue-background-5878512/,,https://images.pexels.com/photos/5878512/pexels-photo-5878512.jpeg?auto=compress&cs=tinysrgb&h=650&w=940,https://images.pexels.com/photos/5878512/pexels-photo-5878512.jpeg?auto=compress&cs=tinysrgb&h=130,https://images.pexels.com/photos/5878512/pexels-photo-5878512.jpeg,pexels,success,0.0,0.0,0.95,['vaccination'],unknown,图片中只有一个疫苗瓶，没有显示任何人体或医务人员。,"```json
{
  ""has_people"": 0,
  ""has_protective_medical_staff"": 0,
  ""confidence"": 0.95,
  ""tags"": [""vaccination""],
  ""reason"": ""图片中只有一个疫苗瓶，没有显示任何人体或医务人员。""
}
```",
4031504,covid 19,4031504_Medical_professional_holding_Covid-19_blood_test_sample_in_laboratory__highlighting_healthcare_research..jpg,data/raw\4031504_Medical_professional_holding_Covid-19_blood_test_sample_in_laboratory__highlighting_healthcare_research..jpg,"Medical professional holding Covid-19 blood test sample in laboratory, highlighting healthcare research.",,8256,5504,#A9ADBA,,,,,Edward Jenner,,https://www.pexels.com/@edward-jenner,https://www.pexels.com/photo/person-holding-a-covid-19-blood-test-4031504/,,https://images.pexels.com/photos/4031504/pexels-photo-4031504.jpeg?auto=compress&cs=tinysrgb&h=650&w=940,https://images.pexels.com/photos/4031504/pexels-photo-4031504.jpeg?auto=compress&cs=tinysrgb&h=130,https://images.pexels.com/photos/4031504/pexels-photo-4031504.jpeg,pexels,success,1.0,0.0,0.95,"['gloves', 'testing']",unknown,图片中有一只戴着蓝色手套的手拿着一个标有“Covid-19 血液测试”的试管，这表明有人正在进行某种检测。,"```json
{
  ""has_people"": 1,
  ""has_protective_medical_staff"": 0,
  ""confidence"": 0.95,
  ""tags"": [""gloves"", ""testing""],
  ""reason"": ""图片中有一只戴着蓝色手套的手拿着一个标有“Covid-19 血液测试”的试管，这表明有人正在进行某种检测。""
}
```",
6074944,covid 19,6074944_Background_of_similar_ampoules_with_COVID_19_vaccine_placed_on_table_under_neon_purple_light.jpg,data/raw\6074944_Background_of_similar_ampoules_with_COVID_19_vaccine_placed_on_table_under_neon_purple_light.jpg,Background of similar ampoules with COVID 19 vaccine placed on table under neon purple light,,6240,4160,#C29BF6,,,,,Alena Shekhovtcova,,https://www.pexels.com/@alena-shekhovtcova,https://www.pexels.com/photo/anti-coronavirus-vaccine-in-small-bottles-placed-on-purple-surface-6074944/,,https://images.pexels.com/photos/6074944/pexels-photo-6074944.jpeg?auto=compress&cs=tinysrgb&h=650&w=940,https://images.pexels.com/photos/6074944/pexels-photo-6074944.jpeg?auto=compress&cs=tinysrgb&h=130,https://images.pexels.com/photos/6074944/pexels-photo-6074944.jpeg,pexels,success,0.0,0.0,0.95,['vaccination'],unknown,图片中显示的是疫苗瓶，没有出现任何人体或医务人员。,"```json
{
  ""has_people"": 0,
  ""has_protective_medical_staff"": 0,
  ""confidence"": 0.95,
  ""tags"": [""vaccination""],
  ""reason"": ""图片中显示的是疫苗瓶，没有出现任何人体或医务人员。""
}
```",
5878516,covid 19,5878516_Close-up_of_a_COVID-19_vaccine_vial_on_a_vibrant_blue_and_pink_background..jpg,data/raw\5878516_Close-up_of_a_COVID-19_vaccine_vial_on_a_vibrant_blue_and_pink_background..jpg,Close-up of a COVID-19 vaccine vial on a vibrant blue and pink background.,,6103,3433,#3C97F4,,,,,Artem Podrez,,https://www.pexels.com/@artempodrez,https://www.pexels.com/photo/a-close-up-view-of-a-covid-19-vaccine-vial-on-blue-background-5878516/,,https://images.pexels.com/photos/5878516/pexels-photo-5878516.jpeg?auto=compress&cs=tinysrgb&h=650&w=940,https://images.pexels.com/photos/5878516/pexels-photo-5878516.jpeg?auto=compress&cs=tinysrgb&h=130,https://images.pexels.com/photos/5878516/pexels-photo-5878516.jpeg,pexels,success,0.0,0.0,0.95,['vaccination'],unknown,图片中只显示了一个疫苗瓶，没有出现任何人物或医务人员。,"```json
{
  ""has_people"": 0,
  ""has_protective_medical_staff"": 0,
  ""confidence"": 0.95,
  ""tags"": [""vaccination""],
  ""reason"": ""图片中只显示了一个疫苗瓶，没有出现任何人物或医务人员。""
}
```",
5994829,covid 19,5994829_Close-up_of_COVID-19_vaccine_vials_arranged_on_a_vibrant_red_background..jpg,data/raw\5994829_Close-up_of_COVID-19_vaccine_vials_arranged_on_a_vibrant_red_background..jpg,Close-up of COVID-19 vaccine vials arranged on a vibrant red background.,,6553,4369,#D04D48,,,,,Maksim Goncharenok,,https://www.pexels.com/@maksgelatin,https://www.pexels.com/photo/covid-vaccines-on-red-background-5994829/,,https://images.pexels.com/photos/5994829/pexels-photo-5994829.jpeg?auto=compress&cs=tinysrgb&h=650&w=940,https://images.pexels.com/photos/5994829/pexels-photo-5994829.jpeg?auto=compress&cs=tinysrgb&h=130,https://images.pexels.com/photos/5994829/pexels-photo-5994829.jpeg,pexels,success,0.0,0.0,0.95,['vaccination'],unknown,图片中没有显示任何人物或医疗人员，所有内容都是疫苗瓶。,"```json
{
  ""has_people"": 0,
  ""has_protective_medical_staff"": 0,
  ""confidence"": 0.95,
  ""tags"": [""vaccination""],
  ""reason"": ""图片中没有显示任何人物或医疗人员，所有内容都是疫苗瓶。""
}
```",
5995264,covid 19,5995264_Hands_in_gloves_holding_COVID-19_vaccine_and_test_vial_on_green_background..jpg,data/raw\5995264_Hands_in_gloves_holding_COVID-19_vaccine_and_test_vial_on_green_background..jpg,Hands in gloves holding COVID-19 vaccine and test vial on green background.,,6720,4480,#097F7D,,,,,Maksim Goncharenok,,https://www.pexels.com/@maksgelatin,https://www.pexels.com/photo/a-person-holding-a-vaccine-bottle-5995264/,,https://images.pexels.com/photos/5995264/pexels-photo-5995264.jpeg?auto=compress&cs=tinysrgb&h=650&w=940,https://images.pexels.com/photos/5995264/pexels-photo-5995264.jpeg?auto=compress&cs=tinysrgb&h=130,https://images.pexels.com/photos/5995264/pexels-photo-5995264.jpeg,pexels,success,1.0,0.0,0.95,"['nurse', 'gloves']",unknown,图片中有手套和疫苗瓶，暗示有医务人员在操作疫苗。,"```json
{
  ""has_people"": 1,
  ""has_protective_medical_staff"": 0,
  ""confidence"": 0.95,
  ""tags"": [""nurse"", ""gloves""],
  ""reason"": ""图片中有手套和疫苗瓶，暗示有医务人员在操作疫苗。""
}
```",
5995057,covid 19,5995057_Face_mask_with_COVID-19_vaccine_vial_on_blue_background_symbolizing_health_safety..jpg,data/raw\5995057_Face_mask_with_COVID-19_vaccine_vial_on_blue_background_symbolizing_health_safety..jpg,Face mask with COVID-19 vaccine vial on blue background symbolizing health safety.,,6525,4350,#17B0E4,,,,,Maksim Goncharenok,,https://www.pexels.com/@maksgelatin,https://www.pexels.com/photo/face-mask-and-a-bottle-of-covid-19-vaccine-5995057/,,https://images.pexels.com/photos/5995057/pexels-photo-5995057.jpeg?auto=compress&cs=tinysrgb&h=650&w=940,https://images.pexels.com/photos/5995057/pexels-photo-5995057.jpeg?auto=compress&cs=tinysrgb&h=130,https://images.pexels.com/photos/5995057/pexels-photo-5995057.jpeg,pexels,success,0.0,0.0,0.95,['vaccination'],unknown,图片中有一个口罩和疫苗瓶，通常与疫苗接种相关联。,"```json
{
  ""has_people"": 0,
  ""has_protective_medical_staff"": 0,
  ""confidence"": 0.95,
  ""tags"": [""vaccination""],
  ""reason"": ""图片中有一个口罩和疫苗瓶，通常与疫苗接种相关联。""
}
```",
5994825,covid 19,5994825_Medical_professional_hand_wearing_glove_holding_COVID-19_vaccine_vial_against_blue_background.jpg,data/raw\5994825_Medical_professional_hand_wearing_glove_holding_COVID-19_vaccine_vial_against_blue_background.jpg,Medical professional hand wearing glove holding COVID-19 vaccine vial against blue background,,6408,4272,#7AC2D4,,,,,Maksim Goncharenok,,https://www.pexels.com/@maksgelatin,https://www.pexels.com/photo/person-holding-white-and-red-labeled-vial-5994825/,,https://images.pexels.com/photos/5994825/pexels-photo-5994825.jpeg?auto=compress&cs=tinysrgb&h=650&w=940,https://images.pexels.com/photos/5994825/pexels-photo-5994825.jpeg?auto=compress&cs=tinysrgb&h=130,https://images.pexels.com/photos/5994825/pexels-photo-5994825.jpeg,pexels,success,1.0,1.0,0.95,"['doctor', 'ppe', 'gloves']",unknown,图片中显示了一只戴着蓝色手套的手，背景是浅蓝色，手套上标有“COVID-19疫苗注射剂”的字样，这表明该手可能属于一名医务人员，穿着防护服。,"```json
{
  ""has_people"": 1,
  ""has_protective_medical_staff"": 1,
  ""confidence"": 0.95,
  ""tags"": [""doctor"", ""ppe"", ""gloves""],
  ""reason"": ""图片中显示了一只戴着蓝色手套的手，背景是浅蓝色，手套上标有“COVID-19疫苗注射剂”的字样，这表明该手可能属于一名医务人员，穿着防护服。""
}
```",
5995155,covid 19,5995155_A_detailed_view_of_COVID-19_vaccine_vials_arranged_diagonally_on_a_blue_surface..jpg,data/raw\5995155_A_detailed_view_of_COVID-19_vaccine_vials_arranged_diagonally_on_a_blue_surface..jpg,A detailed view of COVID-19 vaccine vials arranged diagonally on a blue surface.,,4428,6642,#A9C5CF,,,,,Maksim Goncharenok,,https://www.pexels.com/@maksgelatin,https://www.pexels.com/photo/a-close-up-shot-of-covid-19-vaccine-vials-5995155/,,https://images.pexels.com/photos/5995155/pexels-photo-5995155.jpeg?auto=compress&cs=tinysrgb&h=650&w=940,https://images.pexels.com/photos/5995155/pexels-photo-5995155.jpeg?auto=compress&cs=tinysrgb&h=130,https://images.pexels.com/photos/5995155/pexels-photo-5995155.jpeg,pexels,success,0.0,0.0,0.95,"['vaccination', 'covid_sign']",unknown,图片中没有显示任何人物或医疗人员，因此没有穿防护服的医务人员。,"```json
{
  ""has_people"": 0,
  ""has_protective_medical_staff"": 0,
  ""confidence"": 0.95,
  ""tags"": [""vaccination"", ""covid_sign""],
  ""reason"": ""图片中没有显示任何人物或医疗人员，因此没有穿防护服的医务人员。""
}
```",
5995265,covid 19,5995265_A_gloved_hand_holding_a_COVID-19_vaccine_vial_on_a_green_background__offering_copy_space..jpg,data/raw\5995265_A_gloved_hand_holding_a_COVID-19_vaccine_vial_on_a_green_background__offering_copy_space..jpg,"A gloved hand holding a COVID-19 vaccine vial on a green background, offering copy space.",,6672,4448,#0F8D77,,,,,Maksim Goncharenok,,https://www.pexels.com/@maksgelatin,https://www.pexels.com/photo/a-person-holding-a-vaccine-bottle-5995265/,,https://images.pexels.com/photos/5995265/pexels-photo-5995265.jpeg?auto=compress&cs=tinysrgb&h=650&w=940,https://images.pexels.com/photos/5995265/pexels-photo-5995265.jpeg?auto=compress&cs=tinysrgb&h=130,https://images.pexels.com/photos/5995265/pexels-photo-5995265.jpeg,pexels,success,1.0,0.0,0.95,"['ppe', 'gloves']",unknown,手部戴着蓝色手套，背景为绿色，可能代表疫苗接种场景。,"```json
{
  ""has_people"": 1,
  ""has_protective_medical_staff"": 0,
  ""confidence"": 0.95,
  ""tags"": [""ppe"", ""gloves""],
  ""reason"": ""手部戴着蓝色手套，背景为绿色，可能代表疫苗接种场景。""
}
```",
5994638,covid 19,5994638_Flat_lay_of_various_pills_and_COVID-19_vaccine_vial_on_a_vibrant_red_surface..jpg,data/raw\5994638_Flat_lay_of_various_pills_and_COVID-19_vaccine_vial_on_a_vibrant_red_surface..jpg,Flat lay of various pills and COVID-19 vaccine vial on a vibrant red surface.,,4253,6379,#CE241F,,,,,Maksim Goncharenok,,https://www.pexels.com/@maksgelatin,https://www.pexels.com/photo/a-covid-19-vaccine-and-medication-pills-5994638/,,https://images.pexels.com/photos/5994638/pexels-photo-5994638.jpeg?auto=compress&cs=tinysrgb&h=650&w=940,https://images.pexels.com/photos/5994638/pexels-photo-5994638.jpeg?auto=compress&cs=tinysrgb&h=130,https://images.pexels.com/photos/5994638/pexels-photo-5994638.jpeg,pexels,success,0.0,0.0,0.95,"['vaccination', 'covid_sign']",unknown,图片中没有出现人物或医务人员，主要展示的是疫苗和药物。,"```json
{
  ""has_people"": 0,
  ""has_protective_medical_staff"": 0,
  ""confidence"": 0.95,
  ""tags"": [""vaccination"", ""covid_sign""],
  ""reason"": ""图片中没有出现人物或医务人员，主要展示的是疫苗和药物。""
}
```",
6074933,covid 19,6074933_From_above_set_of_transparent_glass_ampoules_with_COVID_19_vaccine_placed_on_pink_table.jpg,data/raw\6074933_From_above_set_of_transparent_glass_ampoules_with_COVID_19_vaccine_placed_on_pink_table.jpg,From above set of transparent glass ampoules with COVID 19 vaccine placed on pink table,,3151,2100,#E19DBE,,,,,Alena Shekhovtcova,,https://www.pexels.com/@alena-shekhovtcova,https://www.pexels.com/photo/coronavirus-vaccine-in-glass-ampoules-on-pink-surface-6074933/,,https://images.pexels.com/photos/6074933/pexels-photo-6074933.jpeg?auto=compress&cs=tinysrgb&h=650&w=940,https://images.pexels.com/photos/6074933/pexels-photo-6074933.jpeg?auto=compress&cs=tinysrgb&h=130,https://images.pexels.com/photos/6074933/pexels-photo-6074933.jpeg,pexels,success,0.0,0.0,0.95,['vaccination'],unknown,图片中显示的是疫苗瓶，没有出现人物或医务人员。,"```json
{
  ""has_people"": 0,
  ""has_protective_medical_staff"": 0,
  ""confidence"": 0.95,
  ""tags"": [""vaccination""],
  ""reason"": ""图片中显示的是疫苗瓶，没有出现人物或医务人员。""
}
```",
5862314,covid 19,5862314_Creative_concept_showing_a_gloved_hand_and_syringe_with_the_text__COVID-19_Stopper__on_a_pink_background..jpg,data/raw\5862314_Creative_concept_showing_a_gloved_hand_and_syringe_with_the_text__COVID-19_Stopper__on_a_pink_background..jpg,Creative concept showing a gloved hand and syringe with the text 'COVID-19 Stopper' on a pink background.,,6701,4467,#EBBCC9,,,,,Thirdman,,https://www.pexels.com/@thirdman,https://www.pexels.com/photo/covid-19-stopper-text-on-pink-background-5862314/,,https://images.pexels.com/photos/5862314/pexels-photo-5862314.jpeg?auto=compress&cs=tinysrgb&h=650&w=940,https://images.pexels.com/photos/5862314/pexels-photo-5862314.jpeg?auto=compress&cs=tinysrgb&h=130,https://images.pexels.com/photos/5862314/pexels-photo-5862314.jpeg,pexels,success,1.0,0.0,0.95,"['gloves', 'covid_sign']",unknown,图片中有一只戴着蓝色手套的手指向注射器，背景上有“COVID-19 STOPPER”的字样，这可能与疫苗接种或疫情防控有关。,"```json
{
  ""has_people"": 1,
  ""has_protective_medical_staff"": 0,
  ""confidence"": 0.95,
  ""tags"": [""gloves"", ""covid_sign""],
  ""reason"": ""图片中有一只戴着蓝色手套的手指向注射器，背景上有“COVID-19 STOPPER”的字样，这可能与疫苗接种或疫情防控有关。""
}
```",
3992933,covid 19,3992933_Detailed_3D_representation_of_the_coronavirus_structure_highlighting_spike_proteins..jpg,data/raw\3992933_Detailed_3D_representation_of_the_coronavirus_structure_highlighting_spike_proteins..jpg,Detailed 3D representation of the coronavirus structure highlighting spike proteins.,,4000,2250,#DAC6C5,,,,,CDC,,https://www.pexels.com/@cdc-library,https://www.pexels.com/photo/coronavirus-3992933/,,https://images.pexels.com/photos/3992933/pexels-photo-3992933.jpeg?auto=compress&cs=tinysrgb&h=650&w=940,https://images.pexels.com/photos/3992933/pexels-photo-3992933.jpeg?auto=compress&cs=tinysrgb&h=130,https://images.pexels.com/photos/3992933/pexels-photo-3992933.jpeg,pexels,success,0.0,0.0,0.95,"['virus', 'covid_sign']",unknown,图像显示的是一个冠状病毒的结构图，没有显示任何人类或医务人员。,"```json
{
  ""has_people"": 0,
  ""has_protective_medical_staff"": 0,
  ""confidence"": 0.95,
  ""tags"": [""virus"", ""covid_sign""],
  ""reason"": ""图像显示的是一个冠状病毒的结构图，没有显示任何人类或医务人员。""
}
```",
11624055,covid 19,11624055_Close-up_of_a_passport_with_a_COVID-19_QR_code_and_surgical_mask__representing_travel_during_the_pandemic..jpg,data/raw\11624055_Close-up_of_a_passport_with_a_COVID-19_QR_code_and_surgical_mask__representing_travel_during_the_pandemic..jpg,"Close-up of a passport with a COVID-19 QR code and surgical mask, representing travel during the pandemic.",,4800,3200,#B4A9B9,,,,,adrian vieriu,,https://www.pexels.com/@printexstar,https://www.pexels.com/photo/a-covid-19-qr-code-in-a-passport-11624055/,,https://images.pexels.com/photos/11624055/pexels-photo-11624055.jpeg?auto=compress&cs=tinysrgb&h=650&w=940,https://images.pexels.com/photos/11624055/pexels-photo-11624055.jpeg?auto=compress&cs=tinysrgb&h=130,https://images.pexels.com/photos/11624055/pexels-photo-11624055.jpeg,pexels,success,0.0,0.0,0.95,"['passport', 'covid-19']",unknown,图片中只有一本护照和一张带有'COVID-19'标签的纸张，没有显示任何人体或医务人员。,"```json
{
  ""has_people"": 0,
  ""has_protective_medical_staff"": 0,
  ""confidence"": 0.95,
  ""tags"": [""passport"", ""covid-19""],
  ""reason"": ""图片中只有一本护照和一张带有'COVID-19'标签的纸张，没有显示任何人体或医务人员。""
}
```",
5863302,covid 19,5863302_Close-up_of_COVID-19_vaccine_vials_on_a_pink_surface__symbolizing_healthcare_and_immunization..jpg,data/raw\5863302_Close-up_of_COVID-19_vaccine_vials_on_a_pink_surface__symbolizing_healthcare_and_immunization..jpg,"Close-up of COVID-19 vaccine vials on a pink surface, symbolizing healthcare and immunization.",,5261,3507,#E0AFD5,,,,,Nataliya Vaitkevich,,https://www.pexels.com/@n-voitkevich,https://www.pexels.com/photo/2019-n-cov-vaccine-5863302/,,https://images.pexels.com/photos/5863302/pexels-photo-5863302.jpeg?auto=compress&cs=tinysrgb&h=650&w=940,https://images.pexels.com/photos/5863302/pexels-photo-5863302.jpeg?auto=compress&cs=tinysrgb&h=130,https://images.pexels.com/photos/5863302/pexels-photo-5863302.jpeg,pexels,success,0.0,0.0,0.95,['vaccination'],unknown,图片中只有一瓶疫苗，没有显示任何人员或防护装备。,"```json
{
  ""has_people"": 0,
  ""has_protective_medical_staff"": 0,
  ""confidence"": 0.95,
  ""tags"": [""vaccination""],
  ""reason"": ""图片中只有一瓶疫苗，没有显示任何人员或防护装备。""
}
```",
5878503,covid 19,5878503_Close-up_of_a_COVID-19_vaccine_vial_with_red_cap_on_a_blue_background..jpg,data/raw\5878503_Close-up_of_a_COVID-19_vaccine_vial_with_red_cap_on_a_blue_background..jpg,Close-up of a COVID-19 vaccine vial with red cap on a blue background.,,2160,3840,#55B7EC,,,,,Artem Podrez,,https://www.pexels.com/@artempodrez,https://www.pexels.com/photo/a-close-up-view-of-a-covid-19-vaccine-vial-on-blue-background-5878503/,,https://images.pexels.com/photos/5878503/pexels-photo-5878503.jpeg?auto=compress&cs=tinysrgb&h=650&w=940,https://images.pexels.com/photos/5878503/pexels-photo-5878503.jpeg?auto=compress&cs=tinysrgb&h=130,https://images.pexels.com/photos/5878503/pexels-photo-5878503.jpeg,pexels,success,0.0,0.0,0.95,['vaccination'],unknown,图片中只显示了一个疫苗瓶，没有出现任何人体或医务人员。,"```json
{
  ""has_people"": 0,
  ""has_protective_medical_staff"": 0,
  ""confidence"": 0.95,
  ""tags"": [""vaccination""],
  ""reason"": ""图片中只显示了一个疫苗瓶，没有出现任何人体或医务人员。""
}
```",
7010097,covid 19,7010097_Close-up_of_a_hand_wearing_a_wristwatch_holding_a_cardboard_sign_with_COVID-19_written_on_it..jpg,data/raw\7010097_Close-up_of_a_hand_wearing_a_wristwatch_holding_a_cardboard_sign_with_COVID-19_written_on_it..jpg,Close-up of a hand wearing a wristwatch holding a cardboard sign with COVID-19 written on it.,,5989,3993,#D7CFC6,,,,,Tima Miroshnichenko,,https://www.pexels.com/@tima-miroshnichenko,https://www.pexels.com/photo/a-person-holding-a-cardboard-7010097/,,https://images.pexels.com/photos/7010097/pexels-photo-7010097.jpeg?auto=compress&cs=tinysrgb&h=650&w=940,https://images.pexels.com/photos/7010097/pexels-photo-7010097.jpeg?auto=compress&cs=tinysrgb&h=130,https://images.pexels.com/photos/7010097/pexels-photo-7010097.jpeg,pexels,success,1.0,0.0,0.95,['covid_sign'],unknown,手握着标有'Covid-19'的纸板，表明有人持有该标志。,"```json
{
  ""has_people"": 1,
  ""has_protective_medical_staff"": 0,
  ""confidence"": 0.95,
  ""tags"": [""covid_sign""],
  ""reason"": ""手握着标有'Covid-19'的纸板，表明有人持有该标志。""
}
```",
3952243,covid 19,3952243_A_simple_poster_asking_about_the_end_of_COVID-19_with_a_hashtag..jpg,data/raw\3952243_A_simple_poster_asking_about_the_end_of_COVID-19_with_a_hashtag..jpg,A simple poster asking about the end of COVID-19 with a hashtag.,,4000,6000,#D4CFD2,,,,,cottonbro studio,,https://www.pexels.com/@cottonbro,https://www.pexels.com/photo/black-and-white-ovid-19-text-on-white-paper-3952243/,,https://images.pexels.com/photos/3952243/pexels-photo-3952243.jpeg?auto=compress&cs=tinysrgb&h=650&w=940,https://images.pexels.com/photos/3952243/pexels-photo-3952243.jpeg?auto=compress&cs=tinysrgb&h=130,https://images.pexels.com/photos/3952243/pexels-photo-3952243.jpeg,pexels,success,0.0,0.0,0.95,['covid_sign'],unknown,图片中没有显示任何人物或医疗人员，只有一个写着'WHEN IS THE END? #COVID19'的纸张。,"```json
{
  ""has_people"": 0,
  ""has_protective_medical_staff"": 0,
  ""confidence"": 0.95,
  ""tags"": [""covid_sign""],
  ""reason"": ""图片中没有显示任何人物或医疗人员，只有一个写着'WHEN IS THE END? #COVID19'的纸张。""
}
```",
5878486,covid 19,5878486_A_close-up_of_a_vaccine_vial_labeled__Virus__against_a_blue_backdrop..jpg,data/raw\5878486_A_close-up_of_a_vaccine_vial_labeled__Virus__against_a_blue_backdrop..jpg,A close-up of a vaccine vial labeled 'Virus' against a blue backdrop.,,2160,3840,#B8F2FD,,,,,Artem Podrez,,https://www.pexels.com/@artempodrez,https://www.pexels.com/photo/a-vaccine-vial-on-white-background-5878486/,,https://images.pexels.com/photos/5878486/pexels-photo-5878486.jpeg?auto=compress&cs=tinysrgb&h=650&w=940,https://images.pexels.com/photos/5878486/pexels-photo-5878486.jpeg?auto=compress&cs=tinysrgb&h=130,https://images.pexels.com/photos/5878486/pexels-photo-5878486.jpeg,pexels,success,0.0,0.0,0.95,"['vaccine', 'virus']",unknown,图像中只有一个疫苗瓶，没有显示任何人员或防护装备。,"```json
{
  ""has_people"": 0,
  ""has_protective_medical_staff"": 0,
  ""confidence"": 0.95,
  ""tags"": [""vaccine"", ""virus""],
  ""reason"": ""图像中只有一个疫苗瓶，没有显示任何人员或防护装备。""
}
```",
4031503,covid 19,4031503_Laboratory_technician_holding_a_Covid-19_blood_test_sample_in_test_tube..jpg,data/raw\4031503_Laboratory_technician_holding_a_Covid-19_blood_test_sample_in_test_tube..jpg,Laboratory technician holding a Covid-19 blood test sample in test tube.,,8256,5504,#96A0B2,,,,,Edward Jenner,,https://www.pexels.com/@edward-jenner,https://www.pexels.com/photo/close-up-photo-of-blood-sample-held-by-a-person-wearing-latex-gloves-4031503/,,https://images.pexels.com/photos/4031503/pexels-photo-4031503.jpeg?auto=compress&cs=tinysrgb&h=650&w=940,https://images.pexels.com/photos/4031503/pexels-photo-4031503.jpeg?auto=compress&cs=tinysrgb&h=130,https://images.pexels.com/photos/4031503/pexels-photo-4031503.jpeg,pexels,success,1.0,1.0,0.95,"['nurse', 'ppe', 'gloves']",unknown,图片中有穿着防护手套的手，手套上有明显的条形码标签，符合医疗检测环境中的防护装备特征。,"```json
{
  ""has_people"": 1,
  ""has_protective_medical_staff"": 1,
  ""confidence"": 0.95,
  ""tags"": [""nurse"", ""ppe"", ""gloves""],
  ""reason"": ""图片中有穿着防护手套的手，手套上有明显的条形码标签，符合医疗检测环境中的防护装备特征。""
}
```",
5995260,covid 19,5995260_Close-up_of_hands_in_gloves_holding_a_blood_sample_and_COVID-19_vaccine_vial_with_green_background..jpg,data/raw\5995260_Close-up_of_hands_in_gloves_holding_a_blood_sample_and_COVID-19_vaccine_vial_with_green_background..jpg,Close-up of hands in gloves holding a blood sample and COVID-19 vaccine vial with green background.,,3681,5522,#0A7E73,,,,,Maksim Goncharenok,,https://www.pexels.com/@maksgelatin,https://www.pexels.com/photo/a-person-wearing-latex-gloves-holding-a-vial-and-a-test-tube-5995260/,,https://images.pexels.com/photos/5995260/pexels-photo-5995260.jpeg?auto=compress&cs=tinysrgb&h=650&w=940,https://images.pexels.com/photos/5995260/pexels-photo-5995260.jpeg?auto=compress&cs=tinysrgb&h=130,https://images.pexels.com/photos/5995260/pexels-photo-5995260.jpeg,pexels,success,1.0,0.0,0.95,"['nurse', 'gloves']",unknown,图片中有戴着蓝色手套的手，手套上没有明显的防护装备标志。,"```json
{
  ""has_people"": 1,
  ""has_protective_medical_staff"": 0,
  ""confidence"": 0.95,
  ""tags"": [""nurse"", ""gloves""],
  ""reason"": ""图片中有戴着蓝色手套的手，手套上没有明显的防护装备标志。""
}
```",
3936358,covid 19,3936358_Artistic_depiction_of_COVID-19_using_pills_and_a_syringe_on_a_dark_background__symbolizing_medication..jpg,data/raw\3936358_Artistic_depiction_of_COVID-19_using_pills_and_a_syringe_on_a_dark_background__symbolizing_medication..jpg,"Artistic depiction of COVID-19 using pills and a syringe on a dark background, symbolizing medication.",,6016,4000,#1D1D21,,,,,Miguel Á. Padriñán,,https://www.pexels.com/@padrinan,https://www.pexels.com/photo/pills-on-blue-background-3936358/,,https://images.pexels.com/photos/3936358/pexels-photo-3936358.jpeg?auto=compress&cs=tinysrgb&h=650&w=940,https://images.pexels.com/photos/3936358/pexels-photo-3936358.jpeg?auto=compress&cs=tinysrgb&h=130,https://images.pexels.com/photos/3936358/pexels-photo-3936358.jpeg,pexels,success,0.0,0.0,0.95,['covid_sign'],unknown,图片中没有出现任何人物或医疗人员，只有“COVID-9”字样和注射器针头。,"```json
{
  ""has_people"": 0,
  ""has_protective_medical_staff"": 0,
  ""confidence"": 0.95,
  ""tags"": [""covid_sign""],
  ""reason"": ""图片中没有出现任何人物或医疗人员，只有“COVID-9”字样和注射器针头。""
}
```",
5463065,covid 19,5463065_Through_glass_of_warning_sign_on_door_of_building_due_to_restrictions_on_the_coronavirus_in_street_during_pandemic_in_ci.jpg,data/raw\5463065_Through_glass_of_warning_sign_on_door_of_building_due_to_restrictions_on_the_coronavirus_in_street_during_pandemic_in_ci.jpg,Through glass of warning sign on door of building due to restrictions on the coronavirus in street during pandemic in city,,5472,3648,#ADA6A3,,,,,Erik Mclean,,https://www.pexels.com/@introspectivedsgn,https://www.pexels.com/photo/warning-signboard-on-glass-door-in-street-5463065/,,https://images.pexels.com/photos/5463065/pexels-photo-5463065.jpeg?auto=compress&cs=tinysrgb&h=650&w=940,https://images.pexels.com/photos/5463065/pexels-photo-5463065.jpeg?auto=compress&cs=tinysrgb&h=130,https://images.pexels.com/photos/5463065/pexels-photo-5463065.jpeg,pexels,success,0.0,0.0,0.95,['covid_sign'],unknown,图片中没有显示有人员存在，也没有看到任何防护服的医务人员。,"```json
{
  ""has_people"": 0,
  ""has_protective_medical_staff"": 0,
  ""confidence"": 0.95,
  ""tags"": [""covid_sign""],
  ""reason"": ""图片中没有显示有人员存在，也没有看到任何防护服的医务人员。""
}
```",
5994653,covid 19,5994653_A_set_of_COVID-19_vaccine_vials__labeled_for_injection_only__on_a_blue_background..jpg,data/raw\5994653_A_set_of_COVID-19_vaccine_vials__labeled_for_injection_only__on_a_blue_background..jpg,"A set of COVID-19 vaccine vials, labeled for injection only, on a blue background.",,6331,4221,#96D3EA,,,,,Maksim Goncharenok,,https://www.pexels.com/@maksgelatin,https://www.pexels.com/photo/covid-vaccines-in-clear-glass-bottle-5994653/,,https://images.pexels.com/photos/5994653/pexels-photo-5994653.jpeg?auto=compress&cs=tinysrgb&h=650&w=940,https://images.pexels.com/photos/5994653/pexels-photo-5994653.jpeg?auto=compress&cs=tinysrgb&h=130,https://images.pexels.com/photos/5994653/pexels-photo-5994653.jpeg,pexels,success,0.0,0.0,0.95,['vaccination'],unknown,图片中有疫苗瓶，但没有显示人或医务人员。,"```json
{
  ""has_people"": 0,
  ""has_protective_medical_staff"": 0,
  ""confidence"": 0.95,
  ""tags"": [""vaccination""],
  ""reason"": ""图片中有疫苗瓶，但没有显示人或医务人员。""
}
```",
5878504,covid 19,5878504_A_COVID-19_vaccine_vial_on_a_vibrant_blue_and_red_background__symbolizing_health_and_protection..jpg,data/raw\5878504_A_COVID-19_vaccine_vial_on_a_vibrant_blue_and_red_background__symbolizing_health_and_protection..jpg,"A COVID-19 vaccine vial on a vibrant blue and red background, symbolizing health and protection.",,2160,3840,#6D80C4,,,,,Artem Podrez,,https://www.pexels.com/@artempodrez,https://www.pexels.com/photo/a-close-up-view-of-a-covid-19-vaccine-vial-on-blue-background-5878504/,,https://images.pexels.com/photos/5878504/pexels-photo-5878504.jpeg?auto=compress&cs=tinysrgb&h=650&w=940,https://images.pexels.com/photos/5878504/pexels-photo-5878504.jpeg?auto=compress&cs=tinysrgb&h=130,https://images.pexels.com/photos/5878504/pexels-photo-5878504.jpeg,pexels,success,0.0,0.0,0.95,['vaccination'],unknown,图片中只有一个疫苗瓶，没有显示任何人体或医务人员。,"```json
{
  ""has_people"": 0,
  ""has_protective_medical_staff"": 0,
  ""confidence"": 0.95,
  ""tags"": [""vaccination""],
  ""reason"": ""图片中只有一个疫苗瓶，没有显示任何人体或医务人员。""
}
```",
4031869,covid 19,4031869_Artistic_representation_of_COVID-19_using_pills_and_virus_models_on_red_background..jpg,data/raw\4031869_Artistic_representation_of_COVID-19_using_pills_and_virus_models_on_red_background..jpg,Artistic representation of COVID-19 using pills and virus models on red background.,,8252,5501,#911A26,,,,,Edward Jenner,,https://www.pexels.com/@edward-jenner,https://www.pexels.com/photo/covid-19-text-on-red-background-4031869/,,https://images.pexels.com/photos/4031869/pexels-photo-4031869.jpeg?auto=compress&cs=tinysrgb&h=650&w=940,https://images.pexels.com/photos/4031869/pexels-photo-4031869.jpeg?auto=compress&cs=tinysrgb&h=130,https://images.pexels.com/photos/4031869/pexels-photo-4031869.jpeg,pexels,success,0.0,0.0,0.95,['covid_sign'],unknown,图片中没有出现人物或医务人员，只有与COVID-19相关的符号和文字。,"```json
{
  ""has_people"": 0,
  ""has_protective_medical_staff"": 0,
  ""confidence"": 0.95,
  ""tags"": [""covid_sign""],
  ""reason"": ""图片中没有出现人物或医务人员，只有与COVID-19相关的符号和文字。""
}
```",
11624069,covid 19,11624069_Close-up_of_a_COVID-19_test_kit_with_swab_on_a_white_surface__ideal_for_healthcare_theme..jpg,data/raw\11624069_Close-up_of_a_COVID-19_test_kit_with_swab_on_a_white_surface__ideal_for_healthcare_theme..jpg,"Close-up of a COVID-19 test kit with swab on a white surface, ideal for healthcare theme.",,4800,3200,#C1D8E6,,,,,adrian vieriu,,https://www.pexels.com/@printexstar,https://www.pexels.com/photo/a-test-tube-with-label-11624069/,,https://images.pexels.com/photos/11624069/pexels-photo-11624069.jpeg?auto=compress&cs=tinysrgb&h=650&w=940,https://images.pexels.com/photos/11624069/pexels-photo-11624069.jpeg?auto=compress&cs=tinysrgb&h=130,https://images.pexels.com/photos/11624069/pexels-photo-11624069.jpeg,pexels,success,0.0,0.0,0.95,['testing'],unknown,图片中没有显示人或医务人员，主要展示了一个标有'COVID-19 Test Kit'的试管和一些实验室设备。,"```json
{
  ""has_people"": 0,
  ""has_protective_medical_staff"": 0,
  ""confidence"": 0.95,
  ""tags"": [""testing""],
  ""reason"": ""图片中没有显示人或医务人员，主要展示了一个标有'COVID-19 Test Kit'的试管和一些实验室设备。""
}
```",
5878501,covid 19,5878501_A_COVID-19_vaccine_vial_with_a_blue_background__symbolizing_medical_advancement..jpg,data/raw\5878501_A_COVID-19_vaccine_vial_with_a_blue_background__symbolizing_medical_advancement..jpg,"A COVID-19 vaccine vial with a blue background, symbolizing medical advancement.",,2160,3840,#3DD9FA,,,,,Artem Podrez,,https://www.pexels.com/@artempodrez,https://www.pexels.com/photo/a-close-up-view-of-a-covid-19-vaccine-vial-on-blue-background-5878501/,,https://images.pexels.com/photos/5878501/pexels-photo-5878501.jpeg?auto=compress&cs=tinysrgb&h=650&w=940,https://images.pexels.com/photos/5878501/pexels-photo-5878501.jpeg?auto=compress&cs=tinysrgb&h=130,https://images.pexels.com/photos/5878501/pexels-photo-5878501.jpeg,pexels,success,0.0,0.0,0.95,['vaccination'],unknown,图片中只有一个疫苗瓶，没有显示任何人体或医务人员。,"```json
{
  ""has_people"": 0,
  ""has_protective_medical_staff"": 0,
  ""confidence"": 0.95,
  ""tags"": [""vaccination""],
  ""reason"": ""图片中只有一个疫苗瓶，没有显示任何人体或医务人员。""
}
```",
3952234,covid 19,3952234_Two_people_holding_a_poster_with__Pandemic__COVID19__message_on_a_vibrant_background..jpg,data/raw\3952234_Two_people_holding_a_poster_with__Pandemic__COVID19__message_on_a_vibrant_background..jpg,Two people holding a poster with 'Pandemic #COVID19' message on a vibrant background.,,6000,4000,#B29B98,,,,,cottonbro studio,,https://www.pexels.com/@cottonbro,https://www.pexels.com/photo/people-holding-white-paper-with-pandemic-covid19-text-3952234/,,https://images.pexels.com/photos/3952234/pexels-photo-3952234.jpeg?auto=compress&cs=tinysrgb&h=650&w=940,https://images.pexels.com/photos/3952234/pexels-photo-3952234.jpeg?auto=compress&cs=tinysrgb&h=130,https://images.pexels.com/photos/3952234/pexels-photo-3952234.jpeg,pexels,success,1.0,0.0,0.95,"['ppe', 'mask']",unknown,图片中有一个人手持一张写着'PANDEMIC #COVID19'的纸张，这表明他们可能在参与与疫情相关的活动或宣传。,"```json
{
  ""has_people"": 1,
  ""has_protective_medical_staff"": 0,
  ""confidence"": 0.95,
  ""tags"": [""ppe"", ""mask""],
  ""reason"": ""图片中有一个人手持一张写着'PANDEMIC #COVID19'的纸张，这表明他们可能在参与与疫情相关的活动或宣传。""
}
```",
5876546,covid 19,5876546_Dashboard_screen_with_numbers_in_column_reflecting_information_about_global_cases_of_coronavirus_pandemic.jpg,data/raw\5876546_Dashboard_screen_with_numbers_in_column_reflecting_information_about_global_cases_of_coronavirus_pandemic.jpg,Dashboard screen with numbers in column reflecting information about global cases of coronavirus pandemic,,7500,5000,#363332,,,,,Atypeek Dgn,,https://www.pexels.com/@atypeek,https://www.pexels.com/photo/monitor-with-inscriptions-and-numbers-about-covid-19-pandemic-5876546/,,https://images.pexels.com/photos/5876546/pexels-photo-5876546.jpeg?auto=compress&cs=tinysrgb&h=650&w=940,https://images.pexels.com/photos/5876546/pexels-photo-5876546.jpeg?auto=compress&cs=tinysrgb&h=130,https://images.pexels.com/photos/5876546/pexels-photo-5876546.jpeg,pexels,success,0.0,0.0,0.95,['covid_sign'],unknown,图片内容显示的是全球新冠病毒病例数的统计信息，没有出现任何与人相关的元素或医疗人员穿着防护服的情况。,"```json
{
  ""has_people"": 0,
  ""has_protective_medical_staff"": 0,
  ""confidence"": 0.95,
  ""tags"": [""covid_sign""],
  ""reason"": ""图片内容显示的是全球新冠病毒病例数的统计信息，没有出现任何与人相关的元素或医疗人员穿着防护服的情况。""
}
```",
5994653,covid 19,5994653_A_set_of_COVID-19_vaccine_vials__labeled_for_injection_only__on_a_blue_background..jpg,data/raw\5994653_A_set_of_COVID-19_vaccine_vials__labeled_for_injection_only__on_a_blue_background..jpg,"A set of COVID-19 vaccine vials, labeled for injection only, on a blue background.",,6331,4221,#96D3EA,,,,,Maksim Goncharenok,,https://www.pexels.com/@maksgelatin,https://www.pexels.com/photo/covid-vaccines-in-clear-glass-bottle-5994653/,,https://images.pexels.com/photos/5994653/pexels-photo-5994653.jpeg?auto=compress&cs=tinysrgb&h=650&w=940,https://images.pexels.com/photos/5994653/pexels-photo-5994653.jpeg?auto=compress&cs=tinysrgb&h=130,https://images.pexels.com/photos/5994653/pexels-photo-5994653.jpeg,pexels,success,0.0,0.0,0.95,['vaccination'],unknown,图片中有疫苗瓶，但没有显示人或医务人员。,"```json
{
  ""has_people"": 0,
  ""has_protective_medical_staff"": 0,
  ""confidence"": 0.95,
  ""tags"": [""vaccination""],
  ""reason"": ""图片中有疫苗瓶，但没有显示人或医务人员。""
}
```",
4084142,covid 19,4084142_Lightbox_displaying_a_bold_message_on_COVID-19_against_a_vibrant_yellow_background..jpg,data/raw\4084142_Lightbox_displaying_a_bold_message_on_COVID-19_against_a_vibrant_yellow_background..jpg,Lightbox displaying a bold message on COVID-19 against a vibrant yellow background.,,3975,5963,#A07F42,,,,,Alex  Azabache,,https://www.pexels.com/@alex-azabache-1684151,https://www.pexels.com/photo/white-letter-board-with-message-4084142/,,https://images.pexels.com/photos/4084142/pexels-photo-4084142.jpeg?auto=compress&cs=tinysrgb&h=650&w=940,https://images.pexels.com/photos/4084142/pexels-photo-4084142.jpeg?auto=compress&cs=tinysrgb&h=130,https://images.pexels.com/photos/4084142/pexels-photo-4084142.jpeg,pexels,success,0.0,0.0,0.95,['covid_sign'],unknown,图片中没有出现任何人物或医疗人员，只有一个写着 'FUCK COVID19' 的标志牌。,"```json
{
  ""has_people"": 0,
  ""has_protective_medical_staff"": 0,
  ""confidence"": 0.95,
  ""tags"": [""covid_sign""],
  ""reason"": ""图片中没有出现任何人物或医疗人员，只有一个写着 'FUCK COVID19' 的标志牌。""
}
```",
5463065,covid 19,5463065_Through_glass_of_warning_sign_on_door_of_building_due_to_restrictions_on_the_coronavirus_in_street_during_pandemic_in_ci.jpg,data/raw\5463065_Through_glass_of_warning_sign_on_door_of_building_due_to_restrictions_on_the_coronavirus_in_street_during_pandemic_in_ci.jpg,Through glass of warning sign on door of building due to restrictions on the coronavirus in street during pandemic in city,,5472,3648,#ADA6A3,,,,,Erik Mclean,,https://www.pexels.com/@introspectivedsgn,https://www.pexels.com/photo/warning-signboard-on-glass-door-in-street-5463065/,,https://images.pexels.com/photos/5463065/pexels-photo-5463065.jpeg?auto=compress&cs=tinysrgb&h=650&w=940,https://images.pexels.com/photos/5463065/pexels-photo-5463065.jpeg?auto=compress&cs=tinysrgb&h=130,https://images.pexels.com/photos/5463065/pexels-photo-5463065.jpeg,pexels,success,0.0,0.0,0.95,['covid_sign'],unknown,图片中没有显示有人员存在，也没有看到任何防护服的医务人员。,"```json
{
  ""has_people"": 0,
  ""has_protective_medical_staff"": 0,
  ""confidence"": 0.95,
  ""tags"": [""covid_sign""],
  ""reason"": ""图片中没有显示有人员存在，也没有看到任何防护服的医务人员。""
}
```",
5995168,covid 19,5995168_Close-up_of_COVID-19_vaccine_vials_arranged_on_a_blue_background..jpg,data/raw\5995168_Close-up_of_COVID-19_vaccine_vials_arranged_on_a_blue_background..jpg,Close-up of COVID-19 vaccine vials arranged on a blue background.,,4480,6720,#84BDCF,,,,,Maksim Goncharenok,,https://www.pexels.com/@maksgelatin,https://www.pexels.com/photo/covid-19-bottles-5995168/,,https://images.pexels.com/photos/5995168/pexels-photo-5995168.jpeg?auto=compress&cs=tinysrgb&h=650&w=940,https://images.pexels.com/photos/5995168/pexels-photo-5995168.jpeg?auto=compress&cs=tinysrgb&h=130,https://images.pexels.com/photos/5995168/pexels-photo-5995168.jpeg,pexels,success,0.0,0.0,0.95,"['vaccine', 'vaccination']",unknown,图片中没有显示任何人物或医疗人员，所有内容都是疫苗瓶。,"```json
{
  ""has_people"": 0,
  ""has_protective_medical_staff"": 0,
  ""confidence"": 0.95,
  ""tags"": [""vaccine"", ""vaccination""],
  ""reason"": ""图片中没有显示任何人物或医疗人员，所有内容都是疫苗瓶。""
}
```",
11624073,covid 19,11624073_Close-up_of_COVID-19_test_kit_with_a_passport__symbolizing_travel_safety_during_the_pandemic..jpg,data/raw\11624073_Close-up_of_COVID-19_test_kit_with_a_passport__symbolizing_travel_safety_during_the_pandemic..jpg,"Close-up of COVID-19 test kit with a passport, symbolizing travel safety during the pandemic.",,4800,3200,#D3C3CD,,,,,adrian vieriu,,https://www.pexels.com/@printexstar,https://www.pexels.com/photo/a-plastic-test-tube-and-cotton-swab-beside-a-passport-11624073/,,https://images.pexels.com/photos/11624073/pexels-photo-11624073.jpeg?auto=compress&cs=tinysrgb&h=650&w=940,https://images.pexels.com/photos/11624073/pexels-photo-11624073.jpeg?auto=compress&cs=tinysrgb&h=130,https://images.pexels.com/photos/11624073/pexels-photo-11624073.jpeg,pexels,success,0.0,0.0,0.95,"['testkit', 'covid-19']",unknown,图片中没有显示人或医务人员，只有测试套件和护照。,"```json
{
  ""has_people"": 0,
  ""has_protective_medical_staff"": 0,
  ""confidence"": 0.95,
  ""tags"": [""testkit"", ""covid-19""],
  ""reason"": ""图片中没有显示人或医务人员，只有测试套件和护照。""
}
```",
5995159,covid 19,5995159_Close-up_of_COVID-19_vaccine_vials_arranged_on_a_blue_surface..jpg,data/raw\5995159_Close-up_of_COVID-19_vaccine_vials_arranged_on_a_blue_surface..jpg,Close-up of COVID-19 vaccine vials arranged on a blue surface.,,6185,4123,#9FC5D2,,,,,Maksim Goncharenok,,https://www.pexels.com/@maksgelatin,https://www.pexels.com/photo/silver-and-blue-beaded-bracelets-5995159/,,https://images.pexels.com/photos/5995159/pexels-photo-5995159.jpeg?auto=compress&cs=tinysrgb&h=650&w=940,https://images.pexels.com/photos/5995159/pexels-photo-5995159.jpeg?auto=compress&cs=tinysrgb&h=130,https://images.pexels.com/photos/5995159/pexels-photo-5995159.jpeg,pexels,success,0.0,0.0,0.95,['vaccination'],unknown,图片中显示的是疫苗瓶，没有出现人员或医务人员。,"```json
{
  ""has_people"": 0,
  ""has_protective_medical_staff"": 0,
  ""confidence"": 0.95,
  ""tags"": [""vaccination""],
  ""reason"": ""图片中显示的是疫苗瓶，没有出现人员或医务人员。""
}
```",
11623599,covid 19,11623599_Medical_professional_in_protective_uniform_holding_a_COVID-19_PCR_test_tube__exemplifying_healthcare_precision..jpg,data/raw\11623599_Medical_professional_in_protective_uniform_holding_a_COVID-19_PCR_test_tube__exemplifying_healthcare_precision..jpg,"Medical professional in protective uniform holding a COVID-19 PCR test tube, exemplifying healthcare precision.",,4800,3200,#ABC4D8,,,,,adrian vieriu,,https://www.pexels.com/@printexstar,https://www.pexels.com/photo/covid-19-pcr-test-on-person-s-hand-11623599/,,https://images.pexels.com/photos/11623599/pexels-photo-11623599.jpeg?auto=compress&cs=tinysrgb&h=650&w=940,https://images.pexels.com/photos/11623599/pexels-photo-11623599.jpeg?auto=compress&cs=tinysrgb&h=130,https://images.pexels.com/photos/11623599/pexels-photo-11623599.jpeg,pexels,success,1.0,1.0,0.95,"['doctor', 'nurse', 'medical_staff', 'ppe', 'protective_suit', 'mask', 'face_shield', 'gloves']",unknown,图片中显示了一位穿着防护服和手套的医务人员，手持一个标有'COVID-19 PCR TEST'的试管，符合医务人员和防护服的标准。,"```json
{
  ""has_people"": 1,
  ""has_protective_medical_staff"": 1,
  ""confidence"": 0.95,
  ""tags"": [""doctor"", ""nurse"", ""medical_staff"", ""ppe"", ""protective_suit"", ""mask"", ""face_shield"", ""gloves""],
  ""reason"": ""图片中显示了一位穿着防护服和手套的医务人员，手持一个标有'COVID-19 PCR TEST'的试管，符合医务人员和防护服的标准。""
}
```",
5863363,covid 19,5863363_A_syringe_and_vial_of_COVID-19_vaccine_on_a_teal_background__emphasizing_vaccination..jpg,data/raw\5863363_A_syringe_and_vial_of_COVID-19_vaccine_on_a_teal_background__emphasizing_vaccination..jpg,"A syringe and vial of COVID-19 vaccine on a teal background, emphasizing vaccination.",,4160,6240,#5A9EA7,,,,,Nataliya Vaitkevich,,https://www.pexels.com/@n-voitkevich,https://www.pexels.com/photo/covid-19-vaccine-and-syringe-5863363/,,https://images.pexels.com/photos/5863363/pexels-photo-5863363.jpeg?auto=compress&cs=tinysrgb&h=650&w=940,https://images.pexels.com/photos/5863363/pexels-photo-5863363.jpeg?auto=compress&cs=tinysrgb&h=130,https://images.pexels.com/photos/5863363/pexels-photo-5863363.jpeg,pexels,success,0.0,0.0,0.95,['vaccination'],unknown,图片中只有一支疫苗针和一个疫苗瓶，没有出现任何人体或医务人员。,"```json
{
  ""has_people"": 0,
  ""has_protective_medical_staff"": 0,
  ""confidence"": 0.95,
  ""tags"": [""vaccination""],
  ""reason"": ""图片中只有一支疫苗针和一个疫苗瓶，没有出现任何人体或医务人员。""
}
```",
6074930,covid 19,6074930_Crop_unrecognizable_female_medic_in_latex_gloves_showing_glass_ampoule_of_coronavirus_vaccine_against_pink_background.jpg,data/raw\6074930_Crop_unrecognizable_female_medic_in_latex_gloves_showing_glass_ampoule_of_coronavirus_vaccine_against_pink_background.jpg,Crop unrecognizable female medic in latex gloves showing glass ampoule of coronavirus vaccine against pink background,,4160,6240,#E5A3BB,,,,,Alena Shekhovtcova,,https://www.pexels.com/@alena-shekhovtcova,https://www.pexels.com/photo/hand-of-anonymous-doctor-with-ampoule-of-covid-vaccine-6074930/,,https://images.pexels.com/photos/6074930/pexels-photo-6074930.jpeg?auto=compress&cs=tinysrgb&h=650&w=940,https://images.pexels.com/photos/6074930/pexels-photo-6074930.jpeg?auto=compress&cs=tinysrgb&h=130,https://images.pexels.com/photos/6074930/pexels-photo-6074930.jpeg,pexels,success,1.0,0.0,0.95,"['gloves', 'vaccination']",unknown,图片中有一只戴着手套的手拿着一个疫苗瓶，背景是粉色的。手套和疫苗瓶都与医疗相关，因此可以推断出这是在进行疫苗接种或疫苗相关的操作。,"```json
{
  ""has_people"": 1,
  ""has_protective_medical_staff"": 0,
  ""confidence"": 0.95,
  ""tags"": [""gloves"", ""vaccination""],
  ""reason"": ""图片中有一只戴着手套的手拿着一个疫苗瓶，背景是粉色的。手套和疫苗瓶都与医疗相关，因此可以推断出这是在进行疫苗接种或疫苗相关的操作。""
}
```",
5863332,covid 19,5863332_Close-up_of_hands_preparing_COVID-19_vaccine_with_syringe_on_pink_background..jpg,data/raw\5863332_Close-up_of_hands_preparing_COVID-19_vaccine_with_syringe_on_pink_background..jpg,Close-up of hands preparing COVID-19 vaccine with syringe on pink background.,,4160,6240,#C6B5C8,,,,,Nataliya Vaitkevich,,https://www.pexels.com/@n-voitkevich,https://www.pexels.com/photo/person-covid-vaccine-and-syringe-5863332/,,https://images.pexels.com/photos/5863332/pexels-photo-5863332.jpeg?auto=compress&cs=tinysrgb&h=650&w=940,https://images.pexels.com/photos/5863332/pexels-photo-5863332.jpeg?auto=compress&cs=tinysrgb&h=130,https://images.pexels.com/photos/5863332/pexels-photo-5863332.jpeg,pexels,success,1.0,1.0,0.95,"['nurse', 'ppe', 'gloves']",unknown,图片中有穿着防护手套的手，背景为粉色，符合医疗环境中使用防护装备的场景。,"```json
{
  ""has_people"": 1,
  ""has_protective_medical_staff"": 1,
  ""confidence"": 0.95,
  ""tags"": [""nurse"", ""ppe"", ""gloves""],
  ""reason"": ""图片中有穿着防护手套的手，背景为粉色，符合医疗环境中使用防护装备的场景。""
}
```",
5994666,covid 19,5994666_Glass_vial_labeled_COVID-19_vaccine_placed_on_a_light_blue_surface__symbolizing_medical_advances..jpg,data/raw\5994666_Glass_vial_labeled_COVID-19_vaccine_placed_on_a_light_blue_surface__symbolizing_medical_advances..jpg,"Glass vial labeled COVID-19 vaccine placed on a light blue surface, symbolizing medical advances.",,3533,2356,#62C5E5,,,,,Maksim Goncharenok,,https://www.pexels.com/@maksgelatin,https://www.pexels.com/photo/vaccine-ampoule-on-light-blue-background-5994666/,,https://images.pexels.com/photos/5994666/pexels-photo-5994666.jpeg?auto=compress&cs=tinysrgb&h=650&w=940,https://images.pexels.com/photos/5994666/pexels-photo-5994666.jpeg?auto=compress&cs=tinysrgb&h=130,https://images.pexels.com/photos/5994666/pexels-photo-5994666.jpeg,pexels,success,0.0,0.0,0.95,['vaccination'],unknown,图片中只有一个疫苗瓶，没有显示人或医务人员,"```json
{
  ""has_people"": 0,
  ""has_protective_medical_staff"": 0,
  ""confidence"": 0.95,
  ""tags"": [""vaccination""],
  ""reason"": ""图片中只有一个疫苗瓶，没有显示人或医务人员""
}
```",
5995032,covid 19,5995032_Gloved_hand_holding_COVID-19_test_tube_with_blood_sample_against_blue_background..jpg,data/raw\5995032_Gloved_hand_holding_COVID-19_test_tube_with_blood_sample_against_blue_background..jpg,Gloved hand holding COVID-19 test tube with blood sample against blue background.,,6720,4480,#2FA8D1,,,,,Maksim Goncharenok,,https://www.pexels.com/@maksgelatin,https://www.pexels.com/photo/a-person-holding-a-vacutainer-5995032/,,https://images.pexels.com/photos/5995032/pexels-photo-5995032.jpeg?auto=compress&cs=tinysrgb&h=650&w=940,https://images.pexels.com/photos/5995032/pexels-photo-5995032.jpeg?auto=compress&cs=tinysrgb&h=130,https://images.pexels.com/photos/5995032/pexels-photo-5995032.jpeg,pexels,success,1.0,0.0,0.95,"['gloves', 'testing']",unknown,图片中有一只戴着手套的手拿着一个标有'COVID-19 TEST'的试管，表明有人正在进行测试。,"```json
{
  ""has_people"": 1,
  ""has_protective_medical_staff"": 0,
  ""confidence"": 0.95,
  ""tags"": [""gloves"", ""testing""],
  ""reason"": ""图片中有一只戴着手套的手拿着一个标有'COVID-19 TEST'的试管，表明有人正在进行测试。""
}
```",
5878519,covid 19,5878519_Vial_of_COVID-19_vaccine_labeled_for_injection_with_blue_backdrop..jpg,data/raw\5878519_Vial_of_COVID-19_vaccine_labeled_for_injection_with_blue_backdrop..jpg,Vial of COVID-19 vaccine labeled for injection with blue backdrop.,,5797,3261,#2AA6F5,,,,,Artem Podrez,,https://www.pexels.com/@artempodrez,https://www.pexels.com/photo/a-close-up-view-of-a-covid-19-vaccine-vial-on-blue-background-5878519/,,https://images.pexels.com/photos/5878519/pexels-photo-5878519.jpeg?auto=compress&cs=tinysrgb&h=650&w=940,https://images.pexels.com/photos/5878519/pexels-photo-5878519.jpeg?auto=compress&cs=tinysrgb&h=130,https://images.pexels.com/photos/5878519/pexels-photo-5878519.jpeg,pexels,success,0.0,0.0,0.95,['vaccination'],unknown,图片中只有一个疫苗瓶，没有显示任何人体或医务人员。,"```json
{
  ""has_people"": 0,
  ""has_protective_medical_staff"": 0,
  ""confidence"": 0.95,
  ""tags"": [""vaccination""],
  ""reason"": ""图片中只有一个疫苗瓶，没有显示任何人体或医务人员。""
}
```",
5994828,covid 19,5994828_Close-up_of_hand_in_blue_glove_holding_COVID-19_vaccine_vial_against_yellow_background..jpg,data/raw\5994828_Close-up_of_hand_in_blue_glove_holding_COVID-19_vaccine_vial_against_yellow_background..jpg,Close-up of hand in blue glove holding COVID-19 vaccine vial against yellow background.,,4321,2881,#C5BD22,,,,,Maksim Goncharenok,,https://www.pexels.com/@maksgelatin,https://www.pexels.com/photo/a-person-holding-white-labeled-bottle-5994828/,,https://images.pexels.com/photos/5994828/pexels-photo-5994828.jpeg?auto=compress&cs=tinysrgb&h=650&w=940,https://images.pexels.com/photos/5994828/pexels-photo-5994828.jpeg?auto=compress&cs=tinysrgb&h=130,https://images.pexels.com/photos/5994828/pexels-photo-5994828.jpeg,pexels,success,1.0,0.0,0.95,"['gloves', 'vaccination']",unknown,图片中有一只戴着蓝色手套的手拿着一个疫苗瓶，标签上写着'COVID-19疫苗'，因此可以推断出这是在进行疫苗接种或展示疫苗的情景。,"```json
{
  ""has_people"": 1,
  ""has_protective_medical_staff"": 0,
  ""confidence"": 0.95,
  ""tags"": [""gloves"", ""vaccination""],
  ""reason"": ""图片中有一只戴着蓝色手套的手拿着一个疫苗瓶，标签上写着'COVID-19疫苗'，因此可以推断出这是在进行疫苗接种或展示疫苗的情景。""
}
```",
5995039,covid 19,5995039_A_hand_holding_a_COVID-19_test_tube_against_a_blue_background..jpg,data/raw\5995039_A_hand_holding_a_COVID-19_test_tube_against_a_blue_background..jpg,A hand holding a COVID-19 test tube against a blue background.,,6720,4480,#31A3CB,,,,,Maksim Goncharenok,,https://www.pexels.com/@maksgelatin,https://www.pexels.com/photo/a-close-up-shot-of-a-person-holding-a-blood-sample-5995039/,,https://images.pexels.com/photos/5995039/pexels-photo-5995039.jpeg?auto=compress&cs=tinysrgb&h=650&w=940,https://images.pexels.com/photos/5995039/pexels-photo-5995039.jpeg?auto=compress&cs=tinysrgb&h=130,https://images.pexels.com/photos/5995039/pexels-photo-5995039.jpeg,pexels,success,1.0,0.0,0.95,"['testing', 'covid_sign']",unknown,图片中有一只手拿着一个标有'COVID-19 TEST'的试管，表明这是一个新冠病毒检测。,"```json
{
  ""has_people"": 1,
  ""has_protective_medical_staff"": 0,
  ""confidence"": 0.95,
  ""tags"": [""testing"", ""covid_sign""],
  ""reason"": ""图片中有一只手拿着一个标有'COVID-19 TEST'的试管，表明这是一个新冠病毒检测。""
}
```",
5863360,covid 19,5863360_Syringe_and_vials_on_teal_background_representing_medical_healthcare_and_vaccination..jpg,data/raw\5863360_Syringe_and_vials_on_teal_background_representing_medical_healthcare_and_vaccination..jpg,Syringe and vials on teal background representing medical healthcare and vaccination.,,4010,6015,#83B0BA,,,,,Nataliya Vaitkevich,,https://www.pexels.com/@n-voitkevich,https://www.pexels.com/photo/covid-19-vaccine-ampoules-and-syringe-5863360/,,https://images.pexels.com/photos/5863360/pexels-photo-5863360.jpeg?auto=compress&cs=tinysrgb&h=650&w=940,https://images.pexels.com/photos/5863360/pexels-photo-5863360.jpeg?auto=compress&cs=tinysrgb&h=130,https://images.pexels.com/photos/5863360/pexels-photo-5863360.jpeg,pexels,success,0.0,0.0,0.95,['vaccination'],unknown,图片中有疫苗瓶和注射器，通常与疫苗接种相关。,"```json
{
  ""has_people"": 0,
  ""has_protective_medical_staff"": 0,
  ""confidence"": 0.95,
  ""tags"": [""vaccination""],
  ""reason"": ""图片中有疫苗瓶和注射器，通常与疫苗接种相关。""
}
```",
3952194,covid 19,3952194_A_man_holds_a__Wash_Your_Hands___COVID19__poster_on_an_orange_background..jpg,data/raw\3952194_A_man_holds_a__Wash_Your_Hands___COVID19__poster_on_an_orange_background..jpg,A man holds a 'Wash Your Hands! #COVID19' poster on an orange background.,,3834,5751,#A75141,,,,,cottonbro studio,,https://www.pexels.com/@cottonbro,https://www.pexels.com/photo/man-holding-a-sign-for-guidance-against-coronavirus-3952194/,,https://images.pexels.com/photos/3952194/pexels-photo-3952194.jpeg?auto=compress&cs=tinysrgb&h=650&w=940,https://images.pexels.com/photos/3952194/pexels-photo-3952194.jpeg?auto=compress&cs=tinysrgb&h=130,https://images.pexels.com/photos/3952194/pexels-photo-3952194.jpeg,pexels,success,1.0,0.0,0.95,['covid_sign'],unknown,图片中有一人手持写着'WASH YOUR HANDS! #COVID19'的标志牌，符合Covid-19相关宣传标语的要求。,"```json
{
  ""has_people"": 1,
  ""has_protective_medical_staff"": 0,
  ""confidence"": 0.95,
  ""tags"": [""covid_sign""],
  ""reason"": ""图片中有一人手持写着'WASH YOUR HANDS! #COVID19'的标志牌，符合Covid-19相关宣传标语的要求。""
}
```",
11624146,covid 19,11624146_Detailed_COVID-19_test_kit_with_swab__gloves__and_safety_glasses_on_a_white_surface..jpg,data/raw\11624146_Detailed_COVID-19_test_kit_with_swab__gloves__and_safety_glasses_on_a_white_surface..jpg,"Detailed COVID-19 test kit with swab, gloves, and safety glasses on a white surface.",,4800,3200,#D6DEE9,,,,,adrian vieriu,,https://www.pexels.com/@printexstar,https://www.pexels.com/photo/a-test-tube-test-kit-with-label-11624146/,,https://images.pexels.com/photos/11624146/pexels-photo-11624146.jpeg?auto=compress&cs=tinysrgb&h=650&w=940,https://images.pexels.com/photos/11624146/pexels-photo-11624146.jpeg?auto=compress&cs=tinysrgb&h=130,https://images.pexels.com/photos/11624146/pexels-photo-11624146.jpeg,pexels,success,0.0,0.0,0.95,['testing'],unknown,图片中没有显示人或医务人员，主要展示了一个标有'COVID-19 Test Kit'的试管。,"```json
{
  ""has_people"": 0,
  ""has_protective_medical_staff"": 0,
  ""confidence"": 0.95,
  ""tags"": [""testing""],
  ""reason"": ""图片中没有显示人或医务人员，主要展示了一个标有'COVID-19 Test Kit'的试管。""
}
```",
4042776,covid 19,4042776_Close-up_of_a_typewriter_with_a_COVID-19_message_on_paper__symbolizing_vintage_communication..jpg,data/raw\4042776_Close-up_of_a_typewriter_with_a_COVID-19_message_on_paper__symbolizing_vintage_communication..jpg,"Close-up of a typewriter with a COVID-19 message on paper, symbolizing vintage communication.",,3999,2666,#5E696D,,,,,Markus Winkler,,https://www.pexels.com/@markus-winkler-1430818,https://www.pexels.com/photo/photo-of-a-green-typewriter-4042776/,,https://images.pexels.com/photos/4042776/pexels-photo-4042776.jpeg?auto=compress&cs=tinysrgb&h=650&w=940,https://images.pexels.com/photos/4042776/pexels-photo-4042776.jpeg?auto=compress&cs=tinysrgb&h=130,https://images.pexels.com/photos/4042776/pexels-photo-4042776.jpeg,pexels,success,0.0,0.0,0.95,['covid_sign'],unknown,图片中没有显示人或医务人员，但有带有'#COVID19'标签的打字机，可能与疫情相关。,"```json
{
  ""has_people"": 0,
  ""has_protective_medical_staff"": 0,
  ""confidence"": 0.95,
  ""tags"": [""covid_sign""],
  ""reason"": ""图片中没有显示人或医务人员，但有带有'#COVID19'标签的打字机，可能与疫情相关。""
}
```",
8053018,covid 19,8053018_Detailed_map_showing_COVID-19_global_cases_with_data_visualization_by_country..jpg,data/raw\8053018_Detailed_map_showing_COVID-19_global_cases_with_data_visualization_by_country..jpg,Detailed map showing COVID-19 global cases with data visualization by country.,,2686,2100,#382C2E,,,,,Atypeek Dgn,,https://www.pexels.com/@atypeek,https://www.pexels.com/photo/covid-19-cases-by-country-8053018/,,https://images.pexels.com/photos/8053018/pexels-photo-8053018.jpeg?auto=compress&cs=tinysrgb&h=650&w=940,https://images.pexels.com/photos/8053018/pexels-photo-8053018.jpeg?auto=compress&cs=tinysrgb&h=130,https://images.pexels.com/photos/8053018/pexels-photo-8053018.jpeg,pexels,success,0.0,0.0,0.95,['covid_sign'],unknown,图像中没有显示任何人员或医务人员，只有全球病例数据和地图。,"```json
{
  ""has_people"": 0,
  ""has_protective_medical_staff"": 0,
  ""confidence"": 0.95,
  ""tags"": [""covid_sign""],
  ""reason"": ""图像中没有显示任何人员或医务人员，只有全球病例数据和地图。""
}
```",
5995202,covid 19,5995202_Close-up_view_of_COVID-19_vaccine_vials_organized_against_a_blue_backdrop..jpg,data/raw\5995202_Close-up_view_of_COVID-19_vaccine_vials_organized_against_a_blue_backdrop..jpg,Close-up view of COVID-19 vaccine vials organized against a blue backdrop.,,3865,5797,#89A1AD,,,,,Maksim Goncharenok,,https://www.pexels.com/@maksgelatin,https://www.pexels.com/photo/vaccine-bottles-in-close-up-photography-5995202/,,https://images.pexels.com/photos/5995202/pexels-photo-5995202.jpeg?auto=compress&cs=tinysrgb&h=650&w=940,https://images.pexels.com/photos/5995202/pexels-photo-5995202.jpeg?auto=compress&cs=tinysrgb&h=130,https://images.pexels.com/photos/5995202/pexels-photo-5995202.jpeg,pexels,success,0.0,0.0,0.95,['vaccination'],unknown,图片中显示的是疫苗瓶，没有出现人员或医务人员。,"```json
{
  ""has_people"": 0,
  ""has_protective_medical_staff"": 0,
  ""confidence"": 0.95,
  ""tags"": [""vaccination""],
  ""reason"": ""图片中显示的是疫苗瓶，没有出现人员或医务人员。""
}
```",
3987153,covid 19,3987153_A_woman_indoors_uses_hand_sanitizer_while_wearing_a_face_mask__emphasizing_hygiene_and_pandemic_prevention..jpg,data/raw\3987153_A_woman_indoors_uses_hand_sanitizer_while_wearing_a_face_mask__emphasizing_hygiene_and_pandemic_prevention..jpg,"A woman indoors uses hand sanitizer while wearing a face mask, emphasizing hygiene and pandemic prevention.",,4000,6000,#87595C,,,,,Anna Shvets,,https://www.pexels.com/@shvetsa,https://www.pexels.com/photo/woman-applying-hand-sanitizer-3987153/,,https://images.pexels.com/photos/3987153/pexels-photo-3987153.jpeg?auto=compress&cs=tinysrgb&h=650&w=940,https://images.pexels.com/photos/3987153/pexels-photo-3987153.jpeg?auto=compress&cs=tinysrgb&h=130,https://images.pexels.com/photos/3987153/pexels-photo-3987153.jpeg,pexels,success,1.0,0.0,0.95,"['ppe', 'mask']",unknown,图片中的人戴着口罩，但没有明显的防护服或医疗装备。,"```json
{
  ""has_people"": 1,
  ""has_protective_medical_staff"": 0,
  ""confidence"": 0.95,
  ""tags"": [""ppe"", ""mask""],
  ""reason"": ""图片中的人戴着口罩，但没有明显的防护服或医疗装备。""
}
```",
3952235,covid 19,3952235_A_man_holds_a_poster_warning_to_avoid_contact_during_Covid-19..jpg,data/raw\3952235_A_man_holds_a_poster_warning_to_avoid_contact_during_Covid-19..jpg,A man holds a poster warning to avoid contact during Covid-19.,,3875,5812,#A55040,,,,,cottonbro studio,,https://www.pexels.com/@cottonbro,https://www.pexels.com/photo/man-holding-a-warning-sign-about-coronavirus-3952235/,,https://images.pexels.com/photos/3952235/pexels-photo-3952235.jpeg?auto=compress&cs=tinysrgb&h=650&w=940,https://images.pexels.com/photos/3952235/pexels-photo-3952235.jpeg?auto=compress&cs=tinysrgb&h=130,https://images.pexels.com/photos/3952235/pexels-photo-3952235.jpeg,pexels,success,1.0,0.0,0.95,['covid_sign'],unknown,图片中有一人手持标有“避免与生病的人接触！#COVID19”的标志牌。,"```json
{
  ""has_people"": 1,
  ""has_protective_medical_staff"": 0,
  ""confidence"": 0.95,
  ""tags"": [""covid_sign""],
  ""reason"": ""图片中有一人手持标有“避免与生病的人接触！#COVID19”的标志牌。""
}
```",
5863434,covid 19,5863434_Five_COVID-19_vaccine_vials_against_a_dark_backdrop__symbolizing_healthcare_and_pandemic_response..jpg,data/raw\5863434_Five_COVID-19_vaccine_vials_against_a_dark_backdrop__symbolizing_healthcare_and_pandemic_response..jpg,"Five COVID-19 vaccine vials against a dark backdrop, symbolizing healthcare and pandemic response.",,5472,3648,#091117,,,,,Nataliya Vaitkevich,,https://www.pexels.com/@n-voitkevich,https://www.pexels.com/photo/six-small-glass-bottles-on-black-surface-5863434/,,https://images.pexels.com/photos/5863434/pexels-photo-5863434.jpeg?auto=compress&cs=tinysrgb&h=650&w=940,https://images.pexels.com/photos/5863434/pexels-photo-5863434.jpeg?auto=compress&cs=tinysrgb&h=130,https://images.pexels.com/photos/5863434/pexels-photo-5863434.jpeg,pexels,success,0.0,0.0,0.95,['vaccination'],unknown,图片中有疫苗瓶，但没有显示人或医务人员。,"```json
{
  ""has_people"": 0,
  ""has_protective_medical_staff"": 0,
  ""confidence"": 0.95,
  ""tags"": [""vaccination""],
  ""reason"": ""图片中有疫苗瓶，但没有显示人或医务人员。""
}
```",
4160156,covid 19,4160156_Close-up_of_a_vintage_typewriter_with_a_COVID-19_message_on_paper__evoking_a_retro_and_classic_feel..jpg,data/raw\4160156_Close-up_of_a_vintage_typewriter_with_a_COVID-19_message_on_paper__evoking_a_retro_and_classic_feel..jpg,"Close-up of a vintage typewriter with a COVID-19 message on paper, evoking a retro and classic feel.",,2666,3999,#676D6D,,,,,Markus Winkler,,https://www.pexels.com/@markus-winkler-1430818,https://www.pexels.com/photo/text-on-a-paper-in-a-vintage-typewriter-4160156/,,https://images.pexels.com/photos/4160156/pexels-photo-4160156.jpeg?auto=compress&cs=tinysrgb&h=650&w=940,https://images.pexels.com/photos/4160156/pexels-photo-4160156.jpeg?auto=compress&cs=tinysrgb&h=130,https://images.pexels.com/photos/4160156/pexels-photo-4160156.jpeg,pexels,success,0.0,0.0,0.95,['covid_sign'],unknown,图片中只有一台打字机，上面写着 'COVID19'，没有显示任何人体或医疗相关设备。,"```json
{
  ""has_people"": 0,
  ""has_protective_medical_staff"": 0,
  ""confidence"": 0.95,
  ""tags"": [""covid_sign""],
  ""reason"": ""图片中只有一台打字机，上面写着 'COVID19'，没有显示任何人体或医疗相关设备。""
}
```",
5878515,covid 19,5878515_Vial_of_COVID-19_vaccine_labeled_for_injection__set_against_a_blue_background..jpg,data/raw\5878515_Vial_of_COVID-19_vaccine_labeled_for_injection__set_against_a_blue_background..jpg,"Vial of COVID-19 vaccine labeled for injection, set against a blue background.",,6059,3408,#0E9FF9,,,,,Artem Podrez,,https://www.pexels.com/@artempodrez,https://www.pexels.com/photo/a-close-up-view-of-a-covid-19-vaccine-vial-on-blue-background-5878515/,,https://images.pexels.com/photos/5878515/pexels-photo-5878515.jpeg?auto=compress&cs=tinysrgb&h=650&w=940,https://images.pexels.com/photos/5878515/pexels-photo-5878515.jpeg?auto=compress&cs=tinysrgb&h=130,https://images.pexels.com/photos/5878515/pexels-photo-5878515.jpeg,pexels,success,0.0,0.0,0.95,['vaccination'],unknown,图像中只有一个疫苗瓶，没有显示任何人员或医务人员。,"```json
{
  ""has_people"": 0,
  ""has_protective_medical_staff"": 0,
  ""confidence"": 0.95,
  ""tags"": [""vaccination""],
  ""reason"": ""图像中只有一个疫苗瓶，没有显示任何人员或医务人员。""
}
```",
5863281,covid 19,5863281_Flat_lay_of_COVID-19_vaccine_vials__syringes__and_a_face_mask_on_a_pink_background..jpg,data/raw\5863281_Flat_lay_of_COVID-19_vaccine_vials__syringes__and_a_face_mask_on_a_pink_background..jpg,"Flat lay of COVID-19 vaccine vials, syringes, and a face mask on a pink background.",,4160,6240,#D9AED0,,,,,Nataliya Vaitkevich,,https://www.pexels.com/@n-voitkevich,https://www.pexels.com/photo/covid-vaccine-5863281/,,https://images.pexels.com/photos/5863281/pexels-photo-5863281.jpeg?auto=compress&cs=tinysrgb&h=650&w=940,https://images.pexels.com/photos/5863281/pexels-photo-5863281.jpeg?auto=compress&cs=tinysrgb&h=130,https://images.pexels.com/photos/5863281/pexels-photo-5863281.jpeg,pexels,success,0.0,0.0,0.95,"['ppe', 'mask']",unknown,图片中没有出现任何人物或医疗人员，只有口罩和疫苗瓶。,"```json
{
  ""has_people"": 0,
  ""has_protective_medical_staff"": 0,
  ""confidence"": 0.95,
  ""tags"": [""ppe"", ""mask""],
  ""reason"": ""图片中没有出现任何人物或医疗人员，只有口罩和疫苗瓶。""
}
```",
6509559,covid 19,6509559_Close-up_of_a_surgical_mask_with__Virus__text_against_a_purple_backdrop_symbolizing_pandemic_protection..jpg,data/raw\6509559_Close-up_of_a_surgical_mask_with__Virus__text_against_a_purple_backdrop_symbolizing_pandemic_protection..jpg,Close-up of a surgical mask with 'Virus' text against a purple backdrop symbolizing pandemic protection.,,4000,3000,#8F47C2,,,,,Atypeek Dgn,,https://www.pexels.com/@atypeek,https://www.pexels.com/photo/facemask-on-purple-surface-6509559/,,https://images.pexels.com/photos/6509559/pexels-photo-6509559.jpeg?auto=compress&cs=tinysrgb&h=650&w=940,https://images.pexels.com/photos/6509559/pexels-photo-6509559.jpeg?auto=compress&cs=tinysrgb&h=130,https://images.pexels.com/photos/6509559/pexels-photo-6509559.jpeg,pexels,success,0.0,0.0,0.95,['virus'],unknown,图片中只有一张标有'VIRUS'字样的口罩，没有显示任何人体或医务人员。,"```json
{
  ""has_people"": 0,
  ""has_protective_medical_staff"": 0,
  ""confidence"": 0.95,
  ""tags"": [""virus""],
  ""reason"": ""图片中只有一张标有'VIRUS'字样的口罩，没有显示任何人体或医务人员。""
}
```",
5863311,covid 19,5863311_Flat_lay_of_syringes_and_vials_on_pink_surface__related_to_COVID-19_vaccination..jpg,data/raw\5863311_Flat_lay_of_syringes_and_vials_on_pink_surface__related_to_COVID-19_vaccination..jpg,"Flat lay of syringes and vials on pink surface, related to COVID-19 vaccination.",,4160,6240,#D4A4C0,,,,,Nataliya Vaitkevich,,https://www.pexels.com/@n-voitkevich,https://www.pexels.com/photo/preparing-covid-vaccine-on-pink-surface-5863311/,,https://images.pexels.com/photos/5863311/pexels-photo-5863311.jpeg?auto=compress&cs=tinysrgb&h=650&w=940,https://images.pexels.com/photos/5863311/pexels-photo-5863311.jpeg?auto=compress&cs=tinysrgb&h=130,https://images.pexels.com/photos/5863311/pexels-photo-5863311.jpeg,pexels,success,0.0,0.0,0.95,['vaccination'],unknown,图片中没有出现任何人物或医疗人员，主要展示的是疫苗和注射器。,"```json
{
  ""has_people"": 0,
  ""has_protective_medical_staff"": 0,
  ""confidence"": 0.95,
  ""tags"": [""vaccination""],
  ""reason"": ""图片中没有出现任何人物或医疗人员，主要展示的是疫苗和注射器。""
}
```",
3952184,covid 19,3952184_Person_with_a_mask_holding_a_coronavirus_sign__conceptual_image_with_red_background..jpg,data/raw\3952184_Person_with_a_mask_holding_a_coronavirus_sign__conceptual_image_with_red_background..jpg,"Person with a mask holding a coronavirus sign, conceptual image with red background.",,3763,5645,#A8675F,,,,,cottonbro studio,,https://www.pexels.com/@cottonbro,https://www.pexels.com/photo/man-in-isolation-holding-a-placard-with-coronavirus-text-3952184/,,https://images.pexels.com/photos/3952184/pexels-photo-3952184.jpeg?auto=compress&cs=tinysrgb&h=650&w=940,https://images.pexels.com/photos/3952184/pexels-photo-3952184.jpeg?auto=compress&cs=tinysrgb&h=130,https://images.pexels.com/photos/3952184/pexels-photo-3952184.jpeg,pexels,success,1.0,0.0,0.95,"['ppe', 'mask']",unknown,图片中有一个人手持写着'CORONAVIRUS'的牌子，背景被透明胶带覆盖，无法看清具体细节。,"```json
{
  ""has_people"": 1,
  ""has_protective_medical_staff"": 0,
  ""confidence"": 0.95,
  ""tags"": [""ppe"", ""mask""],
  ""reason"": ""图片中有一个人手持写着'CORONAVIRUS'的牌子，背景被透明胶带覆盖，无法看清具体细节。""
}
```",
5878513,covid 19,5878513_Hand_holding_a_COVID-19_vaccine_vial_against_a_vibrant_blue_background..jpg,data/raw\5878513_Hand_holding_a_COVID-19_vaccine_vial_against_a_vibrant_blue_background..jpg,Hand holding a COVID-19 vaccine vial against a vibrant blue background.,,6078,3419,#419BE3,,,,,Artem Podrez,,https://www.pexels.com/@artempodrez,https://www.pexels.com/photo/person-holding-covid-19-vaccine-vial-5878513/,,https://images.pexels.com/photos/5878513/pexels-photo-5878513.jpeg?auto=compress&cs=tinysrgb&h=650&w=940,https://images.pexels.com/photos/5878513/pexels-photo-5878513.jpeg?auto=compress&cs=tinysrgb&h=130,https://images.pexels.com/photos/5878513/pexels-photo-5878513.jpeg,pexels,success,1.0,0.0,0.95,"['gloves', 'vaccination']",unknown,手戴手套，手中持有疫苗瓶，符合医务人员佩戴手套和接种疫苗的场景。,"```json
{
  ""has_people"": 1,
  ""has_protective_medical_staff"": 0,
  ""confidence"": 0.95,
  ""tags"": [""gloves"", ""vaccination""],
  ""reason"": ""手戴手套，手中持有疫苗瓶，符合医务人员佩戴手套和接种疫苗的场景。""
}
```",
5863279,covid 19,5863279_Top_view_of_COVID-19_vaccine_vials_with_syringe_on_a_pink_background__symbolizing_vaccination_and_health..jpg,data/raw\5863279_Top_view_of_COVID-19_vaccine_vials_with_syringe_on_a_pink_background__symbolizing_vaccination_and_health..jpg,"Top view of COVID-19 vaccine vials with syringe on a pink background, symbolizing vaccination and health.",,6095,4063,#DBA9D4,,,,,Nataliya Vaitkevich,,https://www.pexels.com/@n-voitkevich,https://www.pexels.com/photo/corona-virus-vaccine-vials-5863279/,,https://images.pexels.com/photos/5863279/pexels-photo-5863279.jpeg?auto=compress&cs=tinysrgb&h=650&w=940,https://images.pexels.com/photos/5863279/pexels-photo-5863279.jpeg?auto=compress&cs=tinysrgb&h=130,https://images.pexels.com/photos/5863279/pexels-photo-5863279.jpeg,pexels,success,0.0,0.0,0.95,['vaccination'],unknown,图片中展示的是疫苗瓶和注射器，没有显示人或医务人员。,"```json
{
  ""has_people"": 0,
  ""has_protective_medical_staff"": 0,
  ""confidence"": 0.95,
  ""tags"": [""vaccination""],
  ""reason"": ""图片中展示的是疫苗瓶和注射器，没有显示人或医务人员。""
}
```",
3923162,covid 19,3923162_White_pills_spelling__COVID-19__on_gray_surface_with_a_hand_arranging_them__symbolizing_pandemic_healthcare..jpg,data/raw\3923162_White_pills_spelling__COVID-19__on_gray_surface_with_a_hand_arranging_them__symbolizing_pandemic_healthcare..jpg,"White pills spelling 'COVID-19' on gray surface with a hand arranging them, symbolizing pandemic healthcare.",,3876,5144,#A8A7A7,,,,,cottonbro studio,,https://www.pexels.com/@cottonbro,https://www.pexels.com/photo/pills-on-gray-background-3923162/,,https://images.pexels.com/photos/3923162/pexels-photo-3923162.jpeg?auto=compress&cs=tinysrgb&h=650&w=940,https://images.pexels.com/photos/3923162/pexels-photo-3923162.jpeg?auto=compress&cs=tinysrgb&h=130,https://images.pexels.com/photos/3923162/pexels-photo-3923162.jpeg,pexels,success,1.0,0.0,0.95,"['ppe', 'mask']",unknown,图片中有手正在放置白色药片，形成'COVID-19'字样，这可能表示与COVID-19相关的医疗用品或信息。,"```json
{
  ""has_people"": 1,
  ""has_protective_medical_staff"": 0,
  ""confidence"": 0.95,
  ""tags"": [""ppe"", ""mask""],
  ""reason"": ""图片中有手正在放置白色药片，形成'COVID-19'字样，这可能表示与COVID-19相关的医疗用品或信息。""
}
```",
3952246,covid 19,3952246_A_woman_looks_away_as_a_person_holds_a_coronavirus_sign_behind_plastic..jpg,data/raw\3952246_A_woman_looks_away_as_a_person_holds_a_coronavirus_sign_behind_plastic..jpg,A woman looks away as a person holds a coronavirus sign behind plastic.,,5551,3701,#C88477,,,,,cottonbro studio,,https://www.pexels.com/@cottonbro,https://www.pexels.com/photo/woman-in-white-crew-neck-t-shirt-standing-beside-a-man-holding-a-placard-of-coronavirus-3952246/,,https://images.pexels.com/photos/3952246/pexels-photo-3952246.jpeg?auto=compress&cs=tinysrgb&h=650&w=940,https://images.pexels.com/photos/3952246/pexels-photo-3952246.jpeg?auto=compress&cs=tinysrgb&h=130,https://images.pexels.com/photos/3952246/pexels-photo-3952246.jpeg,pexels,success,1.0,0.0,0.95,"['nurse', 'ppe', 'mask', 'face_shield']",unknown,图片中有一个人手持写着'CORONAVIRUS'的牌子，背景模糊不清，无法确认是否为医务人员或防护装备。,"```json
{
  ""has_people"": 1,
  ""has_protective_medical_staff"": 0,
  ""confidence"": 0.95,
  ""tags"": [""nurse"", ""ppe"", ""mask"", ""face_shield""],
  ""reason"": ""图片中有一个人手持写着'CORONAVIRUS'的牌子，背景模糊不清，无法确认是否为医务人员或防护装备。""
}
```",
5995027,covid 19,5995027_Gloved_hand_holding_COVID-19_test_vials_against_blue_background__indicating_positive_results..jpg,data/raw\5995027_Gloved_hand_holding_COVID-19_test_vials_against_blue_background__indicating_positive_results..jpg,"Gloved hand holding COVID-19 test vials against blue background, indicating positive results.",,6720,4480,#5FADCA,,,,,Maksim Goncharenok,,https://www.pexels.com/@maksgelatin,https://www.pexels.com/photo/white-and-orange-tube-bottle-5995027/,,https://images.pexels.com/photos/5995027/pexels-photo-5995027.jpeg?auto=compress&cs=tinysrgb&h=650&w=940,https://images.pexels.com/photos/5995027/pexels-photo-5995027.jpeg?auto=compress&cs=tinysrgb&h=130,https://images.pexels.com/photos/5995027/pexels-photo-5995027.jpeg,pexels,success,1.0,0.0,0.95,"['gloves', 'testing']",unknown,手部戴着手套，手中拿着测试管，可能用于医疗检测。,"```json
{
  ""has_people"": 1,
  ""has_protective_medical_staff"": 0,
  ""confidence"": 0.95,
  ""tags"": [""gloves"", ""testing""],
  ""reason"": ""手部戴着手套，手中拿着测试管，可能用于医疗检测。""
}
```",
5878514,covid 19,5878514_Close-up_of_a_COVID-19_vaccine_vial_against_a_vibrant_blue_background.jpg,data/raw\5878514_Close-up_of_a_COVID-19_vaccine_vial_against_a_vibrant_blue_background.jpg,Close-up of a COVID-19 vaccine vial against a vibrant blue background,,6144,3456,#07A9EC,,,,,Artem Podrez,,https://www.pexels.com/@artempodrez,https://www.pexels.com/photo/a-close-up-view-of-a-covid-19-vaccine-vial-on-blue-background-5878514/,,https://images.pexels.com/photos/5878514/pexels-photo-5878514.jpeg?auto=compress&cs=tinysrgb&h=650&w=940,https://images.pexels.com/photos/5878514/pexels-photo-5878514.jpeg?auto=compress&cs=tinysrgb&h=130,https://images.pexels.com/photos/5878514/pexels-photo-5878514.jpeg,pexels,success,0.0,0.0,0.95,['COVID-19 Vaccine'],unknown,图中只有一瓶疫苗，没有出现任何人物或医务人员。,"```json
{
  ""has_people"": 0,
  ""has_protective_medical_staff"": 0,
  ""confidence"": 0.95,
  ""tags"": [""COVID-19 Vaccine""],
  ""reason"": ""图中只有一瓶疫苗，没有出现任何人物或医务人员。""
}
```",
11623541,covid 19,11623541_A_medical_professional_in_full_protective_gear_performing_a_COVID-19_test_indoors..jpg,data/raw\11623541_A_medical_professional_in_full_protective_gear_performing_a_COVID-19_test_indoors..jpg,A medical professional in full protective gear performing a COVID-19 test indoors.,,4800,3200,#CED8E1,,,,,adrian vieriu,,https://www.pexels.com/@printexstar,https://www.pexels.com/photo/a-person-wearing-a-personal-protective-equipment-testing-a-swab-11623541/,,https://images.pexels.com/photos/11623541/pexels-photo-11623541.jpeg?auto=compress&cs=tinysrgb&h=650&w=940,https://images.pexels.com/photos/11623541/pexels-photo-11623541.jpeg?auto=compress&cs=tinysrgb&h=130,https://images.pexels.com/photos/11623541/pexels-photo-11623541.jpeg,pexels,success,1.0,1.0,0.95,"['doctor', 'ppe', 'protective_suit', 'mask', 'face_shield', 'gloves']",unknown,图片中的人穿着防护服和口罩，符合医务人员的标准。,"```json
{
  ""has_people"": 1,
  ""has_protective_medical_staff"": 1,
  ""confidence"": 0.95,
  ""tags"": [""doctor"", ""ppe"", ""protective_suit"", ""mask"", ""face_shield"", ""gloves""],
  ""reason"": ""图片中的人穿着防护服和口罩，符合医务人员的标准。""
}
```",
3987151,covid 19,3987151_A_woman_in_a_red_sweater_applies_hand_sanitizer_indoors_for_hygiene_and_prevention..jpg,data/raw\3987151_A_woman_in_a_red_sweater_applies_hand_sanitizer_indoors_for_hygiene_and_prevention..jpg,A woman in a red sweater applies hand sanitizer indoors for hygiene and prevention.,,4000,6000,#825457,,,,,Anna Shvets,,https://www.pexels.com/@shvetsa,https://www.pexels.com/photo/woman-applying-hand-sanitizer-3987151/,,https://images.pexels.com/photos/3987151/pexels-photo-3987151.jpeg?auto=compress&cs=tinysrgb&h=650&w=940,https://images.pexels.com/photos/3987151/pexels-photo-3987151.jpeg?auto=compress&cs=tinysrgb&h=130,https://images.pexels.com/photos/3987151/pexels-photo-3987151.jpeg,pexels,success,1.0,0.0,0.95,"['ppe', 'mask']",unknown,图片中有一个人穿着红色的衣服和口罩，但没有明显的防护服或医疗装备。,"```json
{
  ""has_people"": 1,
  ""has_protective_medical_staff"": 0,
  ""confidence"": 0.95,
  ""tags"": [""ppe"", ""mask""],
  ""reason"": ""图片中有一个人穿着红色的衣服和口罩，但没有明显的防护服或医疗装备。""
}
```",
5995028,covid 19,5995028_Two_COVID-19_blood_test_vials_with_labels_on_a_vibrant_blue_backdrop..jpg,data/raw\5995028_Two_COVID-19_blood_test_vials_with_labels_on_a_vibrant_blue_backdrop..jpg,Two COVID-19 blood test vials with labels on a vibrant blue backdrop.,,4539,3026,#05AFE4,,,,,Maksim Goncharenok,,https://www.pexels.com/@maksgelatin,https://www.pexels.com/photo/medical-test-tubes-with-blood-sample-and-label-on-blue-background-5995028/,,https://images.pexels.com/photos/5995028/pexels-photo-5995028.jpeg?auto=compress&cs=tinysrgb&h=650&w=940,https://images.pexels.com/photos/5995028/pexels-photo-5995028.jpeg?auto=compress&cs=tinysrgb&h=130,https://images.pexels.com/photos/5995028/pexels-photo-5995028.jpeg,pexels,success,0.0,0.0,0.95,['testing'],unknown,图像中只有一支标有'COVID-19 TEST'的笔，没有显示任何人体或医务人员。,"```json
{
  ""has_people"": 0,
  ""has_protective_medical_staff"": 0,
  ""confidence"": 0.95,
  ""tags"": [""testing""],
  ""reason"": ""图像中只有一支标有'COVID-19 TEST'的笔，没有显示任何人体或医务人员。""
}
```",
5863309,covid 19,5863309_A_COVID-19_vaccine_vial_with_syringe_on_a_pink_surface__symbolizing_healthcare_efforts..jpg,data/raw\5863309_A_COVID-19_vaccine_vial_with_syringe_on_a_pink_surface__symbolizing_healthcare_efforts..jpg,"A COVID-19 vaccine vial with syringe on a pink surface, symbolizing healthcare efforts.",,2671,4007,#E0A9D0,,,,,Nataliya Vaitkevich,,https://www.pexels.com/@n-voitkevich,https://www.pexels.com/photo/preparing-covid-vaccine-on-pink-surface-5863309/,,https://images.pexels.com/photos/5863309/pexels-photo-5863309.jpeg?auto=compress&cs=tinysrgb&h=650&w=940,https://images.pexels.com/photos/5863309/pexels-photo-5863309.jpeg?auto=compress&cs=tinysrgb&h=130,https://images.pexels.com/photos/5863309/pexels-photo-5863309.jpeg,pexels,success,0.0,0.0,0.95,['vaccination'],unknown,图片中只有一支疫苗注射器和一个疫苗瓶，没有出现任何人体或医务人员。,"```json
{
  ""has_people"": 0,
  ""has_protective_medical_staff"": 0,
  ""confidence"": 0.95,
  ""tags"": [""vaccination""],
  ""reason"": ""图片中只有一支疫苗注射器和一个疫苗瓶，没有出现任何人体或医务人员。""
}
```",
5994658,covid 19,5994658_Array_of_COVID-19_vaccine_vials_labeled_for_injection_lying_on_a_blue_background..jpg,data/raw\5994658_Array_of_COVID-19_vaccine_vials_labeled_for_injection_lying_on_a_blue_background..jpg,Array of COVID-19 vaccine vials labeled for injection lying on a blue background.,,6720,4480,#81BCCF,,,,,Maksim Goncharenok,,https://www.pexels.com/@maksgelatin,https://www.pexels.com/photo/covid-vaccines-on-blue-surface-5994658/,,https://images.pexels.com/photos/5994658/pexels-photo-5994658.jpeg?auto=compress&cs=tinysrgb&h=650&w=940,https://images.pexels.com/photos/5994658/pexels-photo-5994658.jpeg?auto=compress&cs=tinysrgb&h=130,https://images.pexels.com/photos/5994658/pexels-photo-5994658.jpeg,pexels,success,0.0,0.0,0.95,['vaccine'],unknown,图片中没有显示人或医务人员，只有疫苗瓶。,"```json
{
  ""has_people"": 0,
  ""has_protective_medical_staff"": 0,
  ""confidence"": 0.95,
  ""tags"": [""vaccine""],
  ""reason"": ""图片中没有显示人或医务人员，只有疫苗瓶。""
}
```",
5863359,covid 19,5863359_Close-up_of_COVID-19_vaccine_vials_with_syringe_on_a_teal_surface__highlighting_medical_themes..jpg,data/raw\5863359_Close-up_of_COVID-19_vaccine_vials_with_syringe_on_a_teal_surface__highlighting_medical_themes..jpg,"Close-up of COVID-19 vaccine vials with syringe on a teal surface, highlighting medical themes.",,4093,2729,#87AEB7,,,,,Nataliya Vaitkevich,,https://www.pexels.com/@n-voitkevich,https://www.pexels.com/photo/covid-19-vaccine-ampoules-and-syringe-5863359/,,https://images.pexels.com/photos/5863359/pexels-photo-5863359.jpeg?auto=compress&cs=tinysrgb&h=650&w=940,https://images.pexels.com/photos/5863359/pexels-photo-5863359.jpeg?auto=compress&cs=tinysrgb&h=130,https://images.pexels.com/photos/5863359/pexels-photo-5863359.jpeg,pexels,success,0.0,0.0,0.95,"['vaccination', 'covid_sign']",unknown,图片中有疫苗和新冠状病毒的标签，但没有实际的人或医务人员。,"```json
{
  ""has_people"": 0,
  ""has_protective_medical_staff"": 0,
  ""confidence"": 0.95,
  ""tags"": [""vaccination"", ""covid_sign""],
  ""reason"": ""图片中有疫苗和新冠状病毒的标签，但没有实际的人或医务人员。""
}
```",
5994790,covid 19,5994790_A_close-up_of_a_COVID-19_vaccine_vial_held_in_a_blue_latex-gloved_hand_against_a_teal_background..jpg,data/raw\5994790_A_close-up_of_a_COVID-19_vaccine_vial_held_in_a_blue_latex-gloved_hand_against_a_teal_background..jpg,A close-up of a COVID-19 vaccine vial held in a blue latex-gloved hand against a teal background.,,4266,6399,#54B3CC,,,,,Maksim Goncharenok,,https://www.pexels.com/@maksgelatin,https://www.pexels.com/photo/person-holding-a-labeled-bottle-5994790/,,https://images.pexels.com/photos/5994790/pexels-photo-5994790.jpeg?auto=compress&cs=tinysrgb&h=650&w=940,https://images.pexels.com/photos/5994790/pexels-photo-5994790.jpeg?auto=compress&cs=tinysrgb&h=130,https://images.pexels.com/photos/5994790/pexels-photo-5994790.jpeg,pexels,success,1.0,0.0,0.95,"['gloves', 'vaccination']",unknown,手部戴着蓝色手套，手中拿着一个疫苗瓶，标签上写着'COVID-19疫苗',"```json
{
  ""has_people"": 1,
  ""has_protective_medical_staff"": 0,
  ""confidence"": 0.95,
  ""tags"": [""gloves"", ""vaccination""],
  ""reason"": ""手部戴着蓝色手套，手中拿着一个疫苗瓶，标签上写着'COVID-19疫苗'""
}
```",
13220089,covid 19,13220089_A_close-up_of_a_smartphone_screen_showing_a_COVID-19_exposure_notification_alert..jpg,data/raw\13220089_A_close-up_of_a_smartphone_screen_showing_a_COVID-19_exposure_notification_alert..jpg,A close-up of a smartphone screen showing a COVID-19 exposure notification alert.,,3072,4080,#161817,,,,,Obi Onyeador,,https://www.pexels.com/@obi-onyeador-1787470,https://www.pexels.com/photo/smartphone-in-close-up-shot-13220089/,,https://images.pexels.com/photos/13220089/pexels-photo-13220089.jpeg?auto=compress&cs=tinysrgb&h=650&w=940,https://images.pexels.com/photos/13220089/pexels-photo-13220089.jpeg?auto=compress&cs=tinysrgb&h=130,https://images.pexels.com/photos/13220089/pexels-photo-13220089.jpeg,pexels,success,0.0,0.0,0.95,['covid_sign'],unknown,图片中显示的是一个手机屏幕，上面有COVID-19暴露通知的信息，没有显示任何人体或医疗人员。,"```json
{
  ""has_people"": 0,
  ""has_protective_medical_staff"": 0,
  ""confidence"": 0.95,
  ""tags"": [""covid_sign""],
  ""reason"": ""图片中显示的是一个手机屏幕，上面有COVID-19暴露通知的信息，没有显示任何人体或医疗人员。""
}
```",
11623559,covid 19,11623559_Scientist_in_PPE_injects_Earth_model_symbolizing_global_vaccination_efforts..jpg,data/raw\11623559_Scientist_in_PPE_injects_Earth_model_symbolizing_global_vaccination_efforts..jpg,Scientist in PPE injects Earth model symbolizing global vaccination efforts.,,4800,3200,#D1D8E0,,,,,adrian vieriu,,https://www.pexels.com/@printexstar,https://www.pexels.com/photo/doctor-hand-wearing-glove-injecting-syringe-of-coronavirus-vaccine-concept-syringe-of-vaccine-and-needle-planting-on-the-planet-earth-coronavirus-covid-19-11623559/,,https://images.pexels.com/photos/11623559/pexels-photo-11623559.jpeg?auto=compress&cs=tinysrgb&h=650&w=940,https://images.pexels.com/photos/11623559/pexels-photo-11623559.jpeg?auto=compress&cs=tinysrgb&h=130,https://images.pexels.com/photos/11623559/pexels-photo-11623559.jpeg,pexels,success,1.0,1.0,0.98,"['doctor', 'ppe', 'protective_suit', 'mask', 'gloves']",unknown,图片中有穿着防护服和手套的人手持注射器，背景模糊不清，但可以辨认出防护服和口罩等防护装备。,"```json
{
  ""has_people"": 1,
  ""has_protective_medical_staff"": 1,
  ""confidence"": 0.98,
  ""tags"": [""doctor"", ""ppe"", ""protective_suit"", ""mask"", ""gloves""],
  ""reason"": ""图片中有穿着防护服和手套的人手持注射器，背景模糊不清，但可以辨认出防护服和口罩等防护装备。""
}
```",
5995043,covid 19,5995043_Four_COVID-19_test_tubes_arranged_in_a_cross_shape_on_a_vivid_blue_background..jpg,data/raw\5995043_Four_COVID-19_test_tubes_arranged_in_a_cross_shape_on_a_vivid_blue_background..jpg,Four COVID-19 test tubes arranged in a cross shape on a vivid blue background.,,4539,3026,#0AAFE3,,,,,Maksim Goncharenok,,https://www.pexels.com/@maksgelatin,https://www.pexels.com/photo/whit-vacutainers-on-blue-background-5995043/,,https://images.pexels.com/photos/5995043/pexels-photo-5995043.jpeg?auto=compress&cs=tinysrgb&h=650&w=940,https://images.pexels.com/photos/5995043/pexels-photo-5995043.jpeg?auto=compress&cs=tinysrgb&h=130,https://images.pexels.com/photos/5995043/pexels-photo-5995043.jpeg,pexels,success,0.0,0.0,0.95,['testing'],unknown,图像中有两个新冠测试管，没有显示任何人体或医疗人员。,"```json
{
  ""has_people"": 0,
  ""has_protective_medical_staff"": 0,
  ""confidence"": 0.95,
  ""tags"": [""testing""],
  ""reason"": ""图像中有两个新冠测试管，没有显示任何人体或医疗人员。""
}
```",
5995162,covid 19,5995162_Top_view_of_multiple_Covid-19_vaccine_vials_on_a_blue_background_emphasizing_vaccination_effort..jpg,data/raw\5995162_Top_view_of_multiple_Covid-19_vaccine_vials_on_a_blue_background_emphasizing_vaccination_effort..jpg,Top view of multiple Covid-19 vaccine vials on a blue background emphasizing vaccination effort.,,4480,6720,#80C8DD,,,,,Maksim Goncharenok,,https://www.pexels.com/@maksgelatin,https://www.pexels.com/photo/a-close-up-shot-of-covid-19-vaccine-vials-on-a-blue-surface-5995162/,,https://images.pexels.com/photos/5995162/pexels-photo-5995162.jpeg?auto=compress&cs=tinysrgb&h=650&w=940,https://images.pexels.com/photos/5995162/pexels-photo-5995162.jpeg?auto=compress&cs=tinysrgb&h=130,https://images.pexels.com/photos/5995162/pexels-photo-5995162.jpeg,pexels,success,0.0,0.0,0.95,['vaccination'],unknown,图片中展示的是疫苗瓶，没有显示人或医务人员。,"```json
{
  ""has_people"": 0,
  ""has_protective_medical_staff"": 0,
  ""confidence"": 0.95,
  ""tags"": [""vaccination""],
  ""reason"": ""图片中展示的是疫苗瓶，没有显示人或医务人员。""
}
```",
5994844,covid 19,5994844_Single_COVID-19_vaccine_vial_on_a_striking_red_backdrop__symbolizing_health_and_pandemic_response..jpg,data/raw\5994844_Single_COVID-19_vaccine_vial_on_a_striking_red_backdrop__symbolizing_health_and_pandemic_response..jpg,"Single COVID-19 vaccine vial on a striking red backdrop, symbolizing health and pandemic response.",,2896,1931,#EF1905,,,,,Maksim Goncharenok,,https://www.pexels.com/@maksgelatin,https://www.pexels.com/photo/white-and-red-labeled-bottle-5994844/,,https://images.pexels.com/photos/5994844/pexels-photo-5994844.jpeg?auto=compress&cs=tinysrgb&h=650&w=940,https://images.pexels.com/photos/5994844/pexels-photo-5994844.jpeg?auto=compress&cs=tinysrgb&h=130,https://images.pexels.com/photos/5994844/pexels-photo-5994844.jpeg,pexels,success,0.0,0.0,0.95,['vaccination'],unknown,图片中只有一个疫苗瓶，没有显示人或医务人员。,"```json
{
  ""has_people"": 0,
  ""has_protective_medical_staff"": 0,
  ""confidence"": 0.95,
  ""tags"": [""vaccination""],
  ""reason"": ""图片中只有一个疫苗瓶，没有显示人或医务人员。""
}
```",
8488619,covid 19,8488619_Close-up_of_a_healthcare_professional_giving_a_vaccine_shot_to_a_patient_wearing_a_mask..jpg,data/raw\8488619_Close-up_of_a_healthcare_professional_giving_a_vaccine_shot_to_a_patient_wearing_a_mask..jpg,Close-up of a healthcare professional giving a vaccine shot to a patient wearing a mask.,,5616,3744,#A8ABB2,,,,,FRANK MERIÑO,,https://www.pexels.com/@franco30,https://www.pexels.com/photo/person-getting-vaccinated-8488619/,,https://images.pexels.com/photos/8488619/pexels-photo-8488619.jpeg?auto=compress&cs=tinysrgb&h=650&w=940,https://images.pexels.com/photos/8488619/pexels-photo-8488619.jpeg?auto=compress&cs=tinysrgb&h=130,https://images.pexels.com/photos/8488619/pexels-photo-8488619.jpeg,pexels,success,1.0,1.0,0.95,"['doctor', 'nurse', 'medical_staff', 'ppe', 'protective_suit', 'mask', 'face_shield', 'gloves']",unknown,图片中有穿着防护服和手套的医务人员正在给患者注射疫苗。,"```json
{
  ""has_people"": 1,
  ""has_protective_medical_staff"": 1,
  ""confidence"": 0.95,
  ""tags"": [""doctor"", ""nurse"", ""medical_staff"", ""ppe"", ""protective_suit"", ""mask"", ""face_shield"", ""gloves""],
  ""reason"": ""图片中有穿着防护服和手套的医务人员正在给患者注射疫苗。""
}
```",
5863319,covid 19,5863319_Close-up_of_COVID-19_vaccine_vials_and_syringe_on_a_pink_background__symbolizing_vaccination_efforts..jpg,data/raw\5863319_Close-up_of_COVID-19_vaccine_vials_and_syringe_on_a_pink_background__symbolizing_vaccination_efforts..jpg,"Close-up of COVID-19 vaccine vials and syringe on a pink background, symbolizing vaccination efforts.",,3162,4743,#D397BF,,,,,Nataliya Vaitkevich,,https://www.pexels.com/@n-voitkevich,https://www.pexels.com/photo/preparing-covid-vaccine-on-pink-surface-5863319/,,https://images.pexels.com/photos/5863319/pexels-photo-5863319.jpeg?auto=compress&cs=tinysrgb&h=650&w=940,https://images.pexels.com/photos/5863319/pexels-photo-5863319.jpeg?auto=compress&cs=tinysrgb&h=130,https://images.pexels.com/photos/5863319/pexels-photo-5863319.jpeg,pexels,success,0.0,0.0,0.95,['vaccination'],unknown,图片中只有一支疫苗注射器和两个小瓶子，没有出现任何人体或医务人员。,"```json
{
  ""has_people"": 0,
  ""has_protective_medical_staff"": 0,
  ""confidence"": 0.95,
  ""tags"": [""vaccination""],
  ""reason"": ""图片中只有一支疫苗注射器和两个小瓶子，没有出现任何人体或医务人员。""
}
```",
3970327,covid 19,3970327_Screen_displaying_COVID-19_cases_and_deaths_statistics_with_map..jpg,data/raw\3970327_Screen_displaying_COVID-19_cases_and_deaths_statistics_with_map..jpg,Screen displaying COVID-19 cases and deaths statistics with map.,,3500,2333,#BBC1C1,,,,,Markus Spiske,,https://www.pexels.com/@markusspiske,https://www.pexels.com/photo/coronavirus-statistics-3970327/,,https://images.pexels.com/photos/3970327/pexels-photo-3970327.jpeg?auto=compress&cs=tinysrgb&h=650&w=940,https://images.pexels.com/photos/3970327/pexels-photo-3970327.jpeg?auto=compress&cs=tinysrgb&h=130,https://images.pexels.com/photos/3970327/pexels-photo-3970327.jpeg,pexels,success,0.0,0.0,0.95,['covid_sign'],unknown,图片中没有显示任何人物或医疗人员，主要展示的是与冠状病毒相关的数据和地图。,"```json
{
  ""has_people"": 0,
  ""has_protective_medical_staff"": 0,
  ""confidence"": 0.95,
  ""tags"": [""covid_sign""],
  ""reason"": ""图片中没有显示任何人物或医疗人员，主要展示的是与冠状病毒相关的数据和地图。""
}
```",
3952238,covid 19,3952238_Close-up_of_a_hand_holding_a_paintbrush_with_a_pandemic_sign_on_the_wall..jpg,data/raw\3952238_Close-up_of_a_hand_holding_a_paintbrush_with_a_pandemic_sign_on_the_wall..jpg,Close-up of a hand holding a paintbrush with a pandemic sign on the wall.,,5959,3973,#CEC7C8,,,,,cottonbro studio,,https://www.pexels.com/@cottonbro,https://www.pexels.com/photo/coveid19-text-on-paper-3952238/,,https://images.pexels.com/photos/3952238/pexels-photo-3952238.jpeg?auto=compress&cs=tinysrgb&h=650&w=940,https://images.pexels.com/photos/3952238/pexels-photo-3952238.jpeg?auto=compress&cs=tinysrgb&h=130,https://images.pexels.com/photos/3952238/pexels-photo-3952238.jpeg,pexels,success,1.0,0.0,0.95,['covid_sign'],unknown,图片中有手和笔，背景上有文字 'WHEN IS THE END? #COVID19'，这表明有人在思考或讨论与 COVID-19 相关的问题。,"```json
{
  ""has_people"": 1,
  ""has_protective_medical_staff"": 0,
  ""confidence"": 0.95,
  ""tags"": [""covid_sign""],
  ""reason"": ""图片中有手和笔，背景上有文字 'WHEN IS THE END? #COVID19'，这表明有人在思考或讨论与 COVID-19 相关的问题。""
}
```",
6075051,covid 19,6075051_Ampoules_with_vaccine_for_coronavirus_near_glass_bottles_with_liquid_in_blue_ultraviolet_light.jpg,data/raw\6075051_Ampoules_with_vaccine_for_coronavirus_near_glass_bottles_with_liquid_in_blue_ultraviolet_light.jpg,Ampoules with vaccine for coronavirus near glass bottles with liquid in blue ultraviolet light,,3330,4996,#0261B0,,,,,Alena Shekhovtcova,,https://www.pexels.com/@alena-shekhovtcova,https://www.pexels.com/photo/ampoules-with-vaccine-for-covid-19-near-glassware-6075051/,,https://images.pexels.com/photos/6075051/pexels-photo-6075051.jpeg?auto=compress&cs=tinysrgb&h=650&w=940,https://images.pexels.com/photos/6075051/pexels-photo-6075051.jpeg?auto=compress&cs=tinysrgb&h=130,https://images.pexels.com/photos/6075051/pexels-photo-6075051.jpeg,pexels,success,0.0,0.0,0.95,['vaccination'],unknown,图片中只有一支疫苗针管，没有显示任何人体或医务人员。,"```json
{
  ""has_people"": 0,
  ""has_protective_medical_staff"": 0,
  ""confidence"": 0.95,
  ""tags"": [""vaccination""],
  ""reason"": ""图片中只有一支疫苗针管，没有显示任何人体或医务人员。""
}
```",
5863306,covid 19,5863306_Syringes_and_vials_arranged_on_a_pink_background_for_medical_and_healthcare_concepts..jpg,data/raw\5863306_Syringes_and_vials_arranged_on_a_pink_background_for_medical_and_healthcare_concepts..jpg,Syringes and vials arranged on a pink background for medical and healthcare concepts.,,4160,6240,#D7A4C7,,,,,Nataliya Vaitkevich,,https://www.pexels.com/@n-voitkevich,https://www.pexels.com/photo/preparing-covid-vaccine-on-pink-surface-5863306/,,https://images.pexels.com/photos/5863306/pexels-photo-5863306.jpeg?auto=compress&cs=tinysrgb&h=650&w=940,https://images.pexels.com/photos/5863306/pexels-photo-5863306.jpeg?auto=compress&cs=tinysrgb&h=130,https://images.pexels.com/photos/5863306/pexels-photo-5863306.jpeg,pexels,success,0.0,0.0,0.95,['vaccination'],unknown,图片中有疫苗注射器和疫苗瓶，但没有显示人或医务人员。,"```json
{
  ""has_people"": 0,
  ""has_protective_medical_staff"": 0,
  ""confidence"": 0.95,
  ""tags"": [""vaccination""],
  ""reason"": ""图片中有疫苗注射器和疫苗瓶，但没有显示人或医务人员。""
}
```",
5994827,covid 19,5994827_A_collection_of_COVID-19_vaccine_vials_on_a_vivid_orange_background__representing_medical_advancements..jpg,data/raw\5994827_A_collection_of_COVID-19_vaccine_vials_on_a_vivid_orange_background__representing_medical_advancements..jpg,"A collection of COVID-19 vaccine vials on a vivid orange background, representing medical advancements.",,6553,4369,#ED4C35,,,,,Maksim Goncharenok,,https://www.pexels.com/@maksgelatin,https://www.pexels.com/photo/vaccine-bottles-on-red-background-5994827/,,https://images.pexels.com/photos/5994827/pexels-photo-5994827.jpeg?auto=compress&cs=tinysrgb&h=650&w=940,https://images.pexels.com/photos/5994827/pexels-photo-5994827.jpeg?auto=compress&cs=tinysrgb&h=130,https://images.pexels.com/photos/5994827/pexels-photo-5994827.jpeg,pexels,success,0.0,0.0,0.95,['vaccination'],unknown,图片中展示的是疫苗瓶，没有显示人或医务人员。,"```json
{
  ""has_people"": 0,
  ""has_protective_medical_staff"": 0,
  ""confidence"": 0.95,
  ""tags"": [""vaccination""],
  ""reason"": ""图片中展示的是疫苗瓶，没有显示人或医务人员。""
}
```",
4108271,covid 19,4108271_Motivational_text__We_will_survive_coronavirus__with_spotlight_effect..jpg,data/raw\4108271_Motivational_text__We_will_survive_coronavirus__with_spotlight_effect..jpg,"Motivational text ""We will survive coronavirus"" with spotlight effect.",,6240,4160,#635346,,,,,Polina Zimmerman,,https://www.pexels.com/@polina-zimmerman,https://www.pexels.com/photo/grayscale-photo-of-slogan-on-coronavirus-4108271/,,https://images.pexels.com/photos/4108271/pexels-photo-4108271.jpeg?auto=compress&cs=tinysrgb&h=650&w=940,https://images.pexels.com/photos/4108271/pexels-photo-4108271.jpeg?auto=compress&cs=tinysrgb&h=130,https://images.pexels.com/photos/4108271/pexels-photo-4108271.jpeg,pexels,success,0.0,0.0,0.95,['coronavirus'],unknown,图片中没有显示任何人物或医疗人员，只有文字信息。,"```json
{
  ""has_people"": 0,
  ""has_protective_medical_staff"": 0,
  ""confidence"": 0.95,
  ""tags"": [""coronavirus""],
  ""reason"": ""图片中没有显示任何人物或医疗人员，只有文字信息。""
}
```",
5994665,covid 19,5994665_Three_COVID-19_vaccine_vials_with_labels_on_a_bright_blue_background..jpg,data/raw\5994665_Three_COVID-19_vaccine_vials_with_labels_on_a_bright_blue_background..jpg,Three COVID-19 vaccine vials with labels on a bright blue background.,,6430,4287,#67C4E3,,,,,Maksim Goncharenok,,https://www.pexels.com/@maksgelatin,https://www.pexels.com/photo/vaccine-bottles-on-blue-background-5994665/,,https://images.pexels.com/photos/5994665/pexels-photo-5994665.jpeg?auto=compress&cs=tinysrgb&h=650&w=940,https://images.pexels.com/photos/5994665/pexels-photo-5994665.jpeg?auto=compress&cs=tinysrgb&h=130,https://images.pexels.com/photos/5994665/pexels-photo-5994665.jpeg,pexels,success,0.0,0.0,0.95,['vaccination'],unknown,图片中有疫苗瓶，但没有显示人或医务人员。,"```json
{
  ""has_people"": 0,
  ""has_protective_medical_staff"": 0,
  ""confidence"": 0.95,
  ""tags"": [""vaccination""],
  ""reason"": ""图片中有疫苗瓶，但没有显示人或医务人员。""
}
```",
4108226,covid 19,4108226_Orange_poster_with_social_distancing_and_COVID-19_survival_message..jpg,data/raw\4108226_Orange_poster_with_social_distancing_and_COVID-19_survival_message..jpg,Orange poster with social distancing and COVID-19 survival message.,,4104,6156,#E05331,,,,,Polina Zimmerman,,https://www.pexels.com/@polina-zimmerman,https://www.pexels.com/photo/slogann-on-social-distancing-4108226/,,https://images.pexels.com/photos/4108226/pexels-photo-4108226.jpeg?auto=compress&cs=tinysrgb&h=650&w=940,https://images.pexels.com/photos/4108226/pexels-photo-4108226.jpeg?auto=compress&cs=tinysrgb&h=130,https://images.pexels.com/photos/4108226/pexels-photo-4108226.jpeg,pexels,success,0.0,0.0,0.95,"['social_distancing', 'coronavirus']",unknown,图片内容为橙色背景上的白色文字，没有显示任何人物或医疗人员，也没有任何与病毒相关的图标。,"```json
{
  ""has_people"": 0,
  ""has_protective_medical_staff"": 0,
  ""confidence"": 0.95,
  ""tags"": [""social_distancing"", ""coronavirus""],
  ""reason"": ""图片内容为橙色背景上的白色文字，没有显示任何人物或医疗人员，也没有任何与病毒相关的图标。""
}
```",
3952247,covid 19,3952247_A_pair_of_hands_preparing_a_syringe_with_COVID-19_vaccine_in_a_medical_setting..jpg,data/raw\3952247_A_pair_of_hands_preparing_a_syringe_with_COVID-19_vaccine_in_a_medical_setting..jpg,A pair of hands preparing a syringe with COVID-19 vaccine in a medical setting.,,4000,6000,#D6CFD0,,,,,cottonbro studio,,https://www.pexels.com/@cottonbro,https://www.pexels.com/photo/person-holding-blue-and-white-vaccine-3952247/,,https://images.pexels.com/photos/3952247/pexels-photo-3952247.jpeg?auto=compress&cs=tinysrgb&h=650&w=940,https://images.pexels.com/photos/3952247/pexels-photo-3952247.jpeg?auto=compress&cs=tinysrgb&h=130,https://images.pexels.com/photos/3952247/pexels-photo-3952247.jpeg,pexels,success,1.0,0.0,0.95,['testing'],unknown,图片中有一只手拿着一个注射器，背景上写着'测试'，这表明正在进行某种形式的医学检测。,"```json
{
  ""has_people"": 1,
  ""has_protective_medical_staff"": 0,
  ""confidence"": 0.95,
  ""tags"": [""testing""],
  ""reason"": ""图片中有一只手拿着一个注射器，背景上写着'测试'，这表明正在进行某种形式的医学检测。""
}
```",
8111475,covid 19,8111475_Chalkboard_message_with_a_mask_cutting_symbolizes_transition_to_post-COVID_life..jpg,data/raw\8111475_Chalkboard_message_with_a_mask_cutting_symbolizes_transition_to_post-COVID_life..jpg,Chalkboard message with a mask cutting symbolizes transition to post-COVID life.,,5192,3466,#898788,,,,,Pavel Danilyuk,,https://www.pexels.com/@pavel-danilyuk,https://www.pexels.com/photo/person-cutting-medical-face-mask-8111475/,,https://images.pexels.com/photos/8111475/pexels-photo-8111475.jpeg?auto=compress&cs=tinysrgb&h=650&w=940,https://images.pexels.com/photos/8111475/pexels-photo-8111475.jpeg?auto=compress&cs=tinysrgb&h=130,https://images.pexels.com/photos/8111475/pexels-photo-8111475.jpeg,pexels,success,1.0,0.0,0.95,"['ppe', 'mask']",unknown,图片中有一个人正在剪口罩，这可能与'post covid life'有关。,"```json
{
  ""has_people"": 1,
  ""has_protective_medical_staff"": 0,
  ""confidence"": 0.95,
  ""tags"": [""ppe"", ""mask""],
  ""reason"": ""图片中有一个人正在剪口罩，这可能与'post covid life'有关。""
}
```",
3952190,covid 19,3952190_Masked_individual_holding_a_protest_sign_about_COVID-19_behind_plastic_sheeting__symbolizing_anxiety_and_isolation..jpg,data/raw\3952190_Masked_individual_holding_a_protest_sign_about_COVID-19_behind_plastic_sheeting__symbolizing_anxiety_and_isolation..jpg,"Masked individual holding a protest sign about COVID-19 behind plastic sheeting, symbolizing anxiety and isolation.",,4000,6000,#AF726C,,,,,cottonbro studio,,https://www.pexels.com/@cottonbro,https://www.pexels.com/photo/woman-holding-a-poster-with-anxiety-3952190/,,https://images.pexels.com/photos/3952190/pexels-photo-3952190.jpeg?auto=compress&cs=tinysrgb&h=650&w=940,https://images.pexels.com/photos/3952190/pexels-photo-3952190.jpeg?auto=compress&cs=tinysrgb&h=130,https://images.pexels.com/photos/3952190/pexels-photo-3952190.jpeg,pexels,success,1.0,0.0,0.95,"['ppe', 'mask']",unknown,图片中有一个人手持标牌，穿着白色T恤和黑色口罩，背景为红色，符合医疗防护装备的特征。,"```json
{
  ""has_people"": 1,
  ""has_protective_medical_staff"": 0,
  ""confidence"": 0.95,
  ""tags"": [""ppe"", ""mask""],
  ""reason"": ""图片中有一个人手持标牌，穿着白色T恤和黑色口罩，背景为红色，符合医疗防护装备的特征。""
}
```",
9115404,covid 19,9115404_Strong_message_on_a_board_symbolizing_overcoming_COVID-19_challenges_with_vibrant_colors..jpg,data/raw\9115404_Strong_message_on_a_board_symbolizing_overcoming_COVID-19_challenges_with_vibrant_colors..jpg,Strong message on a board symbolizing overcoming COVID-19 challenges with vibrant colors.,,5758,3831,#937612,,,,,Brett Sayles,,https://www.pexels.com/@brett-sayles,https://www.pexels.com/photo/pink-text-on-black-text-board-9115404/,,https://images.pexels.com/photos/9115404/pexels-photo-9115404.jpeg?auto=compress&cs=tinysrgb&h=650&w=940,https://images.pexels.com/photos/9115404/pexels-photo-9115404.jpeg?auto=compress&cs=tinysrgb&h=130,https://images.pexels.com/photos/9115404/pexels-photo-9115404.jpeg,pexels,success,0.0,0.0,0.95,['covid_sign'],unknown,图片中没有出现任何人物或医疗人员，背景上写着 'I MADE COVID MY BITCH'，这可能与病毒相关的内容有关。,"```json
{
  ""has_people"": 0,
  ""has_protective_medical_staff"": 0,
  ""confidence"": 0.95,
  ""tags"": [""covid_sign""],
  ""reason"": ""图片中没有出现任何人物或医疗人员，背景上写着 'I MADE COVID MY BITCH'，这可能与病毒相关的内容有关。""
}
```",
5995291,covid 19,5995291_Close-up_of_COVID-19_vaccine_vials_with_injection_label_in_a_studio_setting..jpg,data/raw\5995291_Close-up_of_COVID-19_vaccine_vials_with_injection_label_in_a_studio_setting..jpg,Close-up of COVID-19 vaccine vials with injection label in a studio setting.,,2947,1965,#9ABDCC,,,,,Maksim Goncharenok,,https://www.pexels.com/@maksgelatin,https://www.pexels.com/photo/close-up-shot-of-a-vaccine-bottle-5995291/,,https://images.pexels.com/photos/5995291/pexels-photo-5995291.jpeg?auto=compress&cs=tinysrgb&h=650&w=940,https://images.pexels.com/photos/5995291/pexels-photo-5995291.jpeg?auto=compress&cs=tinysrgb&h=130,https://images.pexels.com/photos/5995291/pexels-photo-5995291.jpeg,pexels,success,0.0,0.0,0.95,"['vaccination', 'covid_sign']",unknown,图片中没有显示人或医务人员，主要展示的是疫苗瓶。,"```json
{
  ""has_people"": 0,
  ""has_protective_medical_staff"": 0,
  ""confidence"": 0.95,
  ""tags"": [""vaccination"", ""covid_sign""],
  ""reason"": ""图片中没有显示人或医务人员，主要展示的是疫苗瓶。""
}
```",
5994832,covid 19,5994832_COVID-19_vaccine_vials_arranged_to_spell__COVID__on_a_red_surface..jpg,data/raw\5994832_COVID-19_vaccine_vials_arranged_to_spell__COVID__on_a_red_surface..jpg,COVID-19 vaccine vials arranged to spell 'COVID' on a red surface.,,6221,4147,#E9331B,,,,,Maksim Goncharenok,,https://www.pexels.com/@maksgelatin,https://www.pexels.com/photo/covid-vaccines-on-a-red-surface-5994832/,,https://images.pexels.com/photos/5994832/pexels-photo-5994832.jpeg?auto=compress&cs=tinysrgb&h=650&w=940,https://images.pexels.com/photos/5994832/pexels-photo-5994832.jpeg?auto=compress&cs=tinysrgb&h=130,https://images.pexels.com/photos/5994832/pexels-photo-5994832.jpeg,pexels,success,0.0,0.0,0.95,"['vaccination', 'covid_sign']",unknown,图片中没有显示任何人物或医疗人员，只有疫苗瓶排列成'COVID'字样。,"```json
{
  ""has_people"": 0,
  ""has_protective_medical_staff"": 0,
  ""confidence"": 0.95,
  ""tags"": [""vaccination"", ""covid_sign""],
  ""reason"": ""图片中没有显示任何人物或医疗人员，只有疫苗瓶排列成'COVID'字样。""
}
```",
5994794,covid 19,5994794_COVID-19_vaccine_vial__syringe__test_tube__and_microscope_on_blue_background__symbolizing_research_and_healthcare..jpg,data/raw\5994794_COVID-19_vaccine_vial__syringe__test_tube__and_microscope_on_blue_background__symbolizing_research_and_healthcare..jpg,"COVID-19 vaccine vial, syringe, test tube, and microscope on blue background, symbolizing research and healthcare.",,6469,4313,#73ACC5,,,,,Maksim Goncharenok,,https://www.pexels.com/@maksgelatin,https://www.pexels.com/photo/covid-vaccine-tools-5994794/,,https://images.pexels.com/photos/5994794/pexels-photo-5994794.jpeg?auto=compress&cs=tinysrgb&h=650&w=940,https://images.pexels.com/photos/5994794/pexels-photo-5994794.jpeg?auto=compress&cs=tinysrgb&h=130,https://images.pexels.com/photos/5994794/pexels-photo-5994794.jpeg,pexels,success,0.0,0.0,0.95,"['vaccine', 'injection', 'microscope']",unknown,图片中没有出现人体或医务人员，主要物体是疫苗和显微镜。,"```json
{
  ""has_people"": 0,
  ""has_protective_medical_staff"": 0,
  ""confidence"": 0.95,
  ""tags"": [""vaccine"", ""injection"", ""microscope""],
  ""reason"": ""图片中没有出现人体或医务人员，主要物体是疫苗和显微镜。""
}
```",
5863398,covid 19,5863398_Medical_supplies_including_face_masks__syringes__and_COVID-19_vaccine_vials_on_a_sterile_teal_background..jpg,data/raw\5863398_Medical_supplies_including_face_masks__syringes__and_COVID-19_vaccine_vials_on_a_sterile_teal_background..jpg,"Medical supplies including face masks, syringes, and COVID-19 vaccine vials on a sterile teal background.",,4160,6240,#73B2BF,,,,,Nataliya Vaitkevich,,https://www.pexels.com/@n-voitkevich,https://www.pexels.com/photo/medication-and-healthcare-instruments-for-covid-19-5863398/,,https://images.pexels.com/photos/5863398/pexels-photo-5863398.jpeg?auto=compress&cs=tinysrgb&h=650&w=940,https://images.pexels.com/photos/5863398/pexels-photo-5863398.jpeg?auto=compress&cs=tinysrgb&h=130,https://images.pexels.com/photos/5863398/pexels-photo-5863398.jpeg,pexels,success,0.0,0.0,0.95,"['mask', 'vaccination']",unknown,图片中只包含口罩和疫苗，没有显示任何人体或医务人员。,"```json
{
  ""has_people"": 0,
  ""has_protective_medical_staff"": 0,
  ""confidence"": 0.95,
  ""tags"": [""mask"", ""vaccination""],
  ""reason"": ""图片中只包含口罩和疫苗，没有显示任何人体或医务人员。""
}
```",
28344449,covid 19,28344449_Workers_in_protective_gear_sanitize_streets_in_Chorrillos__Lima__to_curb_COVID-19_spread..jpg,data/raw\28344449_Workers_in_protective_gear_sanitize_streets_in_Chorrillos__Lima__to_curb_COVID-19_spread..jpg,"Workers in protective gear sanitize streets in Chorrillos, Lima, to curb COVID-19 spread.",,5760,3728,#949293,,,,,Gabriel Torino,,https://www.pexels.com/@gabriel-torino-1798760249,https://www.pexels.com/photo/rastros-de-pandemia-28344449/,,https://images.pexels.com/photos/28344449/pexels-photo-28344449.jpeg?auto=compress&cs=tinysrgb&h=650&w=940,https://images.pexels.com/photos/28344449/pexels-photo-28344449.jpeg?auto=compress&cs=tinysrgb&h=130,https://images.pexels.com/photos/28344449/pexels-photo-28344449.jpeg,pexels,success,1.0,1.0,0.98,"['medical_staff', 'ppe', 'protective_suit', 'mask', 'face_shield']",unknown,图中有多个穿着防护服和口罩的人员，符合医务人员的标准。,"```json
{
  ""has_people"": 1,
  ""has_protective_medical_staff"": 1,
  ""confidence"": 0.98,
  ""tags"": [""medical_staff"", ""ppe"", ""protective_suit"", ""mask"", ""face_shield""],
  ""reason"": ""图中有多个穿着防护服和口罩的人员，符合医务人员的标准。""
}
```",
5863321,covid 19,5863321_Two_COVID-19_vaccine_vials_placed_on_a_pink_background__indicating_healthcare_and_vaccination_concepts..jpg,data/raw\5863321_Two_COVID-19_vaccine_vials_placed_on_a_pink_background__indicating_healthcare_and_vaccination_concepts..jpg,"Two COVID-19 vaccine vials placed on a pink background, indicating healthcare and vaccination concepts.",,4052,6078,#D6A2C2,,,,,Nataliya Vaitkevich,,https://www.pexels.com/@n-voitkevich,https://www.pexels.com/photo/covid-vaccine-on-pink-surface-5863321/,,https://images.pexels.com/photos/5863321/pexels-photo-5863321.jpeg?auto=compress&cs=tinysrgb&h=650&w=940,https://images.pexels.com/photos/5863321/pexels-photo-5863321.jpeg?auto=compress&cs=tinysrgb&h=130,https://images.pexels.com/photos/5863321/pexels-photo-5863321.jpeg,pexels,success,0.0,0.0,0.95,['vaccination'],unknown,图像中有两个疫苗瓶，通常用于疫苗接种场景。,"```json
{
  ""has_people"": 0,
  ""has_protective_medical_staff"": 0,
  ""confidence"": 0.95,
  ""tags"": [""vaccination""],
  ""reason"": ""图像中有两个疫苗瓶，通常用于疫苗接种场景。""
}
```",
5994805,covid 19,5994805_Close-up_of_multiple_COVID-19_vaccine_vials_lined_up_on_a_blue_surface..jpg,data/raw\5994805_Close-up_of_multiple_COVID-19_vaccine_vials_lined_up_on_a_blue_surface..jpg,Close-up of multiple COVID-19 vaccine vials lined up on a blue surface.,,6720,4480,#80C2D7,,,,,Maksim Goncharenok,,https://www.pexels.com/@maksgelatin,https://www.pexels.com/photo/close-up-photo-of-a-lined-up-covid-vaccines-5994805/,,https://images.pexels.com/photos/5994805/pexels-photo-5994805.jpeg?auto=compress&cs=tinysrgb&h=650&w=940,https://images.pexels.com/photos/5994805/pexels-photo-5994805.jpeg?auto=compress&cs=tinysrgb&h=130,https://images.pexels.com/photos/5994805/pexels-photo-5994805.jpeg,pexels,success,0.0,0.0,0.95,"['vaccine', 'vaccination']",unknown,图片中只显示了疫苗瓶，没有出现任何人员或医务人员。,"```json
{
  ""has_people"": 0,
  ""has_protective_medical_staff"": 0,
  ""confidence"": 0.95,
  ""tags"": [""vaccine"", ""vaccination""],
  ""reason"": ""图片中只显示了疫苗瓶，没有出现任何人员或医务人员。""
}
```",
5863368,covid 19,5863368_Close-up_of_hands_in_gloves_handling_a_vaccine_vial_and_syringe_on_a_teal_background..jpg,data/raw\5863368_Close-up_of_hands_in_gloves_handling_a_vaccine_vial_and_syringe_on_a_teal_background..jpg,Close-up of hands in gloves handling a vaccine vial and syringe on a teal background.,,4160,6240,#7DB3B9,,,,,Nataliya Vaitkevich,,https://www.pexels.com/@n-voitkevich,https://www.pexels.com/photo/a-person-opening-an-ampoule-5863368/,,https://images.pexels.com/photos/5863368/pexels-photo-5863368.jpeg?auto=compress&cs=tinysrgb&h=650&w=940,https://images.pexels.com/photos/5863368/pexels-photo-5863368.jpeg?auto=compress&cs=tinysrgb&h=130,https://images.pexels.com/photos/5863368/pexels-photo-5863368.jpeg,pexels,success,1.0,0.0,0.95,"['nurse', 'gloves']",unknown,图片中有戴着蓝色手套的手，手套上可能有医疗标志，表明可能是医务人员。,"```json
{
  ""has_people"": 1,
  ""has_protective_medical_staff"": 0,
  ""confidence"": 0.95,
  ""tags"": [""nurse"", ""gloves""],
  ""reason"": ""图片中有戴着蓝色手套的手，手套上可能有医疗标志，表明可能是医务人员。""
}
```",
4108255,covid 19,4108255_Black_text_on_white_background_reads__We_will_survive_coronavirus..jpg,data/raw\4108255_Black_text_on_white_background_reads__We_will_survive_coronavirus..jpg,Black text on white background reads 'We will survive coronavirus.',,4160,6240,#BDBCC2,,,,,Polina Zimmerman,,https://www.pexels.com/@polina-zimmerman,https://www.pexels.com/photo/slogan-on-coronavirus-with-positive-outlook-4108255/,,https://images.pexels.com/photos/4108255/pexels-photo-4108255.jpeg?auto=compress&cs=tinysrgb&h=650&w=940,https://images.pexels.com/photos/4108255/pexels-photo-4108255.jpeg?auto=compress&cs=tinysrgb&h=130,https://images.pexels.com/photos/4108255/pexels-photo-4108255.jpeg,pexels,success,0.0,0.0,0.95,['coronavirus'],unknown,图片内容为黑白文字，没有显示人物或医疗人员，也没有显示与病毒相关的标志或符号。,"```json
{
  ""has_people"": 0,
  ""has_protective_medical_staff"": 0,
  ""confidence"": 0.95,
  ""tags"": [""coronavirus""],
  ""reason"": ""图片内容为黑白文字，没有显示人物或医疗人员，也没有显示与病毒相关的标志或符号。""
}
```",
12994622,covid 19,12994622_Outdoor_view_of_a_COVID-19_testing_directional_sign_with_an_arrow_pointing_left..jpg,data/raw\12994622_Outdoor_view_of_a_COVID-19_testing_directional_sign_with_an_arrow_pointing_left..jpg,Outdoor view of a COVID-19 testing directional sign with an arrow pointing left.,,4352,3264,#616E5A,,,,,Sonny Sixteen,,https://www.pexels.com/@sonny,https://www.pexels.com/photo/directional-signage-on-roadside-12994622/,,https://images.pexels.com/photos/12994622/pexels-photo-12994622.jpeg?auto=compress&cs=tinysrgb&h=650&w=940,https://images.pexels.com/photos/12994622/pexels-photo-12994622.jpeg?auto=compress&cs=tinysrgb&h=130,https://images.pexels.com/photos/12994622/pexels-photo-12994622.jpeg,pexels,success,0.0,0.0,0.95,['covid_sign'],unknown,图片中没有显示任何人员或医疗人员，只有一个指向COVID-19测试方向的标志牌。,"```json
{
  ""has_people"": 0,
  ""has_protective_medical_staff"": 0,
  ""confidence"": 0.95,
  ""tags"": [""covid_sign""],
  ""reason"": ""图片中没有显示任何人员或医疗人员，只有一个指向COVID-19测试方向的标志牌。""
}
```",
3992937,covid 19,3992937_Microscopic_view_of_yellow_virus_particles_on_a_blue_surface__showcasing_intricate_details..jpg,data/raw\3992937_Microscopic_view_of_yellow_virus_particles_on_a_blue_surface__showcasing_intricate_details..jpg,"Microscopic view of yellow virus particles on a blue surface, showcasing intricate details.",,2400,2068,#3A5765,,,,,CDC,,https://www.pexels.com/@cdc-library,https://www.pexels.com/photo/microscopic-shot-of-a-virus-3992937/,,https://images.pexels.com/photos/3992937/pexels-photo-3992937.jpeg?auto=compress&cs=tinysrgb&h=650&w=940,https://images.pexels.com/photos/3992937/pexels-photo-3992937.jpeg?auto=compress&cs=tinysrgb&h=130,https://images.pexels.com/photos/3992937/pexels-photo-3992937.jpeg,pexels,success,0.0,0.0,0.95,"['virus', 'covid_sign']",unknown,图像显示的是病毒颗粒，没有显示任何人类或医务人员。,"```json
{
  ""has_people"": 0,
  ""has_protective_medical_staff"": 0,
  ""confidence"": 0.95,
  ""tags"": [""virus"", ""covid_sign""],
  ""reason"": ""图像显示的是病毒颗粒，没有显示任何人类或医务人员。""
}
```",
5863370,covid 19,5863370_Hands_with_gloves_handling_a_syringe_and_COVID-19_vaccine_vial_against_teal_background..jpg,data/raw\5863370_Hands_with_gloves_handling_a_syringe_and_COVID-19_vaccine_vial_against_teal_background..jpg,Hands with gloves handling a syringe and COVID-19 vaccine vial against teal background.,,3967,5951,#71B2BC,,,,,Nataliya Vaitkevich,,https://www.pexels.com/@n-voitkevich,https://www.pexels.com/photo/a-person-holding-a-syringe-and-an-ampoule-5863370/,,https://images.pexels.com/photos/5863370/pexels-photo-5863370.jpeg?auto=compress&cs=tinysrgb&h=650&w=940,https://images.pexels.com/photos/5863370/pexels-photo-5863370.jpeg?auto=compress&cs=tinysrgb&h=130,https://images.pexels.com/photos/5863370/pexels-photo-5863370.jpeg,pexels,success,1.0,1.0,0.95,"['nurse', 'ppe', 'gloves']",unknown,图片中有穿着防护手套的手，手套上有明显的防护标识，表明这是医疗环境中的一幕。,"```json
{
  ""has_people"": 1,
  ""has_protective_medical_staff"": 1,
  ""confidence"": 0.95,
  ""tags"": [""nurse"", ""ppe"", ""gloves""],
  ""reason"": ""图片中有穿着防护手套的手，手套上有明显的防护标识，表明这是医疗环境中的一幕。""
}
```",
3952230,covid 19,3952230_Young_adults_holding_a_sign_highlighting_COVID-19_pandemic_awareness..jpg,data/raw\3952230_Young_adults_holding_a_sign_highlighting_COVID-19_pandemic_awareness..jpg,Young adults holding a sign highlighting COVID-19 pandemic awareness.,,6000,4000,#B85F4B,,,,,cottonbro studio,,https://www.pexels.com/@cottonbro,https://www.pexels.com/photo/people-holding-a-placard-with-pandemic-covid19-text-3952230/,,https://images.pexels.com/photos/3952230/pexels-photo-3952230.jpeg?auto=compress&cs=tinysrgb&h=650&w=940,https://images.pexels.com/photos/3952230/pexels-photo-3952230.jpeg?auto=compress&cs=tinysrgb&h=130,https://images.pexels.com/photos/3952230/pexels-photo-3952230.jpeg,pexels,success,1.0,0.0,0.95,"['ppe', 'mask']",unknown,两人手持标牌，背景为红色，可能与疫情相关。,"```json
{
  ""has_people"": 1,
  ""has_protective_medical_staff"": 0,
  ""confidence"": 0.95,
  ""tags"": [""ppe"", ""mask""],
  ""reason"": ""两人手持标牌，背景为红色，可能与疫情相关。""
}
```",
5995228,covid 19,5995228_Top_view_of_COVID-19_blood_test_vials_arranged_on_a_vibrant_blue_surface..jpg,data/raw\5995228_Top_view_of_COVID-19_blood_test_vials_arranged_on_a_vibrant_blue_surface..jpg,Top view of COVID-19 blood test vials arranged on a vibrant blue surface.,,4480,6720,#54C1EF,,,,,Maksim Goncharenok,,https://www.pexels.com/@maksgelatin,https://www.pexels.com/photo/white-and-red-vacutainers-5995228/,,https://images.pexels.com/photos/5995228/pexels-photo-5995228.jpeg?auto=compress&cs=tinysrgb&h=650&w=940,https://images.pexels.com/photos/5995228/pexels-photo-5995228.jpeg?auto=compress&cs=tinysrgb&h=130,https://images.pexels.com/photos/5995228/pexels-photo-5995228.jpeg,pexels,success,0.0,0.0,0.95,"['testing', 'covid_sign']",unknown,图片中没有显示人或医务人员，只有标有'COVID-19 TEST'的试管。,"```json
{
  ""has_people"": 0,
  ""has_protective_medical_staff"": 0,
  ""confidence"": 0.95,
  ""tags"": [""testing"", ""covid_sign""],
  ""reason"": ""图片中没有显示人或医务人员，只有标有'COVID-19 TEST'的试管。""
}
```",
7722844,covid 19,7722844_Grid_of_COVID-19_vaccine_labels_ready_for_medical_and_healthcare_applications..jpg,data/raw\7722844_Grid_of_COVID-19_vaccine_labels_ready_for_medical_and_healthcare_applications..jpg,Grid of COVID-19 vaccine labels ready for medical and healthcare applications.,,5150,3433,#A7A4A3,,,,,Tara Winstead,,https://www.pexels.com/@tara-winstead,https://www.pexels.com/photo/covi-19-vaccine-label-stickers-7722844/,,https://images.pexels.com/photos/7722844/pexels-photo-7722844.jpeg?auto=compress&cs=tinysrgb&h=650&w=940,https://images.pexels.com/photos/7722844/pexels-photo-7722844.jpeg?auto=compress&cs=tinysrgb&h=130,https://images.pexels.com/photos/7722844/pexels-photo-7722844.jpeg,pexels,success,0.0,0.0,0.95,['vaccine'],unknown,图片内容主要显示了与COVID-19疫苗相关的文字信息，没有出现任何人物或医务人员。,"```json
{
  ""has_people"": 0,
  ""has_protective_medical_staff"": 0,
  ""confidence"": 0.95,
  ""tags"": [""vaccine""],
  ""reason"": ""图片内容主要显示了与COVID-19疫苗相关的文字信息，没有出现任何人物或医务人员。""
}
```",
3952230,covid 19,3952230_Young_adults_holding_a_sign_highlighting_COVID-19_pandemic_awareness..jpg,data/raw\3952230_Young_adults_holding_a_sign_highlighting_COVID-19_pandemic_awareness..jpg,Young adults holding a sign highlighting COVID-19 pandemic awareness.,,6000,4000,#B85F4B,,,,,cottonbro studio,,https://www.pexels.com/@cottonbro,https://www.pexels.com/photo/people-holding-a-placard-with-pandemic-covid19-text-3952230/,,https://images.pexels.com/photos/3952230/pexels-photo-3952230.jpeg?auto=compress&cs=tinysrgb&h=650&w=940,https://images.pexels.com/photos/3952230/pexels-photo-3952230.jpeg?auto=compress&cs=tinysrgb&h=130,https://images.pexels.com/photos/3952230/pexels-photo-3952230.jpeg,pexels,success,1.0,0.0,0.95,"['ppe', 'mask']",unknown,两人手持标牌，背景为红色，可能与疫情相关。,"```json
{
  ""has_people"": 1,
  ""has_protective_medical_staff"": 0,
  ""confidence"": 0.95,
  ""tags"": [""ppe"", ""mask""],
  ""reason"": ""两人手持标牌，背景为红色，可能与疫情相关。""
}
```",
5995228,covid 19,5995228_Top_view_of_COVID-19_blood_test_vials_arranged_on_a_vibrant_blue_surface..jpg,data/raw\5995228_Top_view_of_COVID-19_blood_test_vials_arranged_on_a_vibrant_blue_surface..jpg,Top view of COVID-19 blood test vials arranged on a vibrant blue surface.,,4480,6720,#54C1EF,,,,,Maksim Goncharenok,,https://www.pexels.com/@maksgelatin,https://www.pexels.com/photo/white-and-red-vacutainers-5995228/,,https://images.pexels.com/photos/5995228/pexels-photo-5995228.jpeg?auto=compress&cs=tinysrgb&h=650&w=940,https://images.pexels.com/photos/5995228/pexels-photo-5995228.jpeg?auto=compress&cs=tinysrgb&h=130,https://images.pexels.com/photos/5995228/pexels-photo-5995228.jpeg,pexels,success,0.0,0.0,0.95,"['testing', 'covid_sign']",unknown,图片中没有显示人或医务人员，只有标有'COVID-19 TEST'的试管。,"```json
{
  ""has_people"": 0,
  ""has_protective_medical_staff"": 0,
  ""confidence"": 0.95,
  ""tags"": [""testing"", ""covid_sign""],
  ""reason"": ""图片中没有显示人或医务人员，只有标有'COVID-19 TEST'的试管。""
}
```",
11624066,covid 19,11624066_COVID-19_test_kit_with_gloves__goggles__and_swab_on_a_white_surface__emphasizing_safety_and_health..jpg,data/raw\11624066_COVID-19_test_kit_with_gloves__goggles__and_swab_on_a_white_surface__emphasizing_safety_and_health..jpg,"COVID-19 test kit with gloves, goggles, and swab on a white surface, emphasizing safety and health.",,4800,3200,#D1DEEE,,,,,adrian vieriu,,https://www.pexels.com/@printexstar,https://www.pexels.com/photo/testing-kit-and-personal-protective-equipment-11624066/,,https://images.pexels.com/photos/11624066/pexels-photo-11624066.jpeg?auto=compress&cs=tinysrgb&h=650&w=940,https://images.pexels.com/photos/11624066/pexels-photo-11624066.jpeg?auto=compress&cs=tinysrgb&h=130,https://images.pexels.com/photos/11624066/pexels-photo-11624066.jpeg,pexels,success,0.0,0.0,0.95,"['gloves', 'testing']",unknown,图片中只有一副蓝色的手套和一个标有“COVID-19测试套件”的试管，没有显示任何人体或医务人员。,"```json
{
  ""has_people"": 0,
  ""has_protective_medical_staff"": 0,
  ""confidence"": 0.95,
  ""tags"": [""gloves"", ""testing""],
  ""reason"": ""图片中只有一副蓝色的手套和一个标有“COVID-19测试套件”的试管，没有显示任何人体或医务人员。""
}
```",
5995294,covid 19,5995294_Close-up_of_COVID-19_vaccine_vials_on_a_reflective_surface_against_a_blue_background..jpg,data/raw\5995294_Close-up_of_COVID-19_vaccine_vials_on_a_reflective_surface_against_a_blue_background..jpg,Close-up of COVID-19 vaccine vials on a reflective surface against a blue background.,,4416,6624,#73B8D3,,,,,Maksim Goncharenok,,https://www.pexels.com/@maksgelatin,https://www.pexels.com/photo/vaccine-bottles-in-close-up-photography-5995294/,,https://images.pexels.com/photos/5995294/pexels-photo-5995294.jpeg?auto=compress&cs=tinysrgb&h=650&w=940,https://images.pexels.com/photos/5995294/pexels-photo-5995294.jpeg?auto=compress&cs=tinysrgb&h=130,https://images.pexels.com/photos/5995294/pexels-photo-5995294.jpeg,pexels,success,0.0,0.0,0.95,['vaccination'],unknown,图片中显示的是疫苗瓶，没有出现人员或防护服。,"```json
{
  ""has_people"": 0,
  ""has_protective_medical_staff"": 0,
  ""confidence"": 0.95,
  ""tags"": [""vaccination""],
  ""reason"": ""图片中显示的是疫苗瓶，没有出现人员或防护服。""
}
```",
5994663,covid 19,5994663_Close-up_of_COVID-19_vaccine_vials_arranged_on_a_blue_background..jpg,data/raw\5994663_Close-up_of_COVID-19_vaccine_vials_arranged_on_a_blue_background..jpg,Close-up of COVID-19 vaccine vials arranged on a blue background.,,4480,6720,#9CBECC,,,,,Maksim Goncharenok,,https://www.pexels.com/@maksgelatin,https://www.pexels.com/photo/close-up-shot-of-a-covid-19-vaccines-5994663/,,https://images.pexels.com/photos/5994663/pexels-photo-5994663.jpeg?auto=compress&cs=tinysrgb&h=650&w=940,https://images.pexels.com/photos/5994663/pexels-photo-5994663.jpeg?auto=compress&cs=tinysrgb&h=130,https://images.pexels.com/photos/5994663/pexels-photo-5994663.jpeg,pexels,success,0.0,0.0,0.95,"['vaccination', 'covid_sign']",unknown,图片中没有显示任何人物或医疗人员，因此没有医务人员穿着防护服。,"```json
{
  ""has_people"": 0,
  ""has_protective_medical_staff"": 0,
  ""confidence"": 0.95,
  ""tags"": [""vaccination"", ""covid_sign""],
  ""reason"": ""图片中没有显示任何人物或医疗人员，因此没有医务人员穿着防护服。""
}
```",
3986969,covid 19,3986969_Woman_wearing_a_face_mask_applying_hand_sanitizer_while_sitting_indoors__promoting_hygiene_and_safety..jpg,data/raw\3986969_Woman_wearing_a_face_mask_applying_hand_sanitizer_while_sitting_indoors__promoting_hygiene_and_safety..jpg,"Woman wearing a face mask applying hand sanitizer while sitting indoors, promoting hygiene and safety.",,4000,6000,#A7A7AC,,,,,Anna Shvets,,https://www.pexels.com/@shvetsa,https://www.pexels.com/photo/woman-in-white-crew-neck-t-shirt-pumping-sanitizer-3986969/,,https://images.pexels.com/photos/3986969/pexels-photo-3986969.jpeg?auto=compress&cs=tinysrgb&h=650&w=940,https://images.pexels.com/photos/3986969/pexels-photo-3986969.jpeg?auto=compress&cs=tinysrgb&h=130,https://images.pexels.com/photos/3986969/pexels-photo-3986969.jpeg,pexels,success,1.0,0.0,0.95,"['ppe', 'mask']",unknown,图片中的人戴着口罩，但没有明显的防护服或医疗装备。,"```json
{
  ""has_people"": 1,
  ""has_protective_medical_staff"": 0,
  ""confidence"": 0.95,
  ""tags"": [""ppe"", ""mask""],
  ""reason"": ""图片中的人戴着口罩，但没有明显的防护服或医疗装备。""
}
```",
5574635,covid 19,5574635_Woman_holding_a_sign_that_says__Stop__COVID19___emphasizing_pandemic_safety..jpg,data/raw\5574635_Woman_holding_a_sign_that_says__Stop__COVID19___emphasizing_pandemic_safety..jpg,"Woman holding a sign that says 'Stop #COVID19,' emphasizing pandemic safety.",,4754,3169,#797777,,,,,JK Holland,,https://www.pexels.com/@jk-holland-752385,https://www.pexels.com/photo/woman-wearing-face-mask-holding-letter-board-5574635/,,https://images.pexels.com/photos/5574635/pexels-photo-5574635.jpeg?auto=compress&cs=tinysrgb&h=650&w=940,https://images.pexels.com/photos/5574635/pexels-photo-5574635.jpeg?auto=compress&cs=tinysrgb&h=130,https://images.pexels.com/photos/5574635/pexels-photo-5574635.jpeg,pexels,success,1.0,0.0,0.95,"['ppe', 'mask']",unknown,图片中有一个人戴着口罩，但没有明显的防护服或医疗装备。,"```json
{
  ""has_people"": 1,
  ""has_protective_medical_staff"": 0,
  ""confidence"": 0.95,
  ""tags"": [""ppe"", ""mask""],
  ""reason"": ""图片中有一个人戴着口罩，但没有明显的防护服或医疗装备。""
}
```",
7280977,covid 19,7280977_Multiple_Covid-19_antigen_test_kits_arranged_on_a_pink_surface__ideal_for_health-related_content..jpg,data/raw\7280977_Multiple_Covid-19_antigen_test_kits_arranged_on_a_pink_surface__ideal_for_health-related_content..jpg,"Multiple Covid-19 antigen test kits arranged on a pink surface, ideal for health-related content.",,3508,2480,#F0C6C3,,,,,Alex Koch,,https://www.pexels.com/@alexandra-koch,https://www.pexels.com/photo/covid-19-antigen-kits-7280977/,,https://images.pexels.com/photos/7280977/pexels-photo-7280977.jpeg?auto=compress&cs=tinysrgb&h=650&w=940,https://images.pexels.com/photos/7280977/pexels-photo-7280977.jpeg?auto=compress&cs=tinysrgb&h=130,https://images.pexels.com/photos/7280977/pexels-photo-7280977.jpeg,pexels,success,1.0,0.0,0.95,['testing'],unknown,图片中有多个测试条形图，表明可能与检测或测试相关。,"```json
{
  ""has_people"": 1,
  ""has_protective_medical_staff"": 0,
  ""confidence"": 0.95,
  ""tags"": [""testing""],
  ""reason"": ""图片中有多个测试条形图，表明可能与检测或测试相关。""
}
```",
5878484,covid 19,5878484_Close-up_of_a_vaccine_vial_labeled__Vaccine_Virus__on_a_striking_red_and_white_background..jpg,data/raw\5878484_Close-up_of_a_vaccine_vial_labeled__Vaccine_Virus__on_a_striking_red_and_white_background..jpg,Close-up of a vaccine vial labeled 'Vaccine Virus' on a striking red and white background.,,2160,3840,#F9CDD4,,,,,Artem Podrez,,https://www.pexels.com/@artempodrez,https://www.pexels.com/photo/a-vaccine-vial-on-white-background-5878484/,,https://images.pexels.com/photos/5878484/pexels-photo-5878484.jpeg?auto=compress&cs=tinysrgb&h=650&w=940,https://images.pexels.com/photos/5878484/pexels-photo-5878484.jpeg?auto=compress&cs=tinysrgb&h=130,https://images.pexels.com/photos/5878484/pexels-photo-5878484.jpeg,pexels,success,0.0,0.0,0.95,"['vaccine', 'virus']",unknown,图片中只有一个疫苗瓶，没有显示任何人员或医务人员。,"```json
{
  ""has_people"": 0,
  ""has_protective_medical_staff"": 0,
  ""confidence"": 0.95,
  ""tags"": [""vaccine"", ""virus""],
  ""reason"": ""图片中只有一个疫苗瓶，没有显示任何人员或医务人员。""
}
```",
8830698,covid 19,8830698_Close-up_of_an_EU_Digital_COVID_Certificate_with_QR_code_on_a_yellow_background..jpg,data/raw\8830698_Close-up_of_an_EU_Digital_COVID_Certificate_with_QR_code_on_a_yellow_background..jpg,Close-up of an EU Digital COVID Certificate with QR code on a yellow background.,,4160,6240,#D7D1B7,,,,,Nataliya Vaitkevich,,https://www.pexels.com/@n-voitkevich,https://www.pexels.com/photo/a-document-with-qr-code-8830698/,,https://images.pexels.com/photos/8830698/pexels-photo-8830698.jpeg?auto=compress&cs=tinysrgb&h=650&w=940,https://images.pexels.com/photos/8830698/pexels-photo-8830698.jpeg?auto=compress&cs=tinysrgb&h=130,https://images.pexels.com/photos/8830698/pexels-photo-8830698.jpeg,pexels,success,0.0,0.0,0.95,['vaccination'],unknown,图片中没有显示任何人体或医疗人员，因此没有穿防护服的医务人员。,"```json
{
  ""has_people"": 0,
  ""has_protective_medical_staff"": 0,
  ""confidence"": 0.95,
  ""tags"": [""vaccination""],
  ""reason"": ""图片中没有显示任何人体或医疗人员，因此没有穿防护服的医务人员。""
}
```",
5863399,covid 19,5863399_Top_view_of_COVID-19_vaccine_vials_on_a_brown_surface__arranged_in_a_flat_lay..jpg,data/raw\5863399_Top_view_of_COVID-19_vaccine_vials_on_a_brown_surface__arranged_in_a_flat_lay..jpg,"Top view of COVID-19 vaccine vials on a brown surface, arranged in a flat lay.",,4160,6240,#93452E,,,,,Nataliya Vaitkevich,,https://www.pexels.com/@n-voitkevich,https://www.pexels.com/photo/vaccines-for-covid-19-5863399/,,https://images.pexels.com/photos/5863399/pexels-photo-5863399.jpeg?auto=compress&cs=tinysrgb&h=650&w=940,https://images.pexels.com/photos/5863399/pexels-photo-5863399.jpeg?auto=compress&cs=tinysrgb&h=130,https://images.pexels.com/photos/5863399/pexels-photo-5863399.jpeg,pexels,success,0.0,0.0,0.95,['vaccination'],unknown,图片中有疫苗瓶，但没有显示人或医务人员。,"```json
{
  ""has_people"": 0,
  ""has_protective_medical_staff"": 0,
  ""confidence"": 0.95,
  ""tags"": [""vaccination""],
  ""reason"": ""图片中有疫苗瓶，但没有显示人或医务人员。""
}
```",
8770699,covid 19,8770699_Close-up_of_a_healthcare_worker_drawing_the_COVID-19_vaccine_into_a_syringe..jpg,data/raw\8770699_Close-up_of_a_healthcare_worker_drawing_the_COVID-19_vaccine_into_a_syringe..jpg,Close-up of a healthcare worker drawing the COVID-19 vaccine into a syringe.,,6000,4000,#CDCAC5,,,,,Gustavo Fring,,https://www.pexels.com/@gustavo-fring,https://www.pexels.com/photo/person-holding-yellow-syringe-and-clear-glass-bottle-8770699/,,https://images.pexels.com/photos/8770699/pexels-photo-8770699.jpeg?auto=compress&cs=tinysrgb&h=650&w=940,https://images.pexels.com/photos/8770699/pexels-photo-8770699.jpeg?auto=compress&cs=tinysrgb&h=130,https://images.pexels.com/photos/8770699/pexels-photo-8770699.jpeg,pexels,success,1.0,1.0,0.95,"['doctor', 'nurse', 'medical_staff', 'ppe', 'protective_suit', 'mask', 'face_shield', 'gloves']",unknown,图片中显示了一位穿着防护服和手套的医务人员正在操作疫苗注射器。,"```json
{
  ""has_people"": 1,
  ""has_protective_medical_staff"": 1,
  ""confidence"": 0.95,
  ""tags"": [""doctor"", ""nurse"", ""medical_staff"", ""ppe"", ""protective_suit"", ""mask"", ""face_shield"", ""gloves""],
  ""reason"": ""图片中显示了一位穿着防护服和手套的医务人员正在操作疫苗注射器。""
}
```",
5995298,covid 19,5995298_Close-up_of_a_COVID-19_vaccine_vial_with_reflection__highlighting_the_medical_breakthrough..jpg,data/raw\5995298_Close-up_of_a_COVID-19_vaccine_vial_with_reflection__highlighting_the_medical_breakthrough..jpg,"Close-up of a COVID-19 vaccine vial with reflection, highlighting the medical breakthrough.",,4303,2869,#667393,,,,,Maksim Goncharenok,,https://www.pexels.com/@maksgelatin,https://www.pexels.com/photo/white-labeled-vaccine-bottle-5995298/,,https://images.pexels.com/photos/5995298/pexels-photo-5995298.jpeg?auto=compress&cs=tinysrgb&h=650&w=940,https://images.pexels.com/photos/5995298/pexels-photo-5995298.jpeg?auto=compress&cs=tinysrgb&h=130,https://images.pexels.com/photos/5995298/pexels-photo-5995298.jpeg,pexels,success,0.0,0.0,0.95,['vaccination'],unknown,图片中只有一个疫苗瓶，没有显示任何人体或医务人员。,"```json
{
  ""has_people"": 0,
  ""has_protective_medical_staff"": 0,
  ""confidence"": 0.95,
  ""tags"": [""vaccination""],
  ""reason"": ""图片中只有一个疫苗瓶，没有显示任何人体或医务人员。""
}
```",
3993213,covid 19,3993213_High-resolution_image_of_coronavirus_particle_under_electron_microscope..jpg,data/raw\3993213_High-resolution_image_of_coronavirus_particle_under_electron_microscope..jpg,High-resolution image of coronavirus particle under electron microscope.,,2886,2872,#7FABB7,,,,,CDC,,https://www.pexels.com/@cdc-library,https://www.pexels.com/photo/microscopic-shot-of-a-virus-3993213/,,https://images.pexels.com/photos/3993213/pexels-photo-3993213.jpeg?auto=compress&cs=tinysrgb&h=650&w=940,https://images.pexels.com/photos/3993213/pexels-photo-3993213.jpeg?auto=compress&cs=tinysrgb&h=130,https://images.pexels.com/photos/3993213/pexels-photo-3993213.jpeg,pexels,success,0.0,0.0,0.95,"['virus', 'covid_sign']",unknown,图像显示的是一个病毒颗粒，没有显示任何人类或医务人员。,"```json
{
  ""has_people"": 0,
  ""has_protective_medical_staff"": 0,
  ""confidence"": 0.95,
  ""tags"": [""virus"", ""covid_sign""],
  ""reason"": ""图像显示的是一个病毒颗粒，没有显示任何人类或医务人员。""
}
```",
30390772,covid 19,30390772_Circular_floor_sign_promoting_social_distancing_compliance_in_public_spaces..jpg,data/raw\30390772_Circular_floor_sign_promoting_social_distancing_compliance_in_public_spaces..jpg,Circular floor sign promoting social distancing compliance in public spaces.,,2683,3577,#A38B81,,,,,Karen Ella Gonzaga,,https://www.pexels.com/@karenellagonzaga,https://www.pexels.com/photo/social-distancing-floor-sign-for-safety-30390772/,,https://images.pexels.com/photos/30390772/pexels-photo-30390772.jpeg?auto=compress&cs=tinysrgb&h=650&w=940,https://images.pexels.com/photos/30390772/pexels-photo-30390772.jpeg?auto=compress&cs=tinysrgb&h=130,https://images.pexels.com/photos/30390772/pexels-photo-30390772.jpeg,pexels,success,0.0,0.0,0.95,['covid_sign'],unknown,图像中没有可见的人类或医疗人员，只有指示保持社交距离的标志。,"```json
{
  ""has_people"": 0,
  ""has_protective_medical_staff"": 0,
  ""confidence"": 0.95,
  ""tags"": [""covid_sign""],
  ""reason"": ""图像中没有可见的人类或医疗人员，只有指示保持社交距离的标志。""
}
```",
5863396,covid 19,5863396_Close-up_of_Covid-19_vaccine_vials_and_syringes_on_black_background..jpg,data/raw\5863396_Close-up_of_Covid-19_vaccine_vials_and_syringes_on_black_background..jpg,Close-up of Covid-19 vaccine vials and syringes on black background.,,3816,5724,#08131A,,,,,Nataliya Vaitkevich,,https://www.pexels.com/@n-voitkevich,https://www.pexels.com/photo/covid-19-vaccine-and-injection-on-black-background-5863396/,,https://images.pexels.com/photos/5863396/pexels-photo-5863396.jpeg?auto=compress&cs=tinysrgb&h=650&w=940,https://images.pexels.com/photos/5863396/pexels-photo-5863396.jpeg?auto=compress&cs=tinysrgb&h=130,https://images.pexels.com/photos/5863396/pexels-photo-5863396.jpeg,pexels,success,0.0,0.0,0.95,['vaccination'],unknown,图片中只包含一个注射器和疫苗瓶，没有显示任何人体或医务人员。,"```json
{
  ""has_people"": 0,
  ""has_protective_medical_staff"": 0,
  ""confidence"": 0.95,
  ""tags"": [""vaccination""],
  ""reason"": ""图片中只包含一个注射器和疫苗瓶，没有显示任何人体或医务人员。""
}
```",
3786131,covid 19,3786131_Disposable_face_masks_arranged_on_a_bright_red_surface_symbolizing_health_and_protection..jpg,data/raw\3786131_Disposable_face_masks_arranged_on_a_bright_red_surface_symbolizing_health_and_protection..jpg,Disposable face masks arranged on a bright red surface symbolizing health and protection.,,4000,6000,#F4816B,,,,,Anna Shvets,,https://www.pexels.com/@shvetsa,https://www.pexels.com/photo/three-face-masks-3786131/,,https://images.pexels.com/photos/3786131/pexels-photo-3786131.jpeg?auto=compress&cs=tinysrgb&h=650&w=940,https://images.pexels.com/photos/3786131/pexels-photo-3786131.jpeg?auto=compress&cs=tinysrgb&h=130,https://images.pexels.com/photos/3786131/pexels-photo-3786131.jpeg,pexels,success,0.0,0.0,0.95,['mask'],unknown,图片中有多个口罩，但没有显示任何人体或医务人员。,"```json
{
  ""has_people"": 0,
  ""has_protective_medical_staff"": 0,
  ""confidence"": 0.95,
  ""tags"": [""mask""],
  ""reason"": ""图片中有多个口罩，但没有显示任何人体或医务人员。""
}
```",
5863312,covid 19,5863312_Close-up_of_COVID-19_vaccine_vials_and_a_syringe_on_a_pink_background_with_cotton_pads..jpg,data/raw\5863312_Close-up_of_COVID-19_vaccine_vials_and_a_syringe_on_a_pink_background_with_cotton_pads..jpg,Close-up of COVID-19 vaccine vials and a syringe on a pink background with cotton pads.,,2741,4112,#DBB6CB,,,,,Nataliya Vaitkevich,,https://www.pexels.com/@n-voitkevich,https://www.pexels.com/photo/preparing-covid-vaccine-on-pink-surface-5863312/,,https://images.pexels.com/photos/5863312/pexels-photo-5863312.jpeg?auto=compress&cs=tinysrgb&h=650&w=940,https://images.pexels.com/photos/5863312/pexels-photo-5863312.jpeg?auto=compress&cs=tinysrgb&h=130,https://images.pexels.com/photos/5863312/pexels-photo-5863312.jpeg,pexels,success,0.0,0.0,0.95,['vaccination'],unknown,图片中展示的是疫苗接种相关的物品，没有显示人或医务人员。,"```json
{
  ""has_people"": 0,
  ""has_protective_medical_staff"": 0,
  ""confidence"": 0.95,
  ""tags"": [""vaccination""],
  ""reason"": ""图片中展示的是疫苗接种相关的物品，没有显示人或医务人员。""
}
```",
5995196,covid 19,5995196_Close-up_view_of_COVID-19_vaccine_vials_arranged_on_a_blue_surface__representing_medical_treatment..jpg,data/raw\5995196_Close-up_view_of_COVID-19_vaccine_vials_arranged_on_a_blue_surface__representing_medical_treatment..jpg,"Close-up view of COVID-19 vaccine vials arranged on a blue surface, representing medical treatment.",,4480,6720,#99C4D3,,,,,Maksim Goncharenok,,https://www.pexels.com/@maksgelatin,https://www.pexels.com/photo/white-and-red-labeled-bottles-5995196/,,https://images.pexels.com/photos/5995196/pexels-photo-5995196.jpeg?auto=compress&cs=tinysrgb&h=650&w=940,https://images.pexels.com/photos/5995196/pexels-photo-5995196.jpeg?auto=compress&cs=tinysrgb&h=130,https://images.pexels.com/photos/5995196/pexels-photo-5995196.jpeg,pexels,success,0.0,0.0,0.95,"['vaccine', 'vaccination']",unknown,图片中没有显示任何人物或医疗人员，所有内容都是疫苗瓶。,"```json
{
  ""has_people"": 0,
  ""has_protective_medical_staff"": 0,
  ""confidence"": 0.95,
  ""tags"": [""vaccine"", ""vaccination""],
  ""reason"": ""图片中没有显示任何人物或医疗人员，所有内容都是疫苗瓶。""
}
```",
5863304,covid 19,5863304_Covid-19_vaccine_vials_and_syringe_arranged_on_pink_background_for_healthcare_concept..jpg,data/raw\5863304_Covid-19_vaccine_vials_and_syringe_arranged_on_pink_background_for_healthcare_concept..jpg,Covid-19 vaccine vials and syringe arranged on pink background for healthcare concept.,,4160,6240,#D49DBE,,,,,Nataliya Vaitkevich,,https://www.pexels.com/@n-voitkevich,https://www.pexels.com/photo/corona-virus-vaccine-5863304/,,https://images.pexels.com/photos/5863304/pexels-photo-5863304.jpeg?auto=compress&cs=tinysrgb&h=650&w=940,https://images.pexels.com/photos/5863304/pexels-photo-5863304.jpeg?auto=compress&cs=tinysrgb&h=130,https://images.pexels.com/photos/5863304/pexels-photo-5863304.jpeg,pexels,success,0.0,0.0,0.95,['vaccination'],unknown,图片中有疫苗瓶和注射器，通常与疫苗接种相关。,"```json
{
  ""has_people"": 0,
  ""has_protective_medical_staff"": 0,
  ""confidence"": 0.95,
  ""tags"": [""vaccination""],
  ""reason"": ""图片中有疫苗瓶和注射器，通常与疫苗接种相关。""
}
```",
4386340,covid 19,4386340_From_above_of_plastic_signboard_with_COVID_19_inscription_on_flag_of_USA_and_roll_of_paper_money_during_financial_crisis.jpg,data/raw\4386340_From_above_of_plastic_signboard_with_COVID_19_inscription_on_flag_of_USA_and_roll_of_paper_money_during_financial_crisis.jpg,From above of plastic signboard with COVID 19 inscription on flag of USA and roll of paper money during financial crisis,,6720,4480,#B58489,,,,,www.kaboompics.com,,https://www.pexels.com/@karola-g,https://www.pexels.com/photo/signboard-with-covid-19-title-on-american-flag-with-banknotes-4386340/,,https://images.pexels.com/photos/4386340/pexels-photo-4386340.jpeg?auto=compress&cs=tinysrgb&h=650&w=940,https://images.pexels.com/photos/4386340/pexels-photo-4386340.jpeg?auto=compress&cs=tinysrgb&h=130,https://images.pexels.com/photos/4386340/pexels-photo-4386340.jpeg,pexels,success,0.0,0.0,0.95,['covid_sign'],unknown,图片中有一个标牌上写着 'COVID-19'，背景是美国国旗和美元卷，没有显示任何人体或医务人员。,"```json
{
  ""has_people"": 0,
  ""has_protective_medical_staff"": 0,
  ""confidence"": 0.95,
  ""tags"": [""covid_sign""],
  ""reason"": ""图片中有一个标牌上写着 'COVID-19'，背景是美国国旗和美元卷，没有显示任何人体或医务人员。""
}
```",
5841750,covid 19,5841750_Paper_cutout_of_Virus_word_on_pink_background_with_various_colorful_contagious_elements_dangerous_for_health_during_spre.jpg,data/raw\5841750_Paper_cutout_of_Virus_word_on_pink_background_with_various_colorful_contagious_elements_dangerous_for_health_during_spre.jpg,Paper cutout of Virus word on pink background with various colorful contagious elements dangerous for health during spreading of coronavirus pandemic,,4500,8000,#F396DA,,,,,Monstera Production,,https://www.pexels.com/@gabby-k,https://www.pexels.com/photo/paper-cutout-of-different-viruses-5841750/,,https://images.pexels.com/photos/5841750/pexels-photo-5841750.jpeg?auto=compress&cs=tinysrgb&h=650&w=940,https://images.pexels.com/photos/5841750/pexels-photo-5841750.jpeg?auto=compress&cs=tinysrgb&h=130,https://images.pexels.com/photos/5841750/pexels-photo-5841750.jpeg,pexels,success,0.0,0.0,0.95,['virus'],unknown,图片中包含病毒的图标，没有显示任何人类或医务人员。,"```json
{
  ""has_people"": 0,
  ""has_protective_medical_staff"": 0,
  ""confidence"": 0.95,
  ""tags"": [""virus""],
  ""reason"": ""图片中包含病毒的图标，没有显示任何人类或医务人员。""
}
```",
5863374,covid 19,5863374_Flat_lay_of_medical_supplies__including_syringes_and_vials__on_a_teal_background_symbolizing_COVID-19_research..jpg,data/raw\5863374_Flat_lay_of_medical_supplies__including_syringes_and_vials__on_a_teal_background_symbolizing_COVID-19_research..jpg,"Flat lay of medical supplies, including syringes and vials, on a teal background symbolizing COVID-19 research.",,4160,6240,#7FAAB4,,,,,Nataliya Vaitkevich,,https://www.pexels.com/@n-voitkevich,https://www.pexels.com/photo/covid-19-vaccine-ampoules-and-syringe-5863374/,,https://images.pexels.com/photos/5863374/pexels-photo-5863374.jpeg?auto=compress&cs=tinysrgb&h=650&w=940,https://images.pexels.com/photos/5863374/pexels-photo-5863374.jpeg?auto=compress&cs=tinysrgb&h=130,https://images.pexels.com/photos/5863374/pexels-photo-5863374.jpeg,pexels,success,0.0,0.0,0.95,"['testing', 'vaccination']",unknown,图片中没有显示任何与医疗相关的人员或设备。,"```json
{
  ""has_people"": 0,
  ""has_protective_medical_staff"": 0,
  ""confidence"": 0.95,
  ""tags"": [""testing"", ""vaccination""],
  ""reason"": ""图片中没有显示任何与医疗相关的人员或设备。""
}
```",
7652336,covid 19,7652336_Colleagues_in_an_office_practicing_COVID-19_safety_measures_with_face_masks_and_elbow_bumps..jpg,data/raw\7652336_Colleagues_in_an_office_practicing_COVID-19_safety_measures_with_face_masks_and_elbow_bumps..jpg,Colleagues in an office practicing COVID-19 safety measures with face masks and elbow bumps.,,5926,3951,#60605F,,,,,Thirdman,,https://www.pexels.com/@thirdman,https://www.pexels.com/photo/man-in-white-long-sleeve-shirt-doing-elbow-bump-with-woman-in-white-long-sleeve-shirt-7652336/,,https://images.pexels.com/photos/7652336/pexels-photo-7652336.jpeg?auto=compress&cs=tinysrgb&h=650&w=940,https://images.pexels.com/photos/7652336/pexels-photo-7652336.jpeg?auto=compress&cs=tinysrgb&h=130,https://images.pexels.com/photos/7652336/pexels-photo-7652336.jpeg,pexels,success,1.0,0.0,0.95,"['medical_staff', 'ppe', 'mask', 'indoor']",unknown,图片中有四个人，其中三个人戴着口罩，符合医疗工作人员的标准。,"```json
{
  ""has_people"": 1,
  ""has_protective_medical_staff"": 0,
  ""confidence"": 0.95,
  ""tags"": [""medical_staff"", ""ppe"", ""mask"", ""indoor""],
  ""reason"": ""图片中有四个人，其中三个人戴着口罩，符合医疗工作人员的标准。""
}
```",
5996671,covid 19,5996671_Conceptual_image_of_COVID-19_vaccine_surrounded_by_colorful_pills_representing_treatment_and_healthcare_solutions..jpg,data/raw\5996671_Conceptual_image_of_COVID-19_vaccine_surrounded_by_colorful_pills_representing_treatment_and_healthcare_solutions..jpg,Conceptual image of COVID-19 vaccine surrounded by colorful pills representing treatment and healthcare solutions.,,4346,6519,#4F4F3E,,,,,Maksim Goncharenok,,https://www.pexels.com/@maksgelatin,https://www.pexels.com/photo/covid-19-vaccine-on-colorful-pills-5996671/,,https://images.pexels.com/photos/5996671/pexels-photo-5996671.jpeg?auto=compress&cs=tinysrgb&h=650&w=940,https://images.pexels.com/photos/5996671/pexels-photo-5996671.jpeg?auto=compress&cs=tinysrgb&h=130,https://images.pexels.com/photos/5996671/pexels-photo-5996671.jpeg,pexels,success,0.0,0.0,0.95,"['vaccination', 'covid_sign']",unknown,图片中没有出现任何人物或医疗人员，主要展示的是疫苗和药片。,"```json
{
  ""has_people"": 0,
  ""has_protective_medical_staff"": 0,
  ""confidence"": 0.95,
  ""tags"": [""vaccination"", ""covid_sign""],
  ""reason"": ""图片中没有出现任何人物或医疗人员，主要展示的是疫苗和药片。""
}
```",
5995221,covid 19,5995221_Close-up_of_COVID-19_blood_test_tubes_on_blue_background__representing_pandemic_testing..jpg,data/raw\5995221_Close-up_of_COVID-19_blood_test_tubes_on_blue_background__representing_pandemic_testing..jpg,"Close-up of COVID-19 blood test tubes on blue background, representing pandemic testing.",,6505,4337,#69C4E8,,,,,Maksim Goncharenok,,https://www.pexels.com/@maksgelatin,https://www.pexels.com/photo/white-and-red-vacutainers-5995221/,,https://images.pexels.com/photos/5995221/pexels-photo-5995221.jpeg?auto=compress&cs=tinysrgb&h=650&w=940,https://images.pexels.com/photos/5995221/pexels-photo-5995221.jpeg?auto=compress&cs=tinysrgb&h=130,https://images.pexels.com/photos/5995221/pexels-photo-5995221.jpeg,pexels,success,0.0,0.0,0.95,['testing'],unknown,图片中没有显示人或医务人员，只有标有'COVID-19 TEST'的试管。,"```json
{
  ""has_people"": 0,
  ""has_protective_medical_staff"": 0,
  ""confidence"": 0.95,
  ""tags"": [""testing""],
  ""reason"": ""图片中没有显示人或医务人员，只有标有'COVID-19 TEST'的试管。""
}
```",
5863394,covid 19,5863394_Close-up_of_COVID-19_vaccine_vials__syringes__and_a_face_mask_against_a_blue_background..jpg,data/raw\5863394_Close-up_of_COVID-19_vaccine_vials__syringes__and_a_face_mask_against_a_blue_background..jpg,"Close-up of COVID-19 vaccine vials, syringes, and a face mask against a blue background.",,4160,6240,#6FB1BB,,,,,Nataliya Vaitkevich,,https://www.pexels.com/@n-voitkevich,https://www.pexels.com/photo/covid-19-vaccine-in-vials-5863394/,,https://images.pexels.com/photos/5863394/pexels-photo-5863394.jpeg?auto=compress&cs=tinysrgb&h=650&w=940,https://images.pexels.com/photos/5863394/pexels-photo-5863394.jpeg?auto=compress&cs=tinysrgb&h=130,https://images.pexels.com/photos/5863394/pexels-photo-5863394.jpeg,pexels,success,0.0,0.0,0.95,['vaccination'],unknown,图片中只包含疫苗瓶、注射器和口罩等医疗用品，没有出现人体或穿着防护服的医务人员。,"```json
{
  ""has_people"": 0,
  ""has_protective_medical_staff"": 0,
  ""confidence"": 0.95,
  ""tags"": [""vaccination""],
  ""reason"": ""图片中只包含疫苗瓶、注射器和口罩等医疗用品，没有出现人体或穿着防护服的医务人员。""
}
```",
7010180,covid 19,7010180_Hand_holding_covid-19_sign_over_globe_and_luggage__symbolizing_pandemic_travel_impact..jpg,data/raw\7010180_Hand_holding_covid-19_sign_over_globe_and_luggage__symbolizing_pandemic_travel_impact..jpg,"Hand holding covid-19 sign over globe and luggage, symbolizing pandemic travel impact.",,5735,3823,#D2CEC7,,,,,Tima Miroshnichenko,,https://www.pexels.com/@tima-miroshnichenko,https://www.pexels.com/photo/a-person-holding-brown-cardboard-7010180/,,https://images.pexels.com/photos/7010180/pexels-photo-7010180.jpeg?auto=compress&cs=tinysrgb&h=650&w=940,https://images.pexels.com/photos/7010180/pexels-photo-7010180.jpeg?auto=compress&cs=tinysrgb&h=130,https://images.pexels.com/photos/7010180/pexels-photo-7010180.jpeg,pexels,success,1.0,0.0,0.95,['covid_sign'],unknown,图片中有手举着写有'COVID-19'的纸板，这表明有人的存在。没有明显的防护服或医疗人员。,"```json
{
  ""has_people"": 1,
  ""has_protective_medical_staff"": 0,
  ""confidence"": 0.95,
  ""tags"": [""covid_sign""],
  ""reason"": ""图片中有手举着写有'COVID-19'的纸板，这表明有人的存在。没有明显的防护服或医疗人员。""
}
```",
5585588,covid 19,5585588_A_lightbox_sign_urging_to_stop_COVID-19_pandemic_with_bold_text_and_a_hashtag..jpg,data/raw\5585588_A_lightbox_sign_urging_to_stop_COVID-19_pandemic_with_bold_text_and_a_hashtag..jpg,A lightbox sign urging to stop COVID-19 pandemic with bold text and a hashtag.,,5184,3456,#5D626A,,,,,JK Holland,,https://www.pexels.com/@jk-holland-752385,https://www.pexels.com/photo/grayscale-photo-of-stop-covid19-signage-5585588/,,https://images.pexels.com/photos/5585588/pexels-photo-5585588.jpeg?auto=compress&cs=tinysrgb&h=650&w=940,https://images.pexels.com/photos/5585588/pexels-photo-5585588.jpeg?auto=compress&cs=tinysrgb&h=130,https://images.pexels.com/photos/5585588/pexels-photo-5585588.jpeg,pexels,success,0.0,0.0,0.95,['covid_sign'],unknown,图片中显示了一个标牌，上面写着 'STOP #COVID19'，没有显示任何人员或医务人员。,"```json
{
  ""has_people"": 0,
  ""has_protective_medical_staff"": 0,
  ""confidence"": 0.95,
  ""tags"": [""covid_sign""],
  ""reason"": ""图片中显示了一个标牌，上面写着 'STOP #COVID19'，没有显示任何人员或医务人员。""
}
```",
8860298,covid 19,8860298_Close-up_of_gloved_hands_holding_a_COVID-19_vaccine_vial_and_syringe..jpg,data/raw\8860298_Close-up_of_gloved_hands_holding_a_COVID-19_vaccine_vial_and_syringe..jpg,Close-up of gloved hands holding a COVID-19 vaccine vial and syringe.,,4592,3064,#85A2B4,,,,,Towfiqu barbhuiya,,https://www.pexels.com/@towfiqu-barbhuiya-3440682,https://www.pexels.com/photo/a-person-holding-a-vial-and-a-syringe-8860298/,,https://images.pexels.com/photos/8860298/pexels-photo-8860298.jpeg?auto=compress&cs=tinysrgb&h=650&w=940,https://images.pexels.com/photos/8860298/pexels-photo-8860298.jpeg?auto=compress&cs=tinysrgb&h=130,https://images.pexels.com/photos/8860298/pexels-photo-8860298.jpeg,pexels,success,1.0,1.0,0.95,"['doctor', 'nurse', 'medical_staff', 'ppe', 'protective_suit', 'gloves']",unknown,图片中有穿着防护服和手套的医务人员，手持疫苗瓶和注射器。,"```json
{
  ""has_people"": 1,
  ""has_protective_medical_staff"": 1,
  ""confidence"": 0.95,
  ""tags"": [""doctor"", ""nurse"", ""medical_staff"", ""ppe"", ""protective_suit"", ""gloves""],
  ""reason"": ""图片中有穿着防护服和手套的医务人员，手持疫苗瓶和注射器。""
}
```",
4167560,covid 19,4167560_Two_healthcare_workers_holding_a_globe_labeled__Pandemic___symbolizing_global_health_crisis..jpg,data/raw\4167560_Two_healthcare_workers_holding_a_globe_labeled__Pandemic___symbolizing_global_health_crisis..jpg,"Two healthcare workers holding a globe labeled 'Pandemic', symbolizing global health crisis.",,4030,6045,#BCBCC5,,,,,Anna Shvets,,https://www.pexels.com/@shvetsa,https://www.pexels.com/photo/people-with-face-masks-and-latex-gloves-holding-a-globe-4167560/,,https://images.pexels.com/photos/4167560/pexels-photo-4167560.jpeg?auto=compress&cs=tinysrgb&h=650&w=940,https://images.pexels.com/photos/4167560/pexels-photo-4167560.jpeg?auto=compress&cs=tinysrgb&h=130,https://images.pexels.com/photos/4167560/pexels-photo-4167560.jpeg,pexels,success,1.0,1.0,0.95,"['doctor', 'nurse', 'medical_staff', 'ppe', 'protective_suit', 'mask', 'gloves']",unknown,两位穿着防护服和口罩的人员正在拿着一个标有'流行病'的地球仪。,"```json
{
  ""has_people"": 1,
  ""has_protective_medical_staff"": 1,
  ""confidence"": 0.95,
  ""tags"": [""doctor"", ""nurse"", ""medical_staff"", ""ppe"", ""protective_suit"", ""mask"", ""gloves""],
  ""reason"": ""两位穿着防护服和口罩的人员正在拿着一个标有'流行病'的地球仪。""
}
```",
7542754,covid 19,7542754_3D_render_of_a_virus_cell_with_red_spikes_against_a_gradient_background..jpg,data/raw\7542754_3D_render_of_a_virus_cell_with_red_spikes_against_a_gradient_background..jpg,3D render of a virus cell with red spikes against a gradient background.,,3072,3072,#902F1E,,,,,Daniel Dan,,https://www.pexels.com/@daniel-dan-47825192,https://www.pexels.com/photo/white-and-red-dandelion-flower-7542754/,,https://images.pexels.com/photos/7542754/pexels-photo-7542754.jpeg?auto=compress&cs=tinysrgb&h=650&w=940,https://images.pexels.com/photos/7542754/pexels-photo-7542754.jpeg?auto=compress&cs=tinysrgb&h=130,https://images.pexels.com/photos/7542754/pexels-photo-7542754.jpeg,pexels,success,0.0,0.0,0.95,"['virus', 'covid_sign']",unknown,图像显示的是一个病毒模型，没有显示任何人类或医务人员。,"```json
{
  ""has_people"": 0,
  ""has_protective_medical_staff"": 0,
  ""confidence"": 0.95,
  ""tags"": [""virus"", ""covid_sign""],
  ""reason"": ""图像显示的是一个病毒模型，没有显示任何人类或医务人员。""
}
```",
5863305,covid 19,5863305_Medical_vials_arranged_on_a_pink_surface__illustrating_vaccine_research..jpg,data/raw\5863305_Medical_vials_arranged_on_a_pink_surface__illustrating_vaccine_research..jpg,"Medical vials arranged on a pink surface, illustrating vaccine research.",,4160,6240,#D7A3C2,,,,,Nataliya Vaitkevich,,https://www.pexels.com/@n-voitkevich,https://www.pexels.com/photo/preparing-covid-vaccine-on-pink-surface-5863305/,,https://images.pexels.com/photos/5863305/pexels-photo-5863305.jpeg?auto=compress&cs=tinysrgb&h=650&w=940,https://images.pexels.com/photos/5863305/pexels-photo-5863305.jpeg?auto=compress&cs=tinysrgb&h=130,https://images.pexels.com/photos/5863305/pexels-photo-5863305.jpeg,pexels,success,0.0,0.0,0.95,['vaccine'],unknown,图片中没有出现任何人物或医疗相关物品。,"```json
{
  ""has_people"": 0,
  ""has_protective_medical_staff"": 0,
  ""confidence"": 0.95,
  ""tags"": [""vaccine""],
  ""reason"": ""图片中没有出现任何人物或医疗相关物品。""
}
```",
7009481,covid 19,7009481_Flat_lay_of_a_passport__face_mask__and_Covid-19_sign_on_a_map__symbolizing_travel_restrictions..jpg,data/raw\7009481_Flat_lay_of_a_passport__face_mask__and_Covid-19_sign_on_a_map__symbolizing_travel_restrictions..jpg,"Flat lay of a passport, face mask, and Covid-19 sign on a map, symbolizing travel restrictions.",,6000,4000,#A69A91,,,,,Tima Miroshnichenko,,https://www.pexels.com/@tima-miroshnichenko,https://www.pexels.com/photo/a-cardboard-with-face-mask-and-passport-on-the-map-7009481/,,https://images.pexels.com/photos/7009481/pexels-photo-7009481.jpeg?auto=compress&cs=tinysrgb&h=650&w=940,https://images.pexels.com/photos/7009481/pexels-photo-7009481.jpeg?auto=compress&cs=tinysrgb&h=130,https://images.pexels.com/photos/7009481/pexels-photo-7009481.jpeg,pexels,success,0.0,0.0,0.95,"['mask', 'covid_sign']",unknown,图中只有一张口罩和一张标有'covid-19'的纸，没有出现人体或医务人员。,"```json
{
  ""has_people"": 0,
  ""has_protective_medical_staff"": 0,
  ""confidence"": 0.95,
  ""tags"": [""mask"", ""covid_sign""],
  ""reason"": ""图中只有一张口罩和一张标有'covid-19'的纸，没有出现人体或医务人员。""
}
```",
4167561,covid 19,4167561_Two_healthcare_professionals_in_masks_hold_a_globe_labeled__Pandemic___symbolizing_global_healthcare_crisis..jpg,data/raw\4167561_Two_healthcare_professionals_in_masks_hold_a_globe_labeled__Pandemic___symbolizing_global_healthcare_crisis..jpg,"Two healthcare professionals in masks hold a globe labeled 'Pandemic,' symbolizing global healthcare crisis.",,6037,4025,#BFBFC7,,,,,Anna Shvets,,https://www.pexels.com/@shvetsa,https://www.pexels.com/photo/people-with-face-masks-and-latex-gloves-holding-a-globe-4167561/,,https://images.pexels.com/photos/4167561/pexels-photo-4167561.jpeg?auto=compress&cs=tinysrgb&h=650&w=940,https://images.pexels.com/photos/4167561/pexels-photo-4167561.jpeg?auto=compress&cs=tinysrgb&h=130,https://images.pexels.com/photos/4167561/pexels-photo-4167561.jpeg,pexels,success,1.0,1.0,0.95,"['doctor', 'nurse', 'medical_staff', 'ppe', 'protective_suit', 'mask', 'gloves']",unknown,两位穿着防护服和口罩的人员正在拿着一个标有'流行病'的地球仪。,"```json
{
  ""has_people"": 1,
  ""has_protective_medical_staff"": 1,
  ""confidence"": 0.95,
  ""tags"": [""doctor"", ""nurse"", ""medical_staff"", ""ppe"", ""protective_suit"", ""mask"", ""gloves""],
  ""reason"": ""两位穿着防护服和口罩的人员正在拿着一个标有'流行病'的地球仪。""
}
```",
3992945,covid 19,3992945_Colorized_electron_microscope_image_showing_coronavirus_particles_with_distinct_spike_proteins..jpg,data/raw\3992945_Colorized_electron_microscope_image_showing_coronavirus_particles_with_distinct_spike_proteins..jpg,Colorized electron microscope image showing coronavirus particles with distinct spike proteins.,,1848,2494,#94969A,,,,,CDC,,https://www.pexels.com/@cdc-library,https://www.pexels.com/photo/microscopic-shot-of-a-virus-3992945/,,https://images.pexels.com/photos/3992945/pexels-photo-3992945.jpeg?auto=compress&cs=tinysrgb&h=650&w=940,https://images.pexels.com/photos/3992945/pexels-photo-3992945.jpeg?auto=compress&cs=tinysrgb&h=130,https://images.pexels.com/photos/3992945/pexels-photo-3992945.jpeg,pexels,success,0.0,0.0,0.95,['virus'],unknown,图像中显示的是病毒粒子，没有显示任何人类或医务人员。,"```json
{
  ""has_people"": 0,
  ""has_protective_medical_staff"": 0,
  ""confidence"": 0.95,
  ""tags"": [""virus""],
  ""reason"": ""图像中显示的是病毒粒子，没有显示任何人类或医务人员。""
}
```",
5961625,covid 19,5961625_Visual_representation_of_coronavirus_s_impact_on_business_against_a_vibrant_red_background..jpg,data/raw\5961625_Visual_representation_of_coronavirus_s_impact_on_business_against_a_vibrant_red_background..jpg,Visual representation of coronavirus's impact on business against a vibrant red background.,,4419,6628,#F2310E,,,,,Thirdman,,https://www.pexels.com/@thirdman,https://www.pexels.com/photo/black-text-on-a-red-background-5961625/,,https://images.pexels.com/photos/5961625/pexels-photo-5961625.jpeg?auto=compress&cs=tinysrgb&h=650&w=940,https://images.pexels.com/photos/5961625/pexels-photo-5961625.jpeg?auto=compress&cs=tinysrgb&h=130,https://images.pexels.com/photos/5961625/pexels-photo-5961625.jpeg,pexels,success,0.0,0.0,0.95,"['coronavirus', 'business']",unknown,图片内容为橙色背景上的黑色文字，没有显示任何人物或医疗人员，也没有显示与病毒相关的标志。,"```json
{
  ""has_people"": 0,
  ""has_protective_medical_staff"": 0,
  ""confidence"": 0.95,
  ""tags"": [""coronavirus"", ""business""],
  ""reason"": ""图片内容为橙色背景上的黑色文字，没有显示任何人物或医疗人员，也没有显示与病毒相关的标志。""
}
```",
5863433,covid 19,5863433_Close-up_of_COVID-19_vaccine_vials_on_a_dark_background_depicting_healthcare_and_vaccination..jpg,data/raw\5863433_Close-up_of_COVID-19_vaccine_vials_on_a_dark_background_depicting_healthcare_and_vaccination..jpg,Close-up of COVID-19 vaccine vials on a dark background depicting healthcare and vaccination.,,2691,4037,#061118,,,,,Nataliya Vaitkevich,,https://www.pexels.com/@n-voitkevich,https://www.pexels.com/photo/two-vials-on-black-surface-5863433/,,https://images.pexels.com/photos/5863433/pexels-photo-5863433.jpeg?auto=compress&cs=tinysrgb&h=650&w=940,https://images.pexels.com/photos/5863433/pexels-photo-5863433.jpeg?auto=compress&cs=tinysrgb&h=130,https://images.pexels.com/photos/5863433/pexels-photo-5863433.jpeg,pexels,success,0.0,0.0,0.95,"['virus', 'covid_sign']",unknown,图像中没有可见的人类或医疗人员，因此没有穿防护服的医务人员。,"```json
{
  ""has_people"": 0,
  ""has_protective_medical_staff"": 0,
  ""confidence"": 0.95,
  ""tags"": [""virus"", ""covid_sign""],
  ""reason"": ""图像中没有可见的人类或医疗人员，因此没有穿防护服的医务人员。""
}
```",
6074945,covid 19,6074945_Glass_ampoule_with_sticker_with_COVID_19_vaccine_inscription_placed_against_pink_background.jpg,data/raw\6074945_Glass_ampoule_with_sticker_with_COVID_19_vaccine_inscription_placed_against_pink_background.jpg,Glass ampoule with sticker with COVID 19 vaccine inscription placed against pink background,,4160,6240,#EFB2B9,,,,,Alena Shekhovtcova,,https://www.pexels.com/@alena-shekhovtcova,https://www.pexels.com/photo/medicine-vial-with-covid-19-vaccine-against-pink-background-6074945/,,https://images.pexels.com/photos/6074945/pexels-photo-6074945.jpeg?auto=compress&cs=tinysrgb&h=650&w=940,https://images.pexels.com/photos/6074945/pexels-photo-6074945.jpeg?auto=compress&cs=tinysrgb&h=130,https://images.pexels.com/photos/6074945/pexels-photo-6074945.jpeg,pexels,success,0.0,0.0,0.95,['vaccination'],unknown,图片中只有一个疫苗瓶，没有显示任何人体或医务人员。,"```json
{
  ""has_people"": 0,
  ""has_protective_medical_staff"": 0,
  ""confidence"": 0.95,
  ""tags"": [""vaccination""],
  ""reason"": ""图片中只有一个疫苗瓶，没有显示任何人体或医务人员。""
}
```",
5994668,covid 19,5994668_Two_COVID-19_vaccine_vials_with_labels_on_a_blue_background..jpg,data/raw\5994668_Two_COVID-19_vaccine_vials_with_labels_on_a_blue_background..jpg,Two COVID-19 vaccine vials with labels on a blue background.,,4294,6441,#89D0EA,,,,,Maksim Goncharenok,,https://www.pexels.com/@maksgelatin,https://www.pexels.com/photo/vaccine-bottles-on-blue-background-5994668/,,https://images.pexels.com/photos/5994668/pexels-photo-5994668.jpeg?auto=compress&cs=tinysrgb&h=650&w=940,https://images.pexels.com/photos/5994668/pexels-photo-5994668.jpeg?auto=compress&cs=tinysrgb&h=130,https://images.pexels.com/photos/5994668/pexels-photo-5994668.jpeg,pexels,success,0.0,0.0,0.95,['vaccination'],unknown,图片中有两个疫苗瓶，标签上写着'COVID-19疫苗'，表明这是与疫苗接种相关的场景。,"```json
{
  ""has_people"": 0,
  ""has_protective_medical_staff"": 0,
  ""confidence"": 0.95,
  ""tags"": [""vaccination""],
  ""reason"": ""图片中有两个疫苗瓶，标签上写着'COVID-19疫苗'，表明这是与疫苗接种相关的场景。""
}
```",
3952233,covid 19,3952233_Man_displaying_a_COVID-19_safety_sign_emphasizing_staying_home_if_sick..jpg,data/raw\3952233_Man_displaying_a_COVID-19_safety_sign_emphasizing_staying_home_if_sick..jpg,Man displaying a COVID-19 safety sign emphasizing staying home if sick.,,3915,5872,#A54F3F,,,,,cottonbro studio,,https://www.pexels.com/@cottonbro,https://www.pexels.com/photo/man-in-white-crew-neck-t-shirt-holding-stay-at-home-sign-3952233/,,https://images.pexels.com/photos/3952233/pexels-photo-3952233.jpeg?auto=compress&cs=tinysrgb&h=650&w=940,https://images.pexels.com/photos/3952233/pexels-photo-3952233.jpeg?auto=compress&cs=tinysrgb&h=130,https://images.pexels.com/photos/3952233/pexels-photo-3952233.jpeg,pexels,success,1.0,0.0,0.95,['covid_sign'],unknown,图片中有一人手持标牌，标牌上写着'如果生病，请待在家！#COVID19',"```json
{
  ""has_people"": 1,
  ""has_protective_medical_staff"": 0,
  ""confidence"": 0.95,
  ""tags"": [""covid_sign""],
  ""reason"": ""图片中有一人手持标牌，标牌上写着'如果生病，请待在家！#COVID19'""
}
```",
5841971,covid 19,5841971_Decorative_cardboard_illustration_of_hand_with_virus_near_disposable_mask_during_coronavirus_pandemic_on_green_backgroun.jpg,data/raw\5841971_Decorative_cardboard_illustration_of_hand_with_virus_near_disposable_mask_during_coronavirus_pandemic_on_green_backgroun.jpg,Decorative cardboard illustration of hand with virus near disposable mask during coronavirus pandemic on green background,,8000,4500,#C7ECCE,,,,,Monstera Production,,https://www.pexels.com/@gabby-k,https://www.pexels.com/photo/cutout-paper-composition-of-human-hand-with-virus-near-mask-5841971/,,https://images.pexels.com/photos/5841971/pexels-photo-5841971.jpeg?auto=compress&cs=tinysrgb&h=650&w=940,https://images.pexels.com/photos/5841971/pexels-photo-5841971.jpeg?auto=compress&cs=tinysrgb&h=130,https://images.pexels.com/photos/5841971/pexels-photo-5841971.jpeg,pexels,success,1.0,0.0,0.95,"['ppe', 'mask', 'virus']",unknown,图片中有手拿着口罩和一个表示病毒的贴纸，表明有穿防护服的医务人员,"```json
{
  ""has_people"": 1,
  ""has_protective_medical_staff"": 0,
  ""confidence"": 0.95,
  ""tags"": [""ppe"", ""mask"", ""virus""],
  ""reason"": ""图片中有手拿着口罩和一个表示病毒的贴纸，表明有穿防护服的医务人员""
}
```",
5994623,covid 19,5994623_Colorful_medication_pills_and_COVID-19_vaccine_vial_on_red_backdrop__health_concept..jpg,data/raw\5994623_Colorful_medication_pills_and_COVID-19_vaccine_vial_on_red_backdrop__health_concept..jpg,"Colorful medication pills and COVID-19 vaccine vial on red backdrop, health concept.",,2579,3869,#CA1F1E,,,,,Maksim Goncharenok,,https://www.pexels.com/@maksgelatin,https://www.pexels.com/photo/covid-vaccine-and-medicines-on-red-surface-5994623/,,https://images.pexels.com/photos/5994623/pexels-photo-5994623.jpeg?auto=compress&cs=tinysrgb&h=650&w=940,https://images.pexels.com/photos/5994623/pexels-photo-5994623.jpeg?auto=compress&cs=tinysrgb&h=130,https://images.pexels.com/photos/5994623/pexels-photo-5994623.jpeg,pexels,success,0.0,0.0,0.95,['vaccination'],unknown,图片中没有出现任何人物或医疗人员，主要展示的是疫苗和各种药丸。,"```json
{
  ""has_people"": 0,
  ""has_protective_medical_staff"": 0,
  ""confidence"": 0.95,
  ""tags"": [""vaccination""],
  ""reason"": ""图片中没有出现任何人物或医疗人员，主要展示的是疫苗和各种药丸。""
}
```",
11623601,covid 19,11623601_A_healthcare_worker_holding_a_COVID-19_PCR_test_tube__showcasing_medical_safety_measures..jpg,data/raw\11623601_A_healthcare_worker_holding_a_COVID-19_PCR_test_tube__showcasing_medical_safety_measures..jpg,"A healthcare worker holding a COVID-19 PCR test tube, showcasing medical safety measures.",,4800,3200,#B9CBD9,,,,,adrian vieriu,,https://www.pexels.com/@printexstar,https://www.pexels.com/photo/a-medical-professional-holding-a-test-tube-for-testing-covid-19-11623601/,,https://images.pexels.com/photos/11623601/pexels-photo-11623601.jpeg?auto=compress&cs=tinysrgb&h=650&w=940,https://images.pexels.com/photos/11623601/pexels-photo-11623601.jpeg?auto=compress&cs=tinysrgb&h=130,https://images.pexels.com/photos/11623601/pexels-photo-11623601.jpeg,pexels,success,1.0,1.0,0.95,"['doctor', 'nurse', 'medical_staff', 'ppe', 'protective_suit', 'mask', 'face_shield', 'gloves']",unknown,图片中显示了一位穿着防护服和口罩的医务人员，手持一个标有'COVID-19 PCR TEST'的试管，符合医疗检测场景。,"```json
{
  ""has_people"": 1,
  ""has_protective_medical_staff"": 1,
  ""confidence"": 0.95,
  ""tags"": [""doctor"", ""nurse"", ""medical_staff"", ""ppe"", ""protective_suit"", ""mask"", ""face_shield"", ""gloves""],
  ""reason"": ""图片中显示了一位穿着防护服和口罩的医务人员，手持一个标有'COVID-19 PCR TEST'的试管，符合医疗检测场景。""
}
```",
9893866,covid 19,9893866_A_detailed_photo_of_a_hand_in_gloves_holding_a_vaccine_ampoule_against_a_neutral_background..jpg,data/raw\9893866_A_detailed_photo_of_a_hand_in_gloves_holding_a_vaccine_ampoule_against_a_neutral_background..jpg,A detailed photo of a hand in gloves holding a vaccine ampoule against a neutral background.,,6240,4160,#412E30,,,,,Ron Lach,,https://www.pexels.com/@ron-lach,https://www.pexels.com/photo/a-person-holding-an-ampoule-9893866/,,https://images.pexels.com/photos/9893866/pexels-photo-9893866.jpeg?auto=compress&cs=tinysrgb&h=650&w=940,https://images.pexels.com/photos/9893866/pexels-photo-9893866.jpeg?auto=compress&cs=tinysrgb&h=130,https://images.pexels.com/photos/9893866/pexels-photo-9893866.jpeg,pexels,success,1.0,0.0,0.95,['ppe'],unknown,手部可见，手指上有一个透明的小玻璃管，可能是疫苗或药物注射器，通常与医疗操作相关联。,"```json
{
  ""has_people"": 1,
  ""has_protective_medical_staff"": 0,
  ""confidence"": 0.95,
  ""tags"": [""ppe""],
  ""reason"": ""手部可见，手指上有一个透明的小玻璃管，可能是疫苗或药物注射器，通常与医疗操作相关联。""
}
```",
4167544,covid 19,4167544_Hands_in_gloves_holding_a_globe_with_a_mask__symbolizing_global_health_and_pandemic_protection..jpg,data/raw\4167544_Hands_in_gloves_holding_a_globe_with_a_mask__symbolizing_global_health_and_pandemic_protection..jpg,"Hands in gloves holding a globe with a mask, symbolizing global health and pandemic protection.",,3372,5058,#B5B7BD,,,,,Anna Shvets,,https://www.pexels.com/@shvetsa,https://www.pexels.com/photo/hands-with-latex-gloves-holding-a-globe-with-a-face-mask-4167544/,,https://images.pexels.com/photos/4167544/pexels-photo-4167544.jpeg?auto=compress&cs=tinysrgb&h=650&w=940,https://images.pexels.com/photos/4167544/pexels-photo-4167544.jpeg?auto=compress&cs=tinysrgb&h=130,https://images.pexels.com/photos/4167544/pexels-photo-4167544.jpeg,pexels,success,1.0,0.0,0.95,"['ppe', 'mask', 'gloves']",unknown,图片中有手戴着口罩和手套，背景是一个地球仪，这可能象征着全球性的防护措施。,"```json
{
  ""has_people"": 1,
  ""has_protective_medical_staff"": 0,
  ""confidence"": 0.95,
  ""tags"": [""ppe"", ""mask"", ""gloves""],
  ""reason"": ""图片中有手戴着口罩和手套，背景是一个地球仪，这可能象征着全球性的防护措施。""
}
```",
5863317,covid 19,5863317_Close-up_of_COVID-19_vaccine_vials__syringe__and_cotton_pads_on_pink_background..jpg,data/raw\5863317_Close-up_of_COVID-19_vaccine_vials__syringe__and_cotton_pads_on_pink_background..jpg,"Close-up of COVID-19 vaccine vials, syringe, and cotton pads on pink background.",,5797,3865,#CE9EBA,,,,,Nataliya Vaitkevich,,https://www.pexels.com/@n-voitkevich,https://www.pexels.com/photo/preparing-covid-vaccine-on-pink-surface-5863317/,,https://images.pexels.com/photos/5863317/pexels-photo-5863317.jpeg?auto=compress&cs=tinysrgb&h=650&w=940,https://images.pexels.com/photos/5863317/pexels-photo-5863317.jpeg?auto=compress&cs=tinysrgb&h=130,https://images.pexels.com/photos/5863317/pexels-photo-5863317.jpeg,pexels,success,0.0,0.0,0.95,['vaccination'],unknown,图片中包含疫苗相关的物品，但没有显示人或医务人员。,"```json
{
  ""has_people"": 0,
  ""has_protective_medical_staff"": 0,
  ""confidence"": 0.95,
  ""tags"": [""vaccination""],
  ""reason"": ""图片中包含疫苗相关的物品，但没有显示人或医务人员。""
}
```",
5841954,covid 19,5841954_Cutout_paper_composition_of_sick_human_figure_under_protective_mask_and_infectious_bacteria_on_beige_background.jpg,data/raw\5841954_Cutout_paper_composition_of_sick_human_figure_under_protective_mask_and_infectious_bacteria_on_beige_background.jpg,Cutout paper composition of sick human figure under protective mask and infectious bacteria on beige background,,4500,8000,#F4CBA7,,,,,Monstera Production,,https://www.pexels.com/@gabby-k,https://www.pexels.com/photo/decorative-cardboard-appliques-of-person-with-mask-and-virus-5841954/,,https://images.pexels.com/photos/5841954/pexels-photo-5841954.jpeg?auto=compress&cs=tinysrgb&h=650&w=940,https://images.pexels.com/photos/5841954/pexels-photo-5841954.jpeg?auto=compress&cs=tinysrgb&h=130,https://images.pexels.com/photos/5841954/pexels-photo-5841954.jpeg,pexels,success,1.0,0.0,0.95,"['medical_staff', 'ppe', 'mask']",unknown,图中有一个人形轮廓和一个口罩，暗示可能有医务人员穿着防护服。,"```json
{
  ""has_people"": 1,
  ""has_protective_medical_staff"": 0,
  ""confidence"": 0.95,
  ""tags"": [""medical_staff"", ""ppe"", ""mask""],
  ""reason"": ""图中有一个人形轮廓和一个口罩，暗示可能有医务人员穿着防护服。""
}
```",
5878506,covid 19,5878506_COVID-19_vaccine_vial_on_a_vibrant_neon_pink_background_against_a_blue_gradient_backdrop__symbolizing_modern_healthcare..jpg,data/raw\5878506_COVID-19_vaccine_vial_on_a_vibrant_neon_pink_background_against_a_blue_gradient_backdrop__symbolizing_modern_healthcare..jpg,"COVID-19 vaccine vial on a vibrant neon pink background against a blue gradient backdrop, symbolizing modern healthcare.",,2160,3840,#7184BA,,,,,Artem Podrez,,https://www.pexels.com/@artempodrez,https://www.pexels.com/photo/a-covid-19-vaccine-vial-on-blue-background-5878506/,,https://images.pexels.com/photos/5878506/pexels-photo-5878506.jpeg?auto=compress&cs=tinysrgb&h=650&w=940,https://images.pexels.com/photos/5878506/pexels-photo-5878506.jpeg?auto=compress&cs=tinysrgb&h=130,https://images.pexels.com/photos/5878506/pexels-photo-5878506.jpeg,pexels,success,0.0,0.0,0.95,['vaccination'],unknown,图片中只有一个疫苗瓶，没有显示任何人体或医务人员。,"```json
{
  ""has_people"": 0,
  ""has_protective_medical_staff"": 0,
  ""confidence"": 0.95,
  ""tags"": [""vaccination""],
  ""reason"": ""图片中只有一个疫苗瓶，没有显示任何人体或医务人员。""
}
```",
5995151,covid 19,5995151_Top_view_of_COVID-19_vaccine_vials_arranged_on_a_blue_surface__highlighting_vaccination_and_pandemic_themes..jpg,data/raw\5995151_Top_view_of_COVID-19_vaccine_vials_arranged_on_a_blue_surface__highlighting_vaccination_and_pandemic_themes..jpg,"Top view of COVID-19 vaccine vials arranged on a blue surface, highlighting vaccination and pandemic themes.",,6526,4351,#9BCBDD,,,,,Maksim Goncharenok,,https://www.pexels.com/@maksgelatin,https://www.pexels.com/photo/vaccine-bottles-on-blue-background-5995151/,,https://images.pexels.com/photos/5995151/pexels-photo-5995151.jpeg?auto=compress&cs=tinysrgb&h=650&w=940,https://images.pexels.com/photos/5995151/pexels-photo-5995151.jpeg?auto=compress&cs=tinysrgb&h=130,https://images.pexels.com/photos/5995151/pexels-photo-5995151.jpeg,pexels,success,0.0,0.0,0.95,['vaccination'],unknown,图片中显示的是疫苗瓶，没有出现人员或防护服。,"```json
{
  ""has_people"": 0,
  ""has_protective_medical_staff"": 0,
  ""confidence"": 0.95,
  ""tags"": [""vaccination""],
  ""reason"": ""图片中显示的是疫苗瓶，没有出现人员或防护服。""
}
```",
5863313,covid 19,5863313_COVID-19_vaccine_vials_and_syringes_arranged_on_a_vibrant_pink_surface..jpg,data/raw\5863313_COVID-19_vaccine_vials_and_syringes_arranged_on_a_vibrant_pink_surface..jpg,COVID-19 vaccine vials and syringes arranged on a vibrant pink surface.,,4160,6240,#D5A1BF,,,,,Nataliya Vaitkevich,,https://www.pexels.com/@n-voitkevich,https://www.pexels.com/photo/preparing-covid-vaccine-on-pink-surface-5863313/,,https://images.pexels.com/photos/5863313/pexels-photo-5863313.jpeg?auto=compress&cs=tinysrgb&h=650&w=940,https://images.pexels.com/photos/5863313/pexels-photo-5863313.jpeg?auto=compress&cs=tinysrgb&h=130,https://images.pexels.com/photos/5863313/pexels-photo-5863313.jpeg,pexels,success,0.0,0.0,0.95,['vaccination'],unknown,图片中有疫苗瓶和注射器，通常与疫苗接种相关。,"```json
{
  ""has_people"": 0,
  ""has_protective_medical_staff"": 0,
  ""confidence"": 0.95,
  ""tags"": [""vaccination""],
  ""reason"": ""图片中有疫苗瓶和注射器，通常与疫苗接种相关。""
}
```",
3952214,covid 19,3952214_Man_holding_a_sign_that_says__Don_t_Touch_Your_Face___for_COVID-19_awareness_on_a_red_background..jpg,data/raw\3952214_Man_holding_a_sign_that_says__Don_t_Touch_Your_Face___for_COVID-19_awareness_on_a_red_background..jpg,Man holding a sign that says 'Don't Touch Your Face!' for COVID-19 awareness on a red background.,,3781,5671,#AE5C4C,,,,,cottonbro studio,,https://www.pexels.com/@cottonbro,https://www.pexels.com/photo/man-holding-a-poster-with-instruction-3952214/,,https://images.pexels.com/photos/3952214/pexels-photo-3952214.jpeg?auto=compress&cs=tinysrgb&h=650&w=940,https://images.pexels.com/photos/3952214/pexels-photo-3952214.jpeg?auto=compress&cs=tinysrgb&h=130,https://images.pexels.com/photos/3952214/pexels-photo-3952214.jpeg,pexels,success,1.0,0.0,0.95,"['ppe', 'mask', 'covid_sign']",unknown,图片中有一个人手持写着“不要触摸你的脸！#COVID19”的标志牌，这表明他可能在宣传或提醒人们保持社交距离以防止新冠病毒传播。,"```json
{
  ""has_people"": 1,
  ""has_protective_medical_staff"": 0,
  ""confidence"": 0.95,
  ""tags"": [""ppe"", ""mask"", ""covid_sign""],
  ""reason"": ""图片中有一个人手持写着“不要触摸你的脸！#COVID19”的标志牌，这表明他可能在宣传或提醒人们保持社交距离以防止新冠病毒传播。""
}
```",
5995271,covid 19,5995271_Medical_professional_holding_a_COVID-19_vaccine_vial_in_a_studio_setting_with_green_background..jpg,data/raw\5995271_Medical_professional_holding_a_COVID-19_vaccine_vial_in_a_studio_setting_with_green_background..jpg,Medical professional holding a COVID-19 vaccine vial in a studio setting with green background.,,6720,4480,#34938C,,,,,Maksim Goncharenok,,https://www.pexels.com/@maksgelatin,https://www.pexels.com/photo/a-person-holding-white-labeled-bottle-5995271/,,https://images.pexels.com/photos/5995271/pexels-photo-5995271.jpeg?auto=compress&cs=tinysrgb&h=650&w=940,https://images.pexels.com/photos/5995271/pexels-photo-5995271.jpeg?auto=compress&cs=tinysrgb&h=130,https://images.pexels.com/photos/5995271/pexels-photo-5995271.jpeg,pexels,success,1.0,1.0,0.95,"['doctor', 'nurse', 'medical_staff', 'ppe', 'protective_suit', 'mask', 'face_shield', 'gloves']",unknown,图片中显示了一位穿着防护服和手套的医务人员，手持疫苗瓶。,"```json
{
  ""has_people"": 1,
  ""has_protective_medical_staff"": 1,
  ""confidence"": 0.95,
  ""tags"": [""doctor"", ""nurse"", ""medical_staff"", ""ppe"", ""protective_suit"", ""mask"", ""face_shield"", ""gloves""],
  ""reason"": ""图片中显示了一位穿着防护服和手套的医务人员，手持疫苗瓶。""
}
```",
5994801,covid 19,5994801_Close-up_of_a_gloved_hand_holding_a_COVID-19_vaccine_vial_against_a_blue_background..jpg,data/raw\5994801_Close-up_of_a_gloved_hand_holding_a_COVID-19_vaccine_vial_against_a_blue_background..jpg,Close-up of a gloved hand holding a COVID-19 vaccine vial against a blue background.,,4467,6700,#5CB2CD,,,,,Maksim Goncharenok,,https://www.pexels.com/@maksgelatin,https://www.pexels.com/photo/a-person-holding-white-labeled-bottle-5994801/,,https://images.pexels.com/photos/5994801/pexels-photo-5994801.jpeg?auto=compress&cs=tinysrgb&h=650&w=940,https://images.pexels.com/photos/5994801/pexels-photo-5994801.jpeg?auto=compress&cs=tinysrgb&h=130,https://images.pexels.com/photos/5994801/pexels-photo-5994801.jpeg,pexels,success,1.0,0.0,0.95,"['ppe', 'gloves']",unknown,手部戴着蓝色手套，背景为浅蓝色，可能表示医疗环境中的防护措施。,"```json
{
  ""has_people"": 1,
  ""has_protective_medical_staff"": 0,
  ""confidence"": 0.95,
  ""tags"": [""ppe"", ""gloves""],
  ""reason"": ""手部戴着蓝色手套，背景为浅蓝色，可能表示医疗环境中的防护措施。""
}
```",
3970328,covid 19,3970328_Digital_display_showing_COVID-19_death_and_recovery_statistics_by_region..jpg,data/raw\3970328_Digital_display_showing_COVID-19_death_and_recovery_statistics_by_region..jpg,Digital display showing COVID-19 death and recovery statistics by region.,,3500,2333,#282821,,,,,Markus Spiske,,https://www.pexels.com/@markusspiske,https://www.pexels.com/photo/coronavirus-statistics-on-screen-3970328/,,https://images.pexels.com/photos/3970328/pexels-photo-3970328.jpeg?auto=compress&cs=tinysrgb&h=650&w=940,https://images.pexels.com/photos/3970328/pexels-photo-3970328.jpeg?auto=compress&cs=tinysrgb&h=130,https://images.pexels.com/photos/3970328/pexels-photo-3970328.jpeg,pexels,success,0.0,0.0,0.95,['covid_sign'],unknown,图片内容显示的是一个显示疫情数据的屏幕，没有出现任何人员或医务人员。,"```json
{
  ""has_people"": 0,
  ""has_protective_medical_staff"": 0,
  ""confidence"": 0.95,
  ""tags"": [""covid_sign""],
  ""reason"": ""图片内容显示的是一个显示疫情数据的屏幕，没有出现任何人员或医务人员。""
}
```",
5863402,covid 19,5863402_Close-up_of_COVID-19_vaccine_vials_and_syringe_with_a_digital_thermometer_on_a_dark_background..jpg,data/raw\5863402_Close-up_of_COVID-19_vaccine_vials_and_syringe_with_a_digital_thermometer_on_a_dark_background..jpg,Close-up of COVID-19 vaccine vials and syringe with a digital thermometer on a dark background.,,3161,4741,#0C1A21,,,,,Nataliya Vaitkevich,,https://www.pexels.com/@n-voitkevich,https://www.pexels.com/photo/instruments-and-vaccine-for-covid-19-5863402/,,https://images.pexels.com/photos/5863402/pexels-photo-5863402.jpeg?auto=compress&cs=tinysrgb&h=650&w=940,https://images.pexels.com/photos/5863402/pexels-photo-5863402.jpeg?auto=compress&cs=tinysrgb&h=130,https://images.pexels.com/photos/5863402/pexels-photo-5863402.jpeg,pexels,success,0.0,0.0,0.95,"['testing', 'vaccination']",unknown,图片中只包含体温计和疫苗瓶，没有出现人体或医务人员。,"```json
{
  ""has_people"": 0,
  ""has_protective_medical_staff"": 0,
  ""confidence"": 0.95,
  ""tags"": [""testing"", ""vaccination""],
  ""reason"": ""图片中只包含体温计和疫苗瓶，没有出现人体或医务人员。""
}
```",
3992930,covid 19,3992930_Detailed_microscopic_image_showing_red_structures_and_blue_virus_particles..jpg,data/raw\3992930_Detailed_microscopic_image_showing_red_structures_and_blue_virus_particles..jpg,Detailed microscopic image showing red structures and blue virus particles.,,2560,1776,#42090A,,,,,CDC,,https://www.pexels.com/@cdc-library,https://www.pexels.com/photo/microscopic-image-of-a-virus-3992930/,,https://images.pexels.com/photos/3992930/pexels-photo-3992930.jpeg?auto=compress&cs=tinysrgb&h=650&w=940,https://images.pexels.com/photos/3992930/pexels-photo-3992930.jpeg?auto=compress&cs=tinysrgb&h=130,https://images.pexels.com/photos/3992930/pexels-photo-3992930.jpeg,pexels,success,0.0,0.0,0.95,['virus'],unknown,图像显示的是病毒的显微镜图像，没有可见的人类或医务人员。,"```json
{
  ""has_people"": 0,
  ""has_protective_medical_staff"": 0,
  ""confidence"": 0.95,
  ""tags"": [""virus""],
  ""reason"": ""图像显示的是病毒的显微镜图像，没有可见的人类或医务人员。""
}
```",
6074913,covid 19,6074913_Top_view_crop_anonymous_medical_specialist_in_pink_latex_gloves_demonstrating_ampules_with_coronavirus_vaccine.jpg,data/raw\6074913_Top_view_crop_anonymous_medical_specialist_in_pink_latex_gloves_demonstrating_ampules_with_coronavirus_vaccine.jpg,Top view crop anonymous medical specialist in pink latex gloves demonstrating ampules with coronavirus vaccine,,2003,3005,#CB8D99,,,,,Alena Shekhovtcova,,https://www.pexels.com/@alena-shekhovtcova,https://www.pexels.com/photo/crop-faceless-doctor-in-gloves-showing-ampules-with-coronavirus-vaccine-6074913/,,https://images.pexels.com/photos/6074913/pexels-photo-6074913.jpeg?auto=compress&cs=tinysrgb&h=650&w=940,https://images.pexels.com/photos/6074913/pexels-photo-6074913.jpeg?auto=compress&cs=tinysrgb&h=130,https://images.pexels.com/photos/6074913/pexels-photo-6074913.jpeg,pexels,success,0.0,0.0,0.95,['vaccination'],unknown,图片中有疫苗瓶，但没有显示人或医务人员。,"```json
{
  ""has_people"": 0,
  ""has_protective_medical_staff"": 0,
  ""confidence"": 0.95,
  ""tags"": [""vaccination""],
  ""reason"": ""图片中有疫苗瓶，但没有显示人或医务人员。""
}
```",
5261940,covid 19,5261940_From_above_COVID_19_warning_inscription_about_social_distance_on_asphalt_pavement_on_street.jpg,data/raw\5261940_From_above_COVID_19_warning_inscription_about_social_distance_on_asphalt_pavement_on_street.jpg,From above COVID 19 warning inscription about social distance on asphalt pavement on street,,6000,3376,#636362,,,,,Nathan J Hilton,,https://www.pexels.com/@nathanjhilton,https://www.pexels.com/photo/social-distance-sign-on-asphalt-road-5261940/,,https://images.pexels.com/photos/5261940/pexels-photo-5261940.jpeg?auto=compress&cs=tinysrgb&h=650&w=940,https://images.pexels.com/photos/5261940/pexels-photo-5261940.jpeg?auto=compress&cs=tinysrgb&h=130,https://images.pexels.com/photos/5261940/pexels-photo-5261940.jpeg,pexels,success,0.0,0.0,0.95,['covid_sign'],unknown,图像中没有显示任何人体或医疗人员，只有'COVID-19'的标志。,"```json
{
  ""has_people"": 0,
  ""has_protective_medical_staff"": 0,
  ""confidence"": 0.95,
  ""tags"": [""covid_sign""],
  ""reason"": ""图像中没有显示任何人体或医疗人员，只有'COVID-19'的标志。""
}
```",
4084143,covid 19,4084143_Felt_letter_board_with_wash_your_hands_message_against_red_wall__emphasizing_hygiene_during_COVID-19..jpg,data/raw\4084143_Felt_letter_board_with_wash_your_hands_message_against_red_wall__emphasizing_hygiene_during_COVID-19..jpg,"Felt letter board with wash your hands message against red wall, emphasizing hygiene during COVID-19.",,3945,5917,#562E27,,,,,Alex  Azabache,,https://www.pexels.com/@alex-azabache-1684151,https://www.pexels.com/photo/felt-letter-board-with-message-4084143/,,https://images.pexels.com/photos/4084143/pexels-photo-4084143.jpeg?auto=compress&cs=tinysrgb&h=650&w=940,https://images.pexels.com/photos/4084143/pexels-photo-4084143.jpeg?auto=compress&cs=tinysrgb&h=130,https://images.pexels.com/photos/4084143/pexels-photo-4084143.jpeg,pexels,success,0.0,0.0,0.95,['covid_sign'],unknown,图片中没有出现任何人物或医疗人员，只有一个写着“WASH YOUR HANDS #COVID19”的标志牌。,"```json
{
  ""has_people"": 0,
  ""has_protective_medical_staff"": 0,
  ""confidence"": 0.95,
  ""tags"": [""covid_sign""],
  ""reason"": ""图片中没有出现任何人物或医疗人员，只有一个写着“WASH YOUR HANDS #COVID19”的标志牌。""
}
```",
5863437,covid 19,5863437_Close-up_of_COVID-19_vaccine_vials_and_syringe_isolated_on_a_dark_background__symbolizing_healthcare..jpg,data/raw\5863437_Close-up_of_COVID-19_vaccine_vials_and_syringe_isolated_on_a_dark_background__symbolizing_healthcare..jpg,"Close-up of COVID-19 vaccine vials and syringe isolated on a dark background, symbolizing healthcare.",,5335,3557,#171E25,,,,,Nataliya Vaitkevich,,https://www.pexels.com/@n-voitkevich,https://www.pexels.com/photo/covid-vaccine-bottles-and-syringe-5863437/,,https://images.pexels.com/photos/5863437/pexels-photo-5863437.jpeg?auto=compress&cs=tinysrgb&h=650&w=940,https://images.pexels.com/photos/5863437/pexels-photo-5863437.jpeg?auto=compress&cs=tinysrgb&h=130,https://images.pexels.com/photos/5863437/pexels-photo-5863437.jpeg,pexels,success,0.0,0.0,0.95,['vaccination'],unknown,图片中有疫苗瓶和注射器，但没有显示人或医务人员。,"```json
{
  ""has_people"": 0,
  ""has_protective_medical_staff"": 0,
  ""confidence"": 0.95,
  ""tags"": [""vaccination""],
  ""reason"": ""图片中有疫苗瓶和注射器，但没有显示人或医务人员。""
}
```",
5994652,covid 19,5994652_Two_COVID-19_vaccine_vials_labeled_for_injection_on_a_blue_background..jpg,data/raw\5994652_Two_COVID-19_vaccine_vials_labeled_for_injection_on_a_blue_background..jpg,Two COVID-19 vaccine vials labeled for injection on a blue background.,,6583,4389,#8FD3EE,,,,,Maksim Goncharenok,,https://www.pexels.com/@maksgelatin,https://www.pexels.com/photo/covid-vaccine-bottles-on-blue-surface-5994652/,,https://images.pexels.com/photos/5994652/pexels-photo-5994652.jpeg?auto=compress&cs=tinysrgb&h=650&w=940,https://images.pexels.com/photos/5994652/pexels-photo-5994652.jpeg?auto=compress&cs=tinysrgb&h=130,https://images.pexels.com/photos/5994652/pexels-photo-5994652.jpeg,pexels,success,0.0,0.0,0.95,['vaccination'],unknown,图片中有两个疫苗瓶，标签上写着'COVID-19疫苗 注射用',"```json
{
  ""has_people"": 0,
  ""has_protective_medical_staff"": 0,
  ""confidence"": 0.95,
  ""tags"": [""vaccination""],
  ""reason"": ""图片中有两个疫苗瓶，标签上写着'COVID-19疫苗 注射用'""
}
```",
5878481,covid 19,5878481_Close-up_of_a_vaccine_vial_placed_against_a_bright_white_background..jpg,data/raw\5878481_Close-up_of_a_vaccine_vial_placed_against_a_bright_white_background..jpg,Close-up of a vaccine vial placed against a bright white background.,,2160,3840,#D8FAF0,,,,,Artem Podrez,,https://www.pexels.com/@artempodrez,https://www.pexels.com/photo/a-vaccine-vial-on-white-background-5878481/,,https://images.pexels.com/photos/5878481/pexels-photo-5878481.jpeg?auto=compress&cs=tinysrgb&h=650&w=940,https://images.pexels.com/photos/5878481/pexels-photo-5878481.jpeg?auto=compress&cs=tinysrgb&h=130,https://images.pexels.com/photos/5878481/pexels-photo-5878481.jpeg,pexels,success,0.0,0.0,0.95,"['vaccine', 'virus']",unknown,图片中只有一瓶疫苗，没有显示任何人员或医务人员。,"```json
{
  ""has_people"": 0,
  ""has_protective_medical_staff"": 0,
  ""confidence"": 0.95,
  ""tags"": [""vaccine"", ""virus""],
  ""reason"": ""图片中只有一瓶疫苗，没有显示任何人员或医务人员。""
}
```",
5878485,covid 19,5878485_Close-up_of_a_vaccine_vial_labeled__Vaccine_Virus__against_a_red_background..jpg,data/raw\5878485_Close-up_of_a_vaccine_vial_labeled__Vaccine_Virus__against_a_red_background..jpg,Close-up of a vaccine vial labeled 'Vaccine Virus' against a red background.,,2160,3840,#FACFD4,,,,,Artem Podrez,,https://www.pexels.com/@artempodrez,https://www.pexels.com/photo/a-vaccine-vial-on-white-background-5878485/,,https://images.pexels.com/photos/5878485/pexels-photo-5878485.jpeg?auto=compress&cs=tinysrgb&h=650&w=940,https://images.pexels.com/photos/5878485/pexels-photo-5878485.jpeg?auto=compress&cs=tinysrgb&h=130,https://images.pexels.com/photos/5878485/pexels-photo-5878485.jpeg,pexels,success,0.0,0.0,0.95,"['vaccine', 'virus']",unknown,图片中只有一瓶疫苗，没有显示任何人员或医务人员。,"```json
{
  ""has_people"": 0,
  ""has_protective_medical_staff"": 0,
  ""confidence"": 0.95,
  ""tags"": [""vaccine"", ""virus""],
  ""reason"": ""图片中只有一瓶疫苗，没有显示任何人员或医务人员。""
}
```",
6074946,covid 19,6074946_Top_view_glass_ampoule_with_transparent_liquid_vaccine_for_COVID_19_placed_on_bright_pink_background.jpg,data/raw\6074946_Top_view_glass_ampoule_with_transparent_liquid_vaccine_for_COVID_19_placed_on_bright_pink_background.jpg,Top view glass ampoule with transparent liquid vaccine for COVID 19 placed on bright pink background,,1930,2895,#E43073,,,,,Alena Shekhovtcova,,https://www.pexels.com/@alena-shekhovtcova,https://www.pexels.com/photo/coronavirus-vaccine-in-glass-vial-laced-on-vivid-pink-surface-6074946/,,https://images.pexels.com/photos/6074946/pexels-photo-6074946.jpeg?auto=compress&cs=tinysrgb&h=650&w=940,https://images.pexels.com/photos/6074946/pexels-photo-6074946.jpeg?auto=compress&cs=tinysrgb&h=130,https://images.pexels.com/photos/6074946/pexels-photo-6074946.jpeg,pexels,success,0.0,0.0,0.95,['vaccination'],unknown,图片中只有一个疫苗瓶，没有显示任何人体或医务人员。,"```json
{
  ""has_people"": 0,
  ""has_protective_medical_staff"": 0,
  ""confidence"": 0.95,
  ""tags"": [""vaccination""],
  ""reason"": ""图片中只有一个疫苗瓶，没有显示任何人体或医务人员。""
}
```",
9574530,covid 19,9574530_Scientist_using_a_microscope_in_a_laboratory_setting__wearing_protective_gear_for_research..jpg,data/raw\9574530_Scientist_using_a_microscope_in_a_laboratory_setting__wearing_protective_gear_for_research..jpg,"Scientist using a microscope in a laboratory setting, wearing protective gear for research.",,5275,3517,#ACAFB6,,,,,Tima Miroshnichenko,,https://www.pexels.com/@tima-miroshnichenko,https://www.pexels.com/photo/man-technology-white-zoom-9574530/,,https://images.pexels.com/photos/9574530/pexels-photo-9574530.jpeg?auto=compress&cs=tinysrgb&h=650&w=940,https://images.pexels.com/photos/9574530/pexels-photo-9574530.jpeg?auto=compress&cs=tinysrgb&h=130,https://images.pexels.com/photos/9574530/pexels-photo-9574530.jpeg,pexels,success,1.0,1.0,0.95,"['doctor', 'ppe', 'mask', 'microscope', 'laboratory']",unknown,图片中显示了一位穿着防护服和口罩的人正在使用显微镜，符合医务人员在实验室环境中工作的场景。,"```json
{
  ""has_people"": 1,
  ""has_protective_medical_staff"": 1,
  ""confidence"": 0.95,
  ""tags"": [""doctor"", ""ppe"", ""mask"", ""microscope"", ""laboratory""],
  ""reason"": ""图片中显示了一位穿着防护服和口罩的人正在使用显微镜，符合医务人员在实验室环境中工作的场景。""
}
```",
5841956,covid 19,5841956_Overhead_view_of_pink_background_representing_decorative_cardboard_appliques_of_human_hands_with_titles_on_papers_during.jpg,data/raw\5841956_Overhead_view_of_pink_background_representing_decorative_cardboard_appliques_of_human_hands_with_titles_on_papers_during.jpg,Overhead view of pink background representing decorative cardboard appliques of human hands with titles on papers during COVID 19 pandemic,,4500,8000,#F9BCCB,,,,,Monstera Production,,https://www.pexels.com/@gabby-k,https://www.pexels.com/photo/cutout-paper-composition-of-human-hands-with-epidemic-inscriptions-5841956/,,https://images.pexels.com/photos/5841956/pexels-photo-5841956.jpeg?auto=compress&cs=tinysrgb&h=650&w=940,https://images.pexels.com/photos/5841956/pexels-photo-5841956.jpeg?auto=compress&cs=tinysrgb&h=130,https://images.pexels.com/photos/5841956/pexels-photo-5841956.jpeg,pexels,success,1.0,0.0,0.95,"['ppe', 'mask']",unknown,图片中有手部和手臂，但没有明显的防护服或口罩等防护装备。,"```json
{
  ""has_people"": 1,
  ""has_protective_medical_staff"": 0,
  ""confidence"": 0.95,
  ""tags"": [""ppe"", ""mask""],
  ""reason"": ""图片中有手部和手臂，但没有明显的防护服或口罩等防护装备。""
}
```",
3951615,covid 19,3951615_A_woman_holding_a_COVID-19_sign_surrounded_by_yellow_stop_tape__conveying_caution_and_awareness..jpg,data/raw\3951615_A_woman_holding_a_COVID-19_sign_surrounded_by_yellow_stop_tape__conveying_caution_and_awareness..jpg,"A woman holding a COVID-19 sign surrounded by yellow stop tape, conveying caution and awareness.",,5856,3904,#C4C2B3,,,,,cottonbro studio,,https://www.pexels.com/@cottonbro,https://www.pexels.com/photo/woman-holding-sign-3951615/,,https://images.pexels.com/photos/3951615/pexels-photo-3951615.jpeg?auto=compress&cs=tinysrgb&h=650&w=940,https://images.pexels.com/photos/3951615/pexels-photo-3951615.jpeg?auto=compress&cs=tinysrgb&h=130,https://images.pexels.com/photos/3951615/pexels-photo-3951615.jpeg,pexels,success,1.0,0.0,0.95,"['ppe', 'mask', 'covid_sign']",unknown,图片中有黄色警戒线和一个写着“COVID19”的标志牌，暗示了与新冠病毒相关的主题。,"```json
{
  ""has_people"": 1,
  ""has_protective_medical_staff"": 0,
  ""confidence"": 0.95,
  ""tags"": [""ppe"", ""mask"", ""covid_sign""],
  ""reason"": ""图片中有黄色警戒线和一个写着“COVID19”的标志牌，暗示了与新冠病毒相关的主题。""
}
```",
5863365,covid 19,5863365_Healthcare_worker_holding_syringe_and_vial_for_COVID-19_vaccination_on_teal_background..jpg,data/raw\5863365_Healthcare_worker_holding_syringe_and_vial_for_COVID-19_vaccination_on_teal_background..jpg,Healthcare worker holding syringe and vial for COVID-19 vaccination on teal background.,,3572,5358,#70B7BF,,,,,Nataliya Vaitkevich,,https://www.pexels.com/@n-voitkevich,https://www.pexels.com/photo/a-person-holding-a-syringe-and-a-vial-5863365/,,https://images.pexels.com/photos/5863365/pexels-photo-5863365.jpeg?auto=compress&cs=tinysrgb&h=650&w=940,https://images.pexels.com/photos/5863365/pexels-photo-5863365.jpeg?auto=compress&cs=tinysrgb&h=130,https://images.pexels.com/photos/5863365/pexels-photo-5863365.jpeg,pexels,success,1.0,1.0,0.95,"['nurse', 'ppe', 'gloves']",unknown,图片中有穿着防护手套的手，这通常意味着有医务人员在进行医疗操作。,"```json
{
  ""has_people"": 1,
  ""has_protective_medical_staff"": 1,
  ""confidence"": 0.95,
  ""tags"": [""nurse"", ""ppe"", ""gloves""],
  ""reason"": ""图片中有穿着防护手套的手，这通常意味着有医务人员在进行医疗操作。""
}
```",
3987145,covid 19,3987145_Woman_in_red_sweater_applies_hand_sanitizer_wearing_a_mask_indoors_for_safety_and_hygiene..jpg,data/raw\3987145_Woman_in_red_sweater_applies_hand_sanitizer_wearing_a_mask_indoors_for_safety_and_hygiene..jpg,Woman in red sweater applies hand sanitizer wearing a mask indoors for safety and hygiene.,,4000,6000,#90757A,,,,,Anna Shvets,,https://www.pexels.com/@shvetsa,https://www.pexels.com/photo/woman-applying-hand-sanitizer-3987145/,,https://images.pexels.com/photos/3987145/pexels-photo-3987145.jpeg?auto=compress&cs=tinysrgb&h=650&w=940,https://images.pexels.com/photos/3987145/pexels-photo-3987145.jpeg?auto=compress&cs=tinysrgb&h=130,https://images.pexels.com/photos/3987145/pexels-photo-3987145.jpeg,pexels,success,1.0,0.0,0.95,"['ppe', 'mask']",unknown,图片中的人戴着口罩，但没有明显的防护服或医疗装备。,"```json
{
  ""has_people"": 1,
  ""has_protective_medical_staff"": 0,
  ""confidence"": 0.95,
  ""tags"": [""ppe"", ""mask""],
  ""reason"": ""图片中的人戴着口罩，但没有明显的防护服或医疗装备。""
}
```",
5863392,covid 19,5863392_Top-down_view_of_vaccine_vials_and_syringes_for_COVID-19_vaccination_on_a_teal_background..jpg,data/raw\5863392_Top-down_view_of_vaccine_vials_and_syringes_for_COVID-19_vaccination_on_a_teal_background..jpg,Top-down view of vaccine vials and syringes for COVID-19 vaccination on a teal background.,,4160,6240,#6DAEB8,,,,,Nataliya Vaitkevich,,https://www.pexels.com/@n-voitkevich,https://www.pexels.com/photo/vaccine-for-covid-19-5863392/,,https://images.pexels.com/photos/5863392/pexels-photo-5863392.jpeg?auto=compress&cs=tinysrgb&h=650&w=940,https://images.pexels.com/photos/5863392/pexels-photo-5863392.jpeg?auto=compress&cs=tinysrgb&h=130,https://images.pexels.com/photos/5863392/pexels-photo-5863392.jpeg,pexels,success,0.0,0.0,0.95,['vaccination'],unknown,图片中有疫苗瓶和注射器，但没有显示人或医务人员。,"```json
{
  ""has_people"": 0,
  ""has_protective_medical_staff"": 0,
  ""confidence"": 0.95,
  ""tags"": [""vaccination""],
  ""reason"": ""图片中有疫苗瓶和注射器，但没有显示人或医务人员。""
}
```",
5994629,covid 19,5994629_Vial_of_COVID-19_vaccine_among_various_colorful_pills_on_red_background__symbolizing_medical_treatment_and_pharmacology..jpg,data/raw\5994629_Vial_of_COVID-19_vaccine_among_various_colorful_pills_on_red_background__symbolizing_medical_treatment_and_pharmacology..jpg,"Vial of COVID-19 vaccine among various colorful pills on red background, symbolizing medical treatment and pharmacology.",,5815,3877,#CC4335,,,,,Maksim Goncharenok,,https://www.pexels.com/@maksgelatin,https://www.pexels.com/photo/an-ampoule-and-tablets-on-a-red-surface-5994629/,,https://images.pexels.com/photos/5994629/pexels-photo-5994629.jpeg?auto=compress&cs=tinysrgb&h=650&w=940,https://images.pexels.com/photos/5994629/pexels-photo-5994629.jpeg?auto=compress&cs=tinysrgb&h=130,https://images.pexels.com/photos/5994629/pexels-photo-5994629.jpeg,pexels,success,0.0,0.0,0.95,"['vaccination', 'covid_sign']",unknown,图片中没有出现人物，也没有显示任何与医疗相关的防护装备或设备。,"```json
{
  ""has_people"": 0,
  ""has_protective_medical_staff"": 0,
  ""confidence"": 0.95,
  ""tags"": [""vaccination"", ""covid_sign""],
  ""reason"": ""图片中没有出现人物，也没有显示任何与医疗相关的防护装备或设备。""
}
```",
6074942,covid 19,6074942_Layout_of_doses_of_coronavirus_vaccine_in_glass_transparent_vials_placed_on_bright_fuchsia_background_in_studio.jpg,data/raw\6074942_Layout_of_doses_of_coronavirus_vaccine_in_glass_transparent_vials_placed_on_bright_fuchsia_background_in_studio.jpg,Layout of doses of coronavirus vaccine in glass transparent vials placed on bright fuchsia background in studio,,6240,4160,#BB0152,,,,,Alena Shekhovtcova,,https://www.pexels.com/@alena-shekhovtcova,https://www.pexels.com/photo/set-of-ampules-with-virus-vaccine-on-fuchsia-background-6074942/,,https://images.pexels.com/photos/6074942/pexels-photo-6074942.jpeg?auto=compress&cs=tinysrgb&h=650&w=940,https://images.pexels.com/photos/6074942/pexels-photo-6074942.jpeg?auto=compress&cs=tinysrgb&h=130,https://images.pexels.com/photos/6074942/pexels-photo-6074942.jpeg,pexels,success,0.0,0.0,0.95,['vaccination'],unknown,图片中显示的是疫苗瓶，没有出现人员或防护服。,"```json
{
  ""has_people"": 0,
  ""has_protective_medical_staff"": 0,
  ""confidence"": 0.95,
  ""tags"": [""vaccination""],
  ""reason"": ""图片中显示的是疫苗瓶，没有出现人员或防护服。""
}
```",
6285410,covid 19,6285410_A_medical_professional_conducts_a_COVID-19_swab_test_on_a_seated_woman_in_a_clinic_setting..jpg,data/raw\6285410_A_medical_professional_conducts_a_COVID-19_swab_test_on_a_seated_woman_in_a_clinic_setting..jpg,A medical professional conducts a COVID-19 swab test on a seated woman in a clinic setting.,,3840,5760,#C4C4C2,,,,,Gustavo Fring,,https://www.pexels.com/@gustavo-fring,https://www.pexels.com/photo/a-woman-with-her-mouth-open-getting-a-swab-test-6285410/,,https://images.pexels.com/photos/6285410/pexels-photo-6285410.jpeg?auto=compress&cs=tinysrgb&h=650&w=940,https://images.pexels.com/photos/6285410/pexels-photo-6285410.jpeg?auto=compress&cs=tinysrgb&h=130,https://images.pexels.com/photos/6285410/pexels-photo-6285410.jpeg,pexels,success,1.0,1.0,0.95,"['doctor', 'ppe', 'mask', 'gloves']",unknown,图片中有一个人正在接受医疗检查，穿着防护服和口罩。,"```json
{
  ""has_people"": 1,
  ""has_protective_medical_staff"": 1,
  ""confidence"": 0.95,
  ""tags"": [""doctor"", ""ppe"", ""mask"", ""gloves""],
  ""reason"": ""图片中有一个人正在接受医疗检查，穿着防护服和口罩。""
}
```",
3970329,covid 19,3970329_Data_visualization_screen_showing_COVID-19_pandemic_statistics_and_geographic_spread..jpg,data/raw\3970329_Data_visualization_screen_showing_COVID-19_pandemic_statistics_and_geographic_spread..jpg,Data visualization screen showing COVID-19 pandemic statistics and geographic spread.,,3500,2333,#1D171B,,,,,Markus Spiske,,https://www.pexels.com/@markusspiske,https://www.pexels.com/photo/coronavirus-statistics-on-screen-3970329/,,https://images.pexels.com/photos/3970329/pexels-photo-3970329.jpeg?auto=compress&cs=tinysrgb&h=650&w=940,https://images.pexels.com/photos/3970329/pexels-photo-3970329.jpeg?auto=compress&cs=tinysrgb&h=130,https://images.pexels.com/photos/3970329/pexels-photo-3970329.jpeg,pexels,success,1.0,0.0,0.95,"['medical_staff', 'ppe']",unknown,图像中有医护人员穿着防护服，符合医务人员的标准。,"```json
{
  ""has_people"": 1,
  ""has_protective_medical_staff"": 0,
  ""confidence"": 0.95,
  ""tags"": [""medical_staff"", ""ppe""],
  ""reason"": ""图像中有医护人员穿着防护服，符合医务人员的标准。""
}
```",
3952224,covid 19,3952224_Healthcare_worker_with_syringe_and_vaccine_highlighted_by_COVID-19_sign..jpg,data/raw\3952224_Healthcare_worker_with_syringe_and_vaccine_highlighted_by_COVID-19_sign..jpg,Healthcare worker with syringe and vaccine highlighted by COVID-19 sign.,,4000,5701,#9D9FA4,,,,,cottonbro studio,,https://www.pexels.com/@cottonbro,https://www.pexels.com/photo/person-holding-syringe-3952224/,,https://images.pexels.com/photos/3952224/pexels-photo-3952224.jpeg?auto=compress&cs=tinysrgb&h=650&w=940,https://images.pexels.com/photos/3952224/pexels-photo-3952224.jpeg?auto=compress&cs=tinysrgb&h=130,https://images.pexels.com/photos/3952224/pexels-photo-3952224.jpeg,pexels,success,1.0,1.0,0.95,"['medical_staff', 'ppe', 'gloves', 'covid_sign']",unknown,图片中有穿着防护服和手套的人手持疫苗针头，背景上有'COVID19'字样，符合医疗保健环境特征。,"```json
{
  ""has_people"": 1,
  ""has_protective_medical_staff"": 1,
  ""confidence"": 0.95,
  ""tags"": [""medical_staff"", ""ppe"", ""gloves"", ""covid_sign""],
  ""reason"": ""图片中有穿着防护服和手套的人手持疫苗针头，背景上有'COVID19'字样，符合医疗保健环境特征。""
}
```",
4149033,covid 19,4149033_Lab_scientist_analyzing_COVID-19_sample_with_protective_gear._Concept_of_modern_healthcare_and_virus_research..jpg,data/raw\4149033_Lab_scientist_analyzing_COVID-19_sample_with_protective_gear._Concept_of_modern_healthcare_and_virus_research..jpg,Lab scientist analyzing COVID-19 sample with protective gear. Concept of modern healthcare and virus research.,,6000,4000,#B1B1B1,,,,,Gustavo Fring,,https://www.pexels.com/@gustavo-fring,https://www.pexels.com/photo/person-holding-test-tube-and-syringe-4149033/,,https://images.pexels.com/photos/4149033/pexels-photo-4149033.jpeg?auto=compress&cs=tinysrgb&h=650&w=940,https://images.pexels.com/photos/4149033/pexels-photo-4149033.jpeg?auto=compress&cs=tinysrgb&h=130,https://images.pexels.com/photos/4149033/pexels-photo-4149033.jpeg,pexels,success,1.0,1.0,0.95,"['doctor', 'ppe', 'mask', 'gloves']",unknown,图片中显示了一位穿着防护服和手套的医务人员，手持一个标有“冠状病毒”检测结果的试管。,"```json
{
  ""has_people"": 1,
  ""has_protective_medical_staff"": 1,
  ""confidence"": 0.95,
  ""tags"": [""doctor"", ""ppe"", ""mask"", ""gloves""],
  ""reason"": ""图片中显示了一位穿着防护服和手套的医务人员，手持一个标有“冠状病毒”检测结果的试管。""
}
```",
8976479,covid 19,8976479_Close-up_of_Covaxin_and_Covishield_vaccine_vials_for_COVID-19_healthcare_use..jpg,data/raw\8976479_Close-up_of_Covaxin_and_Covishield_vaccine_vials_for_COVID-19_healthcare_use..jpg,Close-up of Covaxin and Covishield vaccine vials for COVID-19 healthcare use.,,4608,3456,#8E9991,,,,,ÀniL,,https://www.pexels.com/@anilknhk,https://www.pexels.com/photo/close-up-photo-of-vaccine-vials-8976479/,,https://images.pexels.com/photos/8976479/pexels-photo-8976479.jpeg?auto=compress&cs=tinysrgb&h=650&w=940,https://images.pexels.com/photos/8976479/pexels-photo-8976479.jpeg?auto=compress&cs=tinysrgb&h=130,https://images.pexels.com/photos/8976479/pexels-photo-8976479.jpeg,pexels,success,0.0,0.0,0.95,['vaccination'],unknown,图片中展示了疫苗瓶，没有显示人或医务人员。,"```json
{
  ""has_people"": 0,
  ""has_protective_medical_staff"": 0,
  ""confidence"": 0.95,
  ""tags"": [""vaccination""],
  ""reason"": ""图片中展示了疫苗瓶，没有显示人或医务人员。""
}
```",
5863268,covid 19,5863268_COVID-19_vaccine_ampoules_and_syringe_on_pink_surface__healthcare_concept..jpg,data/raw\5863268_COVID-19_vaccine_ampoules_and_syringe_on_pink_surface__healthcare_concept..jpg,"COVID-19 vaccine ampoules and syringe on pink surface, healthcare concept.",,3571,5356,#E3B0DE,,,,,Nataliya Vaitkevich,,https://www.pexels.com/@n-voitkevich,https://www.pexels.com/photo/covid-19-vaccine-in-vials-5863268/,,https://images.pexels.com/photos/5863268/pexels-photo-5863268.jpeg?auto=compress&cs=tinysrgb&h=650&w=940,https://images.pexels.com/photos/5863268/pexels-photo-5863268.jpeg?auto=compress&cs=tinysrgb&h=130,https://images.pexels.com/photos/5863268/pexels-photo-5863268.jpeg,pexels,success,0.0,0.0,0.95,['vaccination'],unknown,图片中有疫苗瓶和注射器，通常与疫苗接种相关。,"```json
{
  ""has_people"": 0,
  ""has_protective_medical_staff"": 0,
  ""confidence"": 0.95,
  ""tags"": [""vaccination""],
  ""reason"": ""图片中有疫苗瓶和注射器，通常与疫苗接种相关。""
}
```",
3936361,covid 19,3936361_Golden_pills_arranged_to_spell__S._COV-2__on_a_dark_background__symbolizing_medical_concepts..jpg,data/raw\3936361_Golden_pills_arranged_to_spell__S._COV-2__on_a_dark_background__symbolizing_medical_concepts..jpg,"Golden pills arranged to spell 'S. COV-2' on a dark background, symbolizing medical concepts.",,6016,4000,#1B1C21,,,,,Miguel Á. Padriñán,,https://www.pexels.com/@padrinan,https://www.pexels.com/photo/pills-on-blue-background-3936361/,,https://images.pexels.com/photos/3936361/pexels-photo-3936361.jpeg?auto=compress&cs=tinysrgb&h=650&w=940,https://images.pexels.com/photos/3936361/pexels-photo-3936361.jpeg?auto=compress&cs=tinysrgb&h=130,https://images.pexels.com/photos/3936361/pexels-photo-3936361.jpeg,pexels,success,0.0,0.0,0.95,['covid_sign'],unknown,图片中的文字'COV-2'可能与COVID-19相关，但没有实际的人或医务人员出现。,"```json
{
  ""has_people"": 0,
  ""has_protective_medical_staff"": 0,
  ""confidence"": 0.95,
  ""tags"": [""covid_sign""],
  ""reason"": ""图片中的文字'COV-2'可能与COVID-19相关，但没有实际的人或医务人员出现。""
}
```",
5841956,covid 19,5841956_Overhead_view_of_pink_background_representing_decorative_cardboard_appliques_of_human_hands_with_titles_on_papers_during.jpg,data/raw\5841956_Overhead_view_of_pink_background_representing_decorative_cardboard_appliques_of_human_hands_with_titles_on_papers_during.jpg,Overhead view of pink background representing decorative cardboard appliques of human hands with titles on papers during COVID 19 pandemic,,4500,8000,#F9BCCB,,,,,Monstera Production,,https://www.pexels.com/@gabby-k,https://www.pexels.com/photo/cutout-paper-composition-of-human-hands-with-epidemic-inscriptions-5841956/,,https://images.pexels.com/photos/5841956/pexels-photo-5841956.jpeg?auto=compress&cs=tinysrgb&h=650&w=940,https://images.pexels.com/photos/5841956/pexels-photo-5841956.jpeg?auto=compress&cs=tinysrgb&h=130,https://images.pexels.com/photos/5841956/pexels-photo-5841956.jpeg,pexels,success,1.0,0.0,0.95,"['ppe', 'mask']",unknown,图片中有手部和手臂，但没有明显的防护服或口罩等防护装备。,"```json
{
  ""has_people"": 1,
  ""has_protective_medical_staff"": 0,
  ""confidence"": 0.95,
  ""tags"": [""ppe"", ""mask""],
  ""reason"": ""图片中有手部和手臂，但没有明显的防护服或口罩等防护装备。""
}
```",
5994804,covid 19,5994804_Close-up_of_COVID-19_vaccine_vials_arranged_on_a_blue_background..jpg,data/raw\5994804_Close-up_of_COVID-19_vaccine_vials_arranged_on_a_blue_background..jpg,Close-up of COVID-19 vaccine vials arranged on a blue background.,,6720,4480,#82C9DF,,,,,Maksim Goncharenok,,https://www.pexels.com/@maksgelatin,https://www.pexels.com/photo/vaccine-bottles-on-blue-background-5994804/,,https://images.pexels.com/photos/5994804/pexels-photo-5994804.jpeg?auto=compress&cs=tinysrgb&h=650&w=940,https://images.pexels.com/photos/5994804/pexels-photo-5994804.jpeg?auto=compress&cs=tinysrgb&h=130,https://images.pexels.com/photos/5994804/pexels-photo-5994804.jpeg,pexels,success,0.0,0.0,0.95,['vaccination'],unknown,图片中显示的是疫苗瓶，没有出现人员或医务人员。,"```json
{
  ""has_people"": 0,
  ""has_protective_medical_staff"": 0,
  ""confidence"": 0.95,
  ""tags"": [""vaccination""],
  ""reason"": ""图片中显示的是疫苗瓶，没有出现人员或医务人员。""
}
```",
5912622,covid 19,5912622_Scrabble_tiles_spelling__Coronavirus_and_Business__on_an_orange_background__illustrating_pandemic_impact..jpg,data/raw\5912622_Scrabble_tiles_spelling__Coronavirus_and_Business__on_an_orange_background__illustrating_pandemic_impact..jpg,"Scrabble tiles spelling 'Coronavirus and Business' on an orange background, illustrating pandemic impact.",,3840,2160,#81432E,,,,,Tima Miroshnichenko,,https://www.pexels.com/@tima-miroshnichenko,https://www.pexels.com/photo/coronavirus-and-business-text-using-tiles-5912622/,,https://images.pexels.com/photos/5912622/pexels-photo-5912622.jpeg?auto=compress&cs=tinysrgb&h=650&w=940,https://images.pexels.com/photos/5912622/pexels-photo-5912622.jpeg?auto=compress&cs=tinysrgb&h=130,https://images.pexels.com/photos/5912622/pexels-photo-5912622.jpeg,pexels,success,0.0,0.0,0.95,"['coronavirus', 'business']",unknown,图片内容为'CORONAVIRUS AND BUSINESS'，没有显示任何与人或医务人员相关的元素。,"```json
{
  ""has_people"": 0,
  ""has_protective_medical_staff"": 0,
  ""confidence"": 0.95,
  ""tags"": [""coronavirus"", ""business""],
  ""reason"": ""图片内容为'CORONAVIRUS AND BUSINESS'，没有显示任何与人或医务人员相关的元素。""
}
```",
5863268,covid 19,5863268_COVID-19_vaccine_ampoules_and_syringe_on_pink_surface__healthcare_concept..jpg,data/raw\5863268_COVID-19_vaccine_ampoules_and_syringe_on_pink_surface__healthcare_concept..jpg,"COVID-19 vaccine ampoules and syringe on pink surface, healthcare concept.",,3571,5356,#E3B0DE,,,,,Nataliya Vaitkevich,,https://www.pexels.com/@n-voitkevich,https://www.pexels.com/photo/covid-19-vaccine-in-vials-5863268/,,https://images.pexels.com/photos/5863268/pexels-photo-5863268.jpeg?auto=compress&cs=tinysrgb&h=650&w=940,https://images.pexels.com/photos/5863268/pexels-photo-5863268.jpeg?auto=compress&cs=tinysrgb&h=130,https://images.pexels.com/photos/5863268/pexels-photo-5863268.jpeg,pexels,success,0.0,0.0,0.95,['vaccination'],unknown,图片中有疫苗瓶和注射器，通常与疫苗接种相关。,"```json
{
  ""has_people"": 0,
  ""has_protective_medical_staff"": 0,
  ""confidence"": 0.95,
  ""tags"": [""vaccination""],
  ""reason"": ""图片中有疫苗瓶和注射器，通常与疫苗接种相关。""
}
```",
5863284,covid 19,5863284_Two_vials_labeled_as_COVID-19_vaccine_with_syringes_on_a_pink_backdrop..jpg,data/raw\5863284_Two_vials_labeled_as_COVID-19_vaccine_with_syringes_on_a_pink_backdrop..jpg,Two vials labeled as COVID-19 vaccine with syringes on a pink backdrop.,,4160,6240,#DFB0DB,,,,,Nataliya Vaitkevich,,https://www.pexels.com/@n-voitkevich,https://www.pexels.com/photo/2019-n-cov-vaccine-and-syringes-5863284/,,https://images.pexels.com/photos/5863284/pexels-photo-5863284.jpeg?auto=compress&cs=tinysrgb&h=650&w=940,https://images.pexels.com/photos/5863284/pexels-photo-5863284.jpeg?auto=compress&cs=tinysrgb&h=130,https://images.pexels.com/photos/5863284/pexels-photo-5863284.jpeg,pexels,success,0.0,0.0,0.95,['vaccination'],unknown,图片中有疫苗注射器和药瓶，通常与疫苗接种相关。,"```json
{
  ""has_people"": 0,
  ""has_protective_medical_staff"": 0,
  ""confidence"": 0.95,
  ""tags"": [""vaccination""],
  ""reason"": ""图片中有疫苗注射器和药瓶，通常与疫苗接种相关。""
}
```",
5863403,covid 19,5863403_Close-up_of_COVID-19_vaccine_vials__thermometer__and_pills_on_a_red_background.jpg,data/raw\5863403_Close-up_of_COVID-19_vaccine_vials__thermometer__and_pills_on_a_red_background.jpg,"Close-up of COVID-19 vaccine vials, thermometer, and pills on a red background",,6240,4160,#8B432F,,,,,Nataliya Vaitkevich,,https://www.pexels.com/@n-voitkevich,https://www.pexels.com/photo/vials-tablets-and-thermometer-5863403/,,https://images.pexels.com/photos/5863403/pexels-photo-5863403.jpeg?auto=compress&cs=tinysrgb&h=650&w=940,https://images.pexels.com/photos/5863403/pexels-photo-5863403.jpeg?auto=compress&cs=tinysrgb&h=130,https://images.pexels.com/photos/5863403/pexels-photo-5863403.jpeg,pexels,success,0.0,0.0,0.95,"['virus', 'covid_sign']",unknown,图片中没有出现任何人物或医疗人员，只有体温计和疫苗瓶等物品。,"```json
{
  ""has_people"": 0,
  ""has_protective_medical_staff"": 0,
  ""confidence"": 0.95,
  ""tags"": [""virus"", ""covid_sign""],
  ""reason"": ""图片中没有出现任何人物或医疗人员，只有体温计和疫苗瓶等物品。""
}
```",
3936361,covid 19,3936361_Golden_pills_arranged_to_spell__S._COV-2__on_a_dark_background__symbolizing_medical_concepts..jpg,data/raw\3936361_Golden_pills_arranged_to_spell__S._COV-2__on_a_dark_background__symbolizing_medical_concepts..jpg,"Golden pills arranged to spell 'S. COV-2' on a dark background, symbolizing medical concepts.",,6016,4000,#1B1C21,,,,,Miguel Á. Padriñán,,https://www.pexels.com/@padrinan,https://www.pexels.com/photo/pills-on-blue-background-3936361/,,https://images.pexels.com/photos/3936361/pexels-photo-3936361.jpeg?auto=compress&cs=tinysrgb&h=650&w=940,https://images.pexels.com/photos/3936361/pexels-photo-3936361.jpeg?auto=compress&cs=tinysrgb&h=130,https://images.pexels.com/photos/3936361/pexels-photo-3936361.jpeg,pexels,success,0.0,0.0,0.95,['covid_sign'],unknown,图片中的文字'COV-2'可能与COVID-19相关，但没有实际的人或医务人员出现。,"```json
{
  ""has_people"": 0,
  ""has_protective_medical_staff"": 0,
  ""confidence"": 0.95,
  ""tags"": [""covid_sign""],
  ""reason"": ""图片中的文字'COV-2'可能与COVID-19相关，但没有实际的人或医务人员出现。""
}
```",
5994669,covid 19,5994669_Close-up_of_COVID-19_vaccine_vials_against_a_blue_background__symbolizing_hope_and_recovery..jpg,data/raw\5994669_Close-up_of_COVID-19_vaccine_vials_against_a_blue_background__symbolizing_hope_and_recovery..jpg,"Close-up of COVID-19 vaccine vials against a blue background, symbolizing hope and recovery.",,6544,4363,#87CDE7,,,,,Maksim Goncharenok,,https://www.pexels.com/@maksgelatin,https://www.pexels.com/photo/vaccine-bottles-on-blue-background-5994669/,,https://images.pexels.com/photos/5994669/pexels-photo-5994669.jpeg?auto=compress&cs=tinysrgb&h=650&w=940,https://images.pexels.com/photos/5994669/pexels-photo-5994669.jpeg?auto=compress&cs=tinysrgb&h=130,https://images.pexels.com/photos/5994669/pexels-photo-5994669.jpeg,pexels,success,0.0,0.0,0.95,['vaccination'],unknown,图片中有疫苗瓶，但没有显示人或医务人员。,"```json
{
  ""has_people"": 0,
  ""has_protective_medical_staff"": 0,
  ""confidence"": 0.95,
  ""tags"": [""vaccination""],
  ""reason"": ""图片中有疫苗瓶，但没有显示人或医务人员。""
}
```",
9574559,covid 19,9574559_Healthcare_professional_in_PPE_pushes_a_cart_with_lab_samples_in_a_sterile_hallway..jpg,data/raw\9574559_Healthcare_professional_in_PPE_pushes_a_cart_with_lab_samples_in_a_sterile_hallway..jpg,Healthcare professional in PPE pushes a cart with lab samples in a sterile hallway.,,4000,6000,#B3B8BE,,,,,Tima Miroshnichenko,,https://www.pexels.com/@tima-miroshnichenko,https://www.pexels.com/photo/man-pushing-a-cart-with-with-samples-9574559/,,https://images.pexels.com/photos/9574559/pexels-photo-9574559.jpeg?auto=compress&cs=tinysrgb&h=650&w=940,https://images.pexels.com/photos/9574559/pexels-photo-9574559.jpeg?auto=compress&cs=tinysrgb&h=130,https://images.pexels.com/photos/9574559/pexels-photo-9574559.jpeg,pexels,success,1.0,1.0,0.95,"['doctor', 'medical_staff', 'ppe', 'protective_suit', 'mask', 'gloves']",unknown,图中有穿着防护服和手套的人员，符合医务人员的标准。,"```json
{
  ""has_people"": 1,
  ""has_protective_medical_staff"": 1,
  ""confidence"": 0.95,
  ""tags"": [""doctor"", ""medical_staff"", ""ppe"", ""protective_suit"", ""mask"", ""gloves""],
  ""reason"": ""图中有穿着防护服和手套的人员，符合医务人员的标准。""
}
```",
5995223,covid 19,5995223_Close-up_of_COVID-19_blood_test_samples_on_a_blue_background_in_a_studio_setting..jpg,data/raw\5995223_Close-up_of_COVID-19_blood_test_samples_on_a_blue_background_in_a_studio_setting..jpg,Close-up of COVID-19 blood test samples on a blue background in a studio setting.,,4480,6720,#67C5EA,,,,,Maksim Goncharenok,,https://www.pexels.com/@maksgelatin,https://www.pexels.com/photo/red-and-white-vacutainers-5995223/,,https://images.pexels.com/photos/5995223/pexels-photo-5995223.jpeg?auto=compress&cs=tinysrgb&h=650&w=940,https://images.pexels.com/photos/5995223/pexels-photo-5995223.jpeg?auto=compress&cs=tinysrgb&h=130,https://images.pexels.com/photos/5995223/pexels-photo-5995223.jpeg,pexels,success,0.0,0.0,0.95,"['testing', 'covid_sign']",unknown,图片中没有显示人或医务人员，只有标有'COVID-19 TEST'的试管。,"```json
{
  ""has_people"": 0,
  ""has_protective_medical_staff"": 0,
  ""confidence"": 0.95,
  ""tags"": [""testing"", ""covid_sign""],
  ""reason"": ""图片中没有显示人或医务人员，只有标有'COVID-19 TEST'的试管。""
}
```",
5995048,covid 19,5995048_Vaccine__syringe__and_face_mask_symbolize_COVID-19_protection_against_the_pandemic..jpg,data/raw\5995048_Vaccine__syringe__and_face_mask_symbolize_COVID-19_protection_against_the_pandemic..jpg,"Vaccine, syringe, and face mask symbolize COVID-19 protection against the pandemic.",,4036,2691,#3BB7DF,,,,,Maksim Goncharenok,,https://www.pexels.com/@maksgelatin,https://www.pexels.com/photo/green-syringe-on-the-face-mask-5995048/,,https://images.pexels.com/photos/5995048/pexels-photo-5995048.jpeg?auto=compress&cs=tinysrgb&h=650&w=940,https://images.pexels.com/photos/5995048/pexels-photo-5995048.jpeg?auto=compress&cs=tinysrgb&h=130,https://images.pexels.com/photos/5995048/pexels-photo-5995048.jpeg,pexels,success,0.0,0.0,0.95,['vaccination'],unknown,图片中没有出现任何人物或医疗人员，主要展示的是疫苗注射器、口罩和各种药丸。,"```json
{
  ""has_people"": 0,
  ""has_protective_medical_staff"": 0,
  ""confidence"": 0.95,
  ""tags"": [""vaccination""],
  ""reason"": ""图片中没有出现任何人物或医疗人员，主要展示的是疫苗注射器、口罩和各种药丸。""
}
```",
5994807,covid 19,5994807_Close-up_of_a_COVID-19_vaccine_vial__syringe__and_microscope_on_blue_background..jpg,data/raw\5994807_Close-up_of_a_COVID-19_vaccine_vial__syringe__and_microscope_on_blue_background..jpg,"Close-up of a COVID-19 vaccine vial, syringe, and microscope on blue background.",,4318,6477,#77A9BF,,,,,Maksim Goncharenok,,https://www.pexels.com/@maksgelatin,https://www.pexels.com/photo/vaccine-bottle-on-blue-table-5994807/,,https://images.pexels.com/photos/5994807/pexels-photo-5994807.jpeg?auto=compress&cs=tinysrgb&h=650&w=940,https://images.pexels.com/photos/5994807/pexels-photo-5994807.jpeg?auto=compress&cs=tinysrgb&h=130,https://images.pexels.com/photos/5994807/pexels-photo-5994807.jpeg,pexels,success,0.0,0.0,0.95,"['vaccine', 'microscope', 'laboratory']",unknown,图片中没有显示人，但有疫苗和显微镜等与实验室相关的物品。,"```json
{
  ""has_people"": 0,
  ""has_protective_medical_staff"": 0,
  ""confidence"": 0.95,
  ""tags"": [""vaccine"", ""microscope"", ""laboratory""],
  ""reason"": ""图片中没有显示人，但有疫苗和显微镜等与实验室相关的物品。""
}
```",
5863285,covid 19,5863285_Flat_lay_of_COVID-19_vaccine_vials_and_syringe_on_a_pink_surface__representing_global_health_efforts..jpg,data/raw\5863285_Flat_lay_of_COVID-19_vaccine_vials_and_syringe_on_a_pink_surface__representing_global_health_efforts..jpg,"Flat lay of COVID-19 vaccine vials and syringe on a pink surface, representing global health efforts.",,6240,4160,#D6A7D4,,,,,Nataliya Vaitkevich,,https://www.pexels.com/@n-voitkevich,https://www.pexels.com/photo/covid-19-vaccine-in-vials-and-syringes-on-purple-background-5863285/,,https://images.pexels.com/photos/5863285/pexels-photo-5863285.jpeg?auto=compress&cs=tinysrgb&h=650&w=940,https://images.pexels.com/photos/5863285/pexels-photo-5863285.jpeg?auto=compress&cs=tinysrgb&h=130,https://images.pexels.com/photos/5863285/pexels-photo-5863285.jpeg,pexels,success,0.0,0.0,0.95,['vaccination'],unknown,图片中有疫苗瓶和注射器，但没有显示人或医务人员。,"```json
{
  ""has_people"": 0,
  ""has_protective_medical_staff"": 0,
  ""confidence"": 0.95,
  ""tags"": [""vaccination""],
  ""reason"": ""图片中有疫苗瓶和注射器，但没有显示人或医务人员。""
}
```",
5841846,covid 19,5841846_Top_view_of_decorative_paper_illustration_of_Earth_with_round_shaped_microbes_diffusing_during_COVID_19_pandemic_on_gree.jpg,data/raw\5841846_Top_view_of_decorative_paper_illustration_of_Earth_with_round_shaped_microbes_diffusing_during_COVID_19_pandemic_on_gree.jpg,Top view of decorative paper illustration of Earth with round shaped microbes diffusing during COVID 19 pandemic on green background,,8000,4500,#7CDAB5,,,,,Monstera Production,,https://www.pexels.com/@gabby-k,https://www.pexels.com/photo/cutout-cardboard-composition-of-planet-with-spreading-bacteria-5841846/,,https://images.pexels.com/photos/5841846/pexels-photo-5841846.jpeg?auto=compress&cs=tinysrgb&h=650&w=940,https://images.pexels.com/photos/5841846/pexels-photo-5841846.jpeg?auto=compress&cs=tinysrgb&h=130,https://images.pexels.com/photos/5841846/pexels-photo-5841846.jpeg,pexels,success,0.0,0.0,0.95,"['virus', 'covid_sign']",unknown,图中显示的是地球上的病毒图标，没有出现人类或医务人员。,"```json
{
  ""has_people"": 0,
  ""has_protective_medical_staff"": 0,
  ""confidence"": 0.95,
  ""tags"": [""virus"", ""covid_sign""],
  ""reason"": ""图中显示的是地球上的病毒图标，没有出现人类或医务人员。""
}
```",
11623662,covid 19,11623662_Healthcare_worker_administering_a_nasal_swab_test_for_COVID-19_detection_indoors..jpg,data/raw\11623662_Healthcare_worker_administering_a_nasal_swab_test_for_COVID-19_detection_indoors..jpg,Healthcare worker administering a nasal swab test for COVID-19 detection indoors.,,4800,3200,#CAC8CD,,,,,adrian vieriu,,https://www.pexels.com/@printexstar,https://www.pexels.com/photo/a-medical-professional-swabbing-a-patient-11623662/,,https://images.pexels.com/photos/11623662/pexels-photo-11623662.jpeg?auto=compress&cs=tinysrgb&h=650&w=940,https://images.pexels.com/photos/11623662/pexels-photo-11623662.jpeg?auto=compress&cs=tinysrgb&h=130,https://images.pexels.com/photos/11623662/pexels-photo-11623662.jpeg,pexels,success,1.0,1.0,0.95,"['doctor', 'ppe', 'mask', 'gloves']",unknown,图片中有一个人正在接受医疗检查，穿着防护服和口罩。,"```json
{
  ""has_people"": 1,
  ""has_protective_medical_staff"": 1,
  ""confidence"": 0.95,
  ""tags"": [""doctor"", ""ppe"", ""mask"", ""gloves""],
  ""reason"": ""图片中有一个人正在接受医疗检查，穿着防护服和口罩。""
}
```",
5863320,covid 19,5863320_COVID-19_vaccine_vials_and_syringe_on_pink_surface__symbolizing_vaccination_efforts..jpg,data/raw\5863320_COVID-19_vaccine_vials_and_syringe_on_pink_surface__symbolizing_vaccination_efforts..jpg,"COVID-19 vaccine vials and syringe on pink surface, symbolizing vaccination efforts.",,3184,4776,#E4D0E3,,,,,Nataliya Vaitkevich,,https://www.pexels.com/@n-voitkevich,https://www.pexels.com/photo/preparing-covid-vaccine-on-pink-surface-5863320/,,https://images.pexels.com/photos/5863320/pexels-photo-5863320.jpeg?auto=compress&cs=tinysrgb&h=650&w=940,https://images.pexels.com/photos/5863320/pexels-photo-5863320.jpeg?auto=compress&cs=tinysrgb&h=130,https://images.pexels.com/photos/5863320/pexels-photo-5863320.jpeg,pexels,success,0.0,0.0,0.95,['vaccination'],unknown,图片中只有一支疫苗注射器和两个疫苗瓶，没有出现任何人体或医务人员。,"```json
{
  ""has_people"": 0,
  ""has_protective_medical_staff"": 0,
  ""confidence"": 0.95,
  ""tags"": [""vaccination""],
  ""reason"": ""图片中只有一支疫苗注射器和两个疫苗瓶，没有出现任何人体或医务人员。""
}
```",
4149033,covid 19,4149033_Lab_scientist_analyzing_COVID-19_sample_with_protective_gear._Concept_of_modern_healthcare_and_virus_research..jpg,data/raw\4149033_Lab_scientist_analyzing_COVID-19_sample_with_protective_gear._Concept_of_modern_healthcare_and_virus_research..jpg,Lab scientist analyzing COVID-19 sample with protective gear. Concept of modern healthcare and virus research.,,6000,4000,#B1B1B1,,,,,Gustavo Fring,,https://www.pexels.com/@gustavo-fring,https://www.pexels.com/photo/person-holding-test-tube-and-syringe-4149033/,,https://images.pexels.com/photos/4149033/pexels-photo-4149033.jpeg?auto=compress&cs=tinysrgb&h=650&w=940,https://images.pexels.com/photos/4149033/pexels-photo-4149033.jpeg?auto=compress&cs=tinysrgb&h=130,https://images.pexels.com/photos/4149033/pexels-photo-4149033.jpeg,pexels,success,1.0,1.0,0.95,"['doctor', 'ppe', 'mask', 'gloves']",unknown,图片中显示了一位穿着防护服和手套的医务人员，手持一个标有“冠状病毒”检测结果的试管。,"```json
{
  ""has_people"": 1,
  ""has_protective_medical_staff"": 1,
  ""confidence"": 0.95,
  ""tags"": [""doctor"", ""ppe"", ""mask"", ""gloves""],
  ""reason"": ""图片中显示了一位穿着防护服和手套的医务人员，手持一个标有“冠状病毒”检测结果的试管。""
}
```",
5863389,covid 19,5863389_Two_COVID-19_vaccine_vials_and_syringe_on_dark_backdrop_symbolizing_vaccination_and_healthcare..jpg,data/raw\5863389_Two_COVID-19_vaccine_vials_and_syringe_on_dark_backdrop_symbolizing_vaccination_and_healthcare..jpg,Two COVID-19 vaccine vials and syringe on dark backdrop symbolizing vaccination and healthcare.,,3981,2654,#0A1319,,,,,Nataliya Vaitkevich,,https://www.pexels.com/@n-voitkevich,https://www.pexels.com/photo/covid-19-vaccine-in-vials-and-injection-5863389/,,https://images.pexels.com/photos/5863389/pexels-photo-5863389.jpeg?auto=compress&cs=tinysrgb&h=650&w=940,https://images.pexels.com/photos/5863389/pexels-photo-5863389.jpeg?auto=compress&cs=tinysrgb&h=130,https://images.pexels.com/photos/5863389/pexels-photo-5863389.jpeg,pexels,success,0.0,0.0,0.95,['vaccination'],unknown,图片中只有一支疫苗和注射器，没有出现任何人体或医务人员。,"```json
{
  ""has_people"": 0,
  ""has_protective_medical_staff"": 0,
  ""confidence"": 0.95,
  ""tags"": [""vaccination""],
  ""reason"": ""图片中只有一支疫苗和注射器，没有出现任何人体或医务人员。""
}
```",
11623594,covid 19,11623594_Close-up_of_a_COVID-19_test_kit_with_protective_gear_including_goggles_and_a_face_mask__captured_in_Berlin..jpg,data/raw\11623594_Close-up_of_a_COVID-19_test_kit_with_protective_gear_including_goggles_and_a_face_mask__captured_in_Berlin..jpg,"Close-up of a COVID-19 test kit with protective gear including goggles and a face mask, captured in Berlin.",,4800,3200,#DFE2EB,,,,,adrian vieriu,,https://www.pexels.com/@printexstar,https://www.pexels.com/photo/a-close-up-shot-of-a-test-tube-and-protective-equipment-11623594/,,https://images.pexels.com/photos/11623594/pexels-photo-11623594.jpeg?auto=compress&cs=tinysrgb&h=650&w=940,https://images.pexels.com/photos/11623594/pexels-photo-11623594.jpeg?auto=compress&cs=tinysrgb&h=130,https://images.pexels.com/photos/11623594/pexels-photo-11623594.jpeg,pexels,success,0.0,0.0,0.95,"['testkit', 'goggles', 'mask']",unknown,图片中没有显示人，只有一副护目镜和一个标有'COVID-19 Test Kit'的试管。,"```json
{
  ""has_people"": 0,
  ""has_protective_medical_staff"": 0,
  ""confidence"": 0.95,
  ""tags"": [""testkit"", ""goggles"", ""mask""],
  ""reason"": ""图片中没有显示人，只有一副护目镜和一个标有'COVID-19 Test Kit'的试管。""
}
```",
5995161,covid 19,5995161_Close-up_image_of_COVID-19_vaccine_vials_being_arranged_with_medical_gloves_on_a_blue_background..jpg,data/raw\5995161_Close-up_image_of_COVID-19_vaccine_vials_being_arranged_with_medical_gloves_on_a_blue_background..jpg,Close-up image of COVID-19 vaccine vials being arranged with medical gloves on a blue background.,,6642,4428,#8CC8E0,,,,,Maksim Goncharenok,,https://www.pexels.com/@maksgelatin,https://www.pexels.com/photo/arranging-vials-on-blue-surface-5995161/,,https://images.pexels.com/photos/5995161/pexels-photo-5995161.jpeg?auto=compress&cs=tinysrgb&h=650&w=940,https://images.pexels.com/photos/5995161/pexels-photo-5995161.jpeg?auto=compress&cs=tinysrgb&h=130,https://images.pexels.com/photos/5995161/pexels-photo-5995161.jpeg,pexels,success,1.0,1.0,0.95,"['nurse', 'ppe', 'gloves']",unknown,图片中有穿着防护手套的手，表明有医务人员在场。,"```json
{
  ""has_people"": 1,
  ""has_protective_medical_staff"": 1,
  ""confidence"": 0.95,
  ""tags"": [""nurse"", ""ppe"", ""gloves""],
  ""reason"": ""图片中有穿着防护手套的手，表明有医务人员在场。""
}
```",
5863277,covid 19,5863277_Close-up_of_COVID-19_vaccine_vials_and_syringe_on_a_pink_surface__representing_vaccination_efforts..jpg,data/raw\5863277_Close-up_of_COVID-19_vaccine_vials_and_syringe_on_a_pink_surface__representing_vaccination_efforts..jpg,"Close-up of COVID-19 vaccine vials and syringe on a pink surface, representing vaccination efforts.",,4160,6240,#D7A9D0,,,,,Nataliya Vaitkevich,,https://www.pexels.com/@n-voitkevich,https://www.pexels.com/photo/covid_19-vaccine-in-vials-and-syringe-on-purple-background-5863277/,,https://images.pexels.com/photos/5863277/pexels-photo-5863277.jpeg?auto=compress&cs=tinysrgb&h=650&w=940,https://images.pexels.com/photos/5863277/pexels-photo-5863277.jpeg?auto=compress&cs=tinysrgb&h=130,https://images.pexels.com/photos/5863277/pexels-photo-5863277.jpeg,pexels,success,0.0,0.0,0.95,['vaccination'],unknown,图片中有疫苗瓶和注射器，但没有显示人或医务人员。,"```json
{
  ""has_people"": 0,
  ""has_protective_medical_staff"": 0,
  ""confidence"": 0.95,
  ""tags"": [""vaccination""],
  ""reason"": ""图片中有疫苗瓶和注射器，但没有显示人或医务人员。""
}
```",
4084147,covid 19,4084147_Letter_board_with__Wash_Your_Hands__message_for_COVID-19_awareness..jpg,data/raw\4084147_Letter_board_with__Wash_Your_Hands__message_for_COVID-19_awareness..jpg,Letter board with 'Wash Your Hands' message for COVID-19 awareness.,,3945,5917,#815B1D,,,,,Alex  Azabache,,https://www.pexels.com/@alex-azabache-1684151,https://www.pexels.com/photo/felt-letter-board-with-message-4084147/,,https://images.pexels.com/photos/4084147/pexels-photo-4084147.jpeg?auto=compress&cs=tinysrgb&h=650&w=940,https://images.pexels.com/photos/4084147/pexels-photo-4084147.jpeg?auto=compress&cs=tinysrgb&h=130,https://images.pexels.com/photos/4084147/pexels-photo-4084147.jpeg,pexels,success,0.0,0.0,0.95,['covid_sign'],unknown,图片中没有出现任何人物或医疗人员，只有一个写着“WASH YOUR HANDS #COVID19”的标志牌。,"```json
{
  ""has_people"": 0,
  ""has_protective_medical_staff"": 0,
  ""confidence"": 0.95,
  ""tags"": [""covid_sign""],
  ""reason"": ""图片中没有出现任何人物或医疗人员，只有一个写着“WASH YOUR HANDS #COVID19”的标志牌。""
}
```",
8830674,covid 19,8830674_EU_Digital_COVID_Certificate_with_passport_and_vaccination_details_for_safe_travelers..jpg,data/raw\8830674_EU_Digital_COVID_Certificate_with_passport_and_vaccination_details_for_safe_travelers..jpg,EU Digital COVID Certificate with passport and vaccination details for safe travelers.,,4160,6240,#B0B8C5,,,,,Nataliya Vaitkevich,,https://www.pexels.com/@n-voitkevich,https://www.pexels.com/photo/brown-leather-bifold-wallet-on-blue-card-8830674/,,https://images.pexels.com/photos/8830674/pexels-photo-8830674.jpeg?auto=compress&cs=tinysrgb&h=650&w=940,https://images.pexels.com/photos/8830674/pexels-photo-8830674.jpeg?auto=compress&cs=tinysrgb&h=130,https://images.pexels.com/photos/8830674/pexels-photo-8830674.jpeg,pexels,success,0.0,0.0,0.95,"['EU DIGITAL COVID CERTIFICATE', 'CERTIFICAT DE VACCINATION', 'SARS-CoV-2 INFECTION', 'COVID-19 Vaccine', 'International Health Regulations', 'DIGITAL GREEN PASS', 'COVID-19']",unknown,图片中没有显示人或医务人员，主要展示的是欧盟数字疫苗证书和相关文件。,"```json
{
  ""has_people"": 0,
  ""has_protective_medical_staff"": 0,
  ""confidence"": 0.95,
  ""tags"": [""EU DIGITAL COVID CERTIFICATE"", ""CERTIFICAT DE VACCINATION"", ""SARS-CoV-2 INFECTION"", ""COVID-19 Vaccine"", ""International Health Regulations"", ""DIGITAL GREEN PASS"", ""COVID-19""],
  ""reason"": ""图片中没有显示人或医务人员，主要展示的是欧盟数字疫苗证书和相关文件。""
}
```",
5995268,covid 19,5995268_Vertical_shot_of_a_blue_gloved_hand_holding_a_COVID-19_vaccine_vial_against_a_green_background..jpg,data/raw\5995268_Vertical_shot_of_a_blue_gloved_hand_holding_a_COVID-19_vaccine_vial_against_a_green_background..jpg,Vertical shot of a blue gloved hand holding a COVID-19 vaccine vial against a green background.,,4093,6139,#0C8F77,,,,,Maksim Goncharenok,,https://www.pexels.com/@maksgelatin,https://www.pexels.com/photo/a-person-holding-white-labeled-bottle-5995268/,,https://images.pexels.com/photos/5995268/pexels-photo-5995268.jpeg?auto=compress&cs=tinysrgb&h=650&w=940,https://images.pexels.com/photos/5995268/pexels-photo-5995268.jpeg?auto=compress&cs=tinysrgb&h=130,https://images.pexels.com/photos/5995268/pexels-photo-5995268.jpeg,pexels,success,1.0,1.0,0.95,"['doctor', 'ppe', 'gloves']",unknown,图片中有一只手戴着蓝色手套，背景是绿色，手套上标有“COVID-19疫苗”字样，符合医务人员佩戴防护装备和进行疫苗接种的场景。,"```json
{
  ""has_people"": 1,
  ""has_protective_medical_staff"": 1,
  ""confidence"": 0.95,
  ""tags"": [""doctor"", ""ppe"", ""gloves""],
  ""reason"": ""图片中有一只手戴着蓝色手套，背景是绿色，手套上标有“COVID-19疫苗”字样，符合医务人员佩戴防护装备和进行疫苗接种的场景。""
}
```",
6074972,covid 19,6074972_Top_view_of_glass_fragile_ampoules_with_injection_for_COVID_19_in_blue_and_purple_light.jpg,data/raw\6074972_Top_view_of_glass_fragile_ampoules_with_injection_for_COVID_19_in_blue_and_purple_light.jpg,Top view of glass fragile ampoules with injection for COVID 19 in blue and purple light,,2773,4160,#1B75E5,,,,,Alena Shekhovtcova,,https://www.pexels.com/@alena-shekhovtcova,https://www.pexels.com/photo/ampoules-with-vaccine-for-coronavirus-in-blue-light-6074972/,,https://images.pexels.com/photos/6074972/pexels-photo-6074972.jpeg?auto=compress&cs=tinysrgb&h=650&w=940,https://images.pexels.com/photos/6074972/pexels-photo-6074972.jpeg?auto=compress&cs=tinysrgb&h=130,https://images.pexels.com/photos/6074972/pexels-photo-6074972.jpeg,pexels,success,0.0,0.0,0.95,['vaccination'],unknown,图片中有疫苗瓶，但没有显示人或医务人员。,"```json
{
  ""has_people"": 0,
  ""has_protective_medical_staff"": 0,
  ""confidence"": 0.95,
  ""tags"": [""vaccination""],
  ""reason"": ""图片中有疫苗瓶，但没有显示人或医务人员。""
}
```",
6074950,covid 19,6074950_High_angle_of_glass_sealed_vial_containing_coronavirus_vaccine_placed_on_vivid_pink_background.jpg,data/raw\6074950_High_angle_of_glass_sealed_vial_containing_coronavirus_vaccine_placed_on_vivid_pink_background.jpg,High angle of glass sealed vial containing coronavirus vaccine placed on vivid pink background,,1656,2483,#BB2778,,,,,Alena Shekhovtcova,,https://www.pexels.com/@alena-shekhovtcova,https://www.pexels.com/photo/glass-ampoule-with-covid-19-vaccine-sticker-6074950/,,https://images.pexels.com/photos/6074950/pexels-photo-6074950.jpeg?auto=compress&cs=tinysrgb&h=650&w=940,https://images.pexels.com/photos/6074950/pexels-photo-6074950.jpeg?auto=compress&cs=tinysrgb&h=130,https://images.pexels.com/photos/6074950/pexels-photo-6074950.jpeg,pexels,success,0.0,0.0,0.95,['vaccination'],unknown,图片中只有一个疫苗瓶，没有显示任何人体或医务人员。,"```json
{
  ""has_people"": 0,
  ""has_protective_medical_staff"": 0,
  ""confidence"": 0.95,
  ""tags"": [""vaccination""],
  ""reason"": ""图片中只有一个疫苗瓶，没有显示任何人体或医务人员。""
}
```",
5863329,covid 19,5863329_Colorful_composition_of_COVID-19_vaccine_with_syringe_and_stress_ball_against_a_pink_backdrop..jpg,data/raw\5863329_Colorful_composition_of_COVID-19_vaccine_with_syringe_and_stress_ball_against_a_pink_backdrop..jpg,Colorful composition of COVID-19 vaccine with syringe and stress ball against a pink backdrop.,,3944,5916,#D0A5BF,,,,,Nataliya Vaitkevich,,https://www.pexels.com/@n-voitkevich,https://www.pexels.com/photo/injecting-syringes-on-the-stress-ball-5863329/,,https://images.pexels.com/photos/5863329/pexels-photo-5863329.jpeg?auto=compress&cs=tinysrgb&h=650&w=940,https://images.pexels.com/photos/5863329/pexels-photo-5863329.jpeg?auto=compress&cs=tinysrgb&h=130,https://images.pexels.com/photos/5863329/pexels-photo-5863329.jpeg,pexels,success,0.0,0.0,0.95,['vaccination'],unknown,图片中有疫苗注射器和疫苗瓶，但没有显示人或医务人员。,"```json
{
  ""has_people"": 0,
  ""has_protective_medical_staff"": 0,
  ""confidence"": 0.95,
  ""tags"": [""vaccination""],
  ""reason"": ""图片中有疫苗注射器和疫苗瓶，但没有显示人或医务人员。""
}
```",
6075028,covid 19,6075028_Ampoules_with_vaccine_for_coronavirus_among_capsules_in_bowl_in_bright_neon_light.jpg,data/raw\6075028_Ampoules_with_vaccine_for_coronavirus_among_capsules_in_bowl_in_bright_neon_light.jpg,Ampoules with vaccine for coronavirus among capsules in bowl in bright neon light,,2642,3963,#DC4683,,,,,Alena Shekhovtcova,,https://www.pexels.com/@alena-shekhovtcova,https://www.pexels.com/photo/vaccine-for-covid-19-among-capsules-in-bowl-6075028/,,https://images.pexels.com/photos/6075028/pexels-photo-6075028.jpeg?auto=compress&cs=tinysrgb&h=650&w=940,https://images.pexels.com/photos/6075028/pexels-photo-6075028.jpeg?auto=compress&cs=tinysrgb&h=130,https://images.pexels.com/photos/6075028/pexels-photo-6075028.jpeg,pexels,success,0.0,0.0,0.95,"['vaccination', 'covid_sign']",unknown,图片中没有显示人，也没有显示穿防护服的医务人员。主要物体是疫苗和胶囊。,"```json
{
  ""has_people"": 0,
  ""has_protective_medical_staff"": 0,
  ""confidence"": 0.95,
  ""tags"": [""vaccination"", ""covid_sign""],
  ""reason"": ""图片中没有显示人，也没有显示穿防护服的医务人员。主要物体是疫苗和胶囊。""
}
```",
9893852,covid 19,9893852_Box_of_COVID-19_vaccine_vials_ready_for_distribution._High-quality_stock_image_for_health-related_content..jpg,data/raw\9893852_Box_of_COVID-19_vaccine_vials_ready_for_distribution._High-quality_stock_image_for_health-related_content..jpg,Box of COVID-19 vaccine vials ready for distribution. High-quality stock image for health-related content.,,6240,4160,#8F7C75,,,,,Ron Lach,,https://www.pexels.com/@ron-lach,https://www.pexels.com/photo/an-above-shot-of-bottles-with-vaccines-9893852/,,https://images.pexels.com/photos/9893852/pexels-photo-9893852.jpeg?auto=compress&cs=tinysrgb&h=650&w=940,https://images.pexels.com/photos/9893852/pexels-photo-9893852.jpeg?auto=compress&cs=tinysrgb&h=130,https://images.pexels.com/photos/9893852/pexels-photo-9893852.jpeg,pexels,success,0.0,0.0,0.95,['vaccination'],unknown,图片中显示的是疫苗瓶，没有出现人员或防护服。,"```json
{
  ""has_people"": 0,
  ""has_protective_medical_staff"": 0,
  ""confidence"": 0.95,
  ""tags"": [""vaccination""],
  ""reason"": ""图片中显示的是疫苗瓶，没有出现人员或防护服。""
}
```",
5995169,covid 19,5995169_Vaccine_vials_for_COVID-19_on_a_blue_background__symbolizing_pandemic_efforts..jpg,data/raw\5995169_Vaccine_vials_for_COVID-19_on_a_blue_background__symbolizing_pandemic_efforts..jpg,"Vaccine vials for COVID-19 on a blue background, symbolizing pandemic efforts.",,3621,5431,#7DB9CD,,,,,Maksim Goncharenok,,https://www.pexels.com/@maksgelatin,https://www.pexels.com/photo/vaccine-bottles-on-blue-background-5995169/,,https://images.pexels.com/photos/5995169/pexels-photo-5995169.jpeg?auto=compress&cs=tinysrgb&h=650&w=940,https://images.pexels.com/photos/5995169/pexels-photo-5995169.jpeg?auto=compress&cs=tinysrgb&h=130,https://images.pexels.com/photos/5995169/pexels-photo-5995169.jpeg,pexels,success,0.0,0.0,0.95,"['vaccine', 'covid-19', 'vaccination']",unknown,图片中只包含疫苗瓶，没有显示人或医务人员。,"```json
{
  ""has_people"": 0,
  ""has_protective_medical_staff"": 0,
  ""confidence"": 0.95,
  ""tags"": [""vaccine"", ""covid-19"", ""vaccination""],
  ""reason"": ""图片中只包含疫苗瓶，没有显示人或医务人员。""
}
```",
5995300,covid 19,5995300_Red_COVID-19_test_tube_with_label_on_blue_reflective_background..jpg,data/raw\5995300_Red_COVID-19_test_tube_with_label_on_blue_reflective_background..jpg,Red COVID-19 test tube with label on blue reflective background.,,4296,6444,#3EC5F2,,,,,Maksim Goncharenok,,https://www.pexels.com/@maksgelatin,https://www.pexels.com/photo/blue-and-white-plastic-bottle-5995300/,,https://images.pexels.com/photos/5995300/pexels-photo-5995300.jpeg?auto=compress&cs=tinysrgb&h=650&w=940,https://images.pexels.com/photos/5995300/pexels-photo-5995300.jpeg?auto=compress&cs=tinysrgb&h=130,https://images.pexels.com/photos/5995300/pexels-photo-5995300.jpeg,pexels,success,0.0,0.0,0.95,"['testing', 'covid_sign']",unknown,图像中没有可见的人，也没有明显的防护服或医疗设备。,"```json
{
  ""has_people"": 0,
  ""has_protective_medical_staff"": 0,
  ""confidence"": 0.95,
  ""tags"": [""testing"", ""covid_sign""],
  ""reason"": ""图像中没有可见的人，也没有明显的防护服或医疗设备。""
}
```",
3970330,covid 19,3970330_Digital_visualization_of_COVID-19_statistics_showing_deaths_and_recoveries_globally..jpg,data/raw\3970330_Digital_visualization_of_COVID-19_statistics_showing_deaths_and_recoveries_globally..jpg,Digital visualization of COVID-19 statistics showing deaths and recoveries globally.,,3500,2333,#2A1E23,,,,,Markus Spiske,,https://www.pexels.com/@markusspiske,https://www.pexels.com/photo/coronavirus-statistics-on-screen-3970330/,,https://images.pexels.com/photos/3970330/pexels-photo-3970330.jpeg?auto=compress&cs=tinysrgb&h=650&w=940,https://images.pexels.com/photos/3970330/pexels-photo-3970330.jpeg?auto=compress&cs=tinysrgb&h=130,https://images.pexels.com/photos/3970330/pexels-photo-3970330.jpeg,pexels,success,0.0,0.0,0.95,['covid_sign'],unknown,图像主要显示了疫情数据和地图，没有明显的人员或医务人员身影。,"```json
{
  ""has_people"": 0,
  ""has_protective_medical_staff"": 0,
  ""confidence"": 0.95,
  ""tags"": [""covid_sign""],
  ""reason"": ""图像主要显示了疫情数据和地图，没有明显的人员或医务人员身影。""
}
```",
5863432,covid 19,5863432_Close-up_of_COVID-19_vaccine_vials_and_syringe_on_a_dark_background..jpg,data/raw\5863432_Close-up_of_COVID-19_vaccine_vials_and_syringe_on_a_dark_background..jpg,Close-up of COVID-19 vaccine vials and syringe on a dark background.,,5472,3648,#282D31,,,,,Nataliya Vaitkevich,,https://www.pexels.com/@n-voitkevich,https://www.pexels.com/photo/three-small-glass-bottle-and-a-syringe-5863432/,,https://images.pexels.com/photos/5863432/pexels-photo-5863432.jpeg?auto=compress&cs=tinysrgb&h=650&w=940,https://images.pexels.com/photos/5863432/pexels-photo-5863432.jpeg?auto=compress&cs=tinysrgb&h=130,https://images.pexels.com/photos/5863432/pexels-photo-5863432.jpeg,pexels,success,0.0,0.0,0.95,['vaccination'],unknown,图片中有疫苗瓶和注射器，但没有显示人或医务人员。,"```json
{
  ""has_people"": 0,
  ""has_protective_medical_staff"": 0,
  ""confidence"": 0.95,
  ""tags"": [""vaccination""],
  ""reason"": ""图片中有疫苗瓶和注射器，但没有显示人或医务人员。""
}
```",
6074928,covid 19,6074928_Top_view_set_of_sealed_glass_ampoules_with_COVID_19_vaccine_arranged_on_pink_surface.jpg,data/raw\6074928_Top_view_set_of_sealed_glass_ampoules_with_COVID_19_vaccine_arranged_on_pink_surface.jpg,Top view set of sealed glass ampoules with COVID 19 vaccine arranged on pink surface,,6240,4160,#D586AE,,,,,Alena Shekhovtcova,,https://www.pexels.com/@alena-shekhovtcova,https://www.pexels.com/photo/vials-of-coronavirus-vaccine-placed-on-pink-background-6074928/,,https://images.pexels.com/photos/6074928/pexels-photo-6074928.jpeg?auto=compress&cs=tinysrgb&h=650&w=940,https://images.pexels.com/photos/6074928/pexels-photo-6074928.jpeg?auto=compress&cs=tinysrgb&h=130,https://images.pexels.com/photos/6074928/pexels-photo-6074928.jpeg,pexels,success,0.0,0.0,0.95,['vaccination'],unknown,图片中有疫苗瓶，但没有显示人或医务人员。,"```json
{
  ""has_people"": 0,
  ""has_protective_medical_staff"": 0,
  ""confidence"": 0.95,
  ""tags"": [""vaccination""],
  ""reason"": ""图片中有疫苗瓶，但没有显示人或医务人员。""
}
```",
6074925,covid 19,6074925_Crop_unrecognizable_female_doctor_in_protective_latex_gloves_demonstrating_vial_with_COVID_19_vaccine_against_pink_backg.jpg,data/raw\6074925_Crop_unrecognizable_female_doctor_in_protective_latex_gloves_demonstrating_vial_with_COVID_19_vaccine_against_pink_backg.jpg,Crop unrecognizable female doctor in protective latex gloves demonstrating vial with COVID 19 vaccine against pink background,,3951,2635,#E5A8B7,,,,,Alena Shekhovtcova,,https://www.pexels.com/@alena-shekhovtcova,https://www.pexels.com/photo/unrecognizable-scientist-showing-coronavirus-vaccine-ampoule-against-pink-background-6074925/,,https://images.pexels.com/photos/6074925/pexels-photo-6074925.jpeg?auto=compress&cs=tinysrgb&h=650&w=940,https://images.pexels.com/photos/6074925/pexels-photo-6074925.jpeg?auto=compress&cs=tinysrgb&h=130,https://images.pexels.com/photos/6074925/pexels-photo-6074925.jpeg,pexels,success,1.0,0.0,0.95,"['ppe', 'gloves']",unknown,图片中有一只戴着防护手套的手拿着一个疫苗瓶，背景为粉色。,"```json
{
  ""has_people"": 1,
  ""has_protective_medical_staff"": 0,
  ""confidence"": 0.95,
  ""tags"": [""ppe"", ""gloves""],
  ""reason"": ""图片中有一只戴着防护手套的手拿着一个疫苗瓶，背景为粉色。""
}
```",
3952224,covid 19,3952224_Healthcare_worker_with_syringe_and_vaccine_highlighted_by_COVID-19_sign..jpg,data/raw\3952224_Healthcare_worker_with_syringe_and_vaccine_highlighted_by_COVID-19_sign..jpg,Healthcare worker with syringe and vaccine highlighted by COVID-19 sign.,,4000,5701,#9D9FA4,,,,,cottonbro studio,,https://www.pexels.com/@cottonbro,https://www.pexels.com/photo/person-holding-syringe-3952224/,,https://images.pexels.com/photos/3952224/pexels-photo-3952224.jpeg?auto=compress&cs=tinysrgb&h=650&w=940,https://images.pexels.com/photos/3952224/pexels-photo-3952224.jpeg?auto=compress&cs=tinysrgb&h=130,https://images.pexels.com/photos/3952224/pexels-photo-3952224.jpeg,pexels,success,1.0,1.0,0.95,"['medical_staff', 'ppe', 'gloves', 'covid_sign']",unknown,图片中有穿着防护服和手套的人手持疫苗针头，背景上有'COVID19'字样，符合医疗保健环境特征。,"```json
{
  ""has_people"": 1,
  ""has_protective_medical_staff"": 1,
  ""confidence"": 0.95,
  ""tags"": [""medical_staff"", ""ppe"", ""gloves"", ""covid_sign""],
  ""reason"": ""图片中有穿着防护服和手套的人手持疫苗针头，背景上有'COVID19'字样，符合医疗保健环境特征。""
}
```",
3952219,covid 19,3952219_Two_individuals_highlighting_COVID-19_vaccine_and_awareness_on_a_vibrant_backdrop..jpg,data/raw\3952219_Two_individuals_highlighting_COVID-19_vaccine_and_awareness_on_a_vibrant_backdrop..jpg,Two individuals highlighting COVID-19 vaccine and awareness on a vibrant backdrop.,,6000,4000,#BB9287,,,,,cottonbro studio,,https://www.pexels.com/@cottonbro,https://www.pexels.com/photo/man-holding-a-vaccine-with-woman-holding-a-covid19-poster-3952219/,,https://images.pexels.com/photos/3952219/pexels-photo-3952219.jpeg?auto=compress&cs=tinysrgb&h=650&w=940,https://images.pexels.com/photos/3952219/pexels-photo-3952219.jpeg?auto=compress&cs=tinysrgb&h=130,https://images.pexels.com/photos/3952219/pexels-photo-3952219.jpeg,pexels,success,1.0,0.0,0.95,"['vaccination', 'covid_sign']",unknown,图片中有一个人手持疫苗针和写着“COVID19”的标志牌，暗示了疫苗接种的主题。,"```json
{
  ""has_people"": 1,
  ""has_protective_medical_staff"": 0,
  ""confidence"": 0.95,
  ""tags"": [""vaccination"", ""covid_sign""],
  ""reason"": ""图片中有一个人手持疫苗针和写着“COVID19”的标志牌，暗示了疫苗接种的主题。""
}
```",
5995163,covid 19,5995163_High-quality_image_of_COVID-19_vaccine_vials__perfect_for_healthcare_themes..jpg,data/raw\5995163_High-quality_image_of_COVID-19_vaccine_vials__perfect_for_healthcare_themes..jpg,"High-quality image of COVID-19 vaccine vials, perfect for healthcare themes.",,6720,4480,#91ABB6,,,,,Maksim Goncharenok,,https://www.pexels.com/@maksgelatin,https://www.pexels.com/photo/close-up-shot-of-vials-5995163/,,https://images.pexels.com/photos/5995163/pexels-photo-5995163.jpeg?auto=compress&cs=tinysrgb&h=650&w=940,https://images.pexels.com/photos/5995163/pexels-photo-5995163.jpeg?auto=compress&cs=tinysrgb&h=130,https://images.pexels.com/photos/5995163/pexels-photo-5995163.jpeg,pexels,success,0.0,0.0,0.95,['vaccination'],unknown,图片中显示的是疫苗瓶，没有出现人员或医务人员。,"```json
{
  ""has_people"": 0,
  ""has_protective_medical_staff"": 0,
  ""confidence"": 0.95,
  ""tags"": [""vaccination""],
  ""reason"": ""图片中显示的是疫苗瓶，没有出现人员或医务人员。""
}
```",
3952221,covid 19,3952221_Two_people_holding_a__Tell_Us_The_Truth_About_Coronavirus__sign_against_a_vibrant_orange_background..jpg,data/raw\3952221_Two_people_holding_a__Tell_Us_The_Truth_About_Coronavirus__sign_against_a_vibrant_orange_background..jpg,Two people holding a 'Tell Us The Truth About Coronavirus' sign against a vibrant orange background.,,6000,4000,#BC6954,,,,,cottonbro studio,,https://www.pexels.com/@cottonbro,https://www.pexels.com/photo/people-holding-a-poster-asking-about-the-truth-in-coronavirus-3952221/,,https://images.pexels.com/photos/3952221/pexels-photo-3952221.jpeg?auto=compress&cs=tinysrgb&h=650&w=940,https://images.pexels.com/photos/3952221/pexels-photo-3952221.jpeg?auto=compress&cs=tinysrgb&h=130,https://images.pexels.com/photos/3952221/pexels-photo-3952221.jpeg,pexels,success,1.0,0.0,0.95,"['medical_staff', 'ppe']",unknown,图片中有两个人，其中一人手持标牌，标牌上写着'关于冠状病毒的真相',"```json
{
  ""has_people"": 1,
  ""has_protective_medical_staff"": 0,
  ""confidence"": 0.95,
  ""tags"": [""medical_staff"", ""ppe""],
  ""reason"": ""图片中有两个人，其中一人手持标牌，标牌上写着'关于冠状病毒的真相'""
}
```",
9893871,covid 19,9893871_A_close-up_photo_of_a_gloved_hand_holding_a_vaccine_ampoule__symbolizing_medical_care..jpg,data/raw\9893871_A_close-up_photo_of_a_gloved_hand_holding_a_vaccine_ampoule__symbolizing_medical_care..jpg,"A close-up photo of a gloved hand holding a vaccine ampoule, symbolizing medical care.",,4160,6240,#715C63,,,,,Ron Lach,,https://www.pexels.com/@ron-lach,https://www.pexels.com/photo/a-person-holding-an-ampoule-9893871/,,https://images.pexels.com/photos/9893871/pexels-photo-9893871.jpeg?auto=compress&cs=tinysrgb&h=650&w=940,https://images.pexels.com/photos/9893871/pexels-photo-9893871.jpeg?auto=compress&cs=tinysrgb&h=130,https://images.pexels.com/photos/9893871/pexels-photo-9893871.jpeg,pexels,success,1.0,1.0,0.95,"['ppe', 'protective_suit', 'gloves']",unknown,手部戴着手套，穿着防护服，手持一个疫苗瓶，符合医务人员穿戴防护装备的特征。,"```json
{
  ""has_people"": 1,
  ""has_protective_medical_staff"": 1,
  ""confidence"": 0.95,
  ""tags"": [""ppe"", ""protective_suit"", ""gloves""],
  ""reason"": ""手部戴着手套，穿着防护服，手持一个疫苗瓶，符合医务人员穿戴防护装备的特征。""
}
```",
8830633,covid 19,8830633_Close-up_of_vaccine_vials__syringe__and_the_words__Ready_to_Travel__on_a_pink_background..jpg,data/raw\8830633_Close-up_of_vaccine_vials__syringe__and_the_words__Ready_to_Travel__on_a_pink_background..jpg,"Close-up of vaccine vials, syringe, and the words 'Ready to Travel' on a pink background.",,6081,4054,#E7AAB1,,,,,Nataliya Vaitkevich,,https://www.pexels.com/@n-voitkevich,https://www.pexels.com/photo/vaccien-vials-on-pink-surface-8830633/,,https://images.pexels.com/photos/8830633/pexels-photo-8830633.jpeg?auto=compress&cs=tinysrgb&h=650&w=940,https://images.pexels.com/photos/8830633/pexels-photo-8830633.jpeg?auto=compress&cs=tinysrgb&h=130,https://images.pexels.com/photos/8830633/pexels-photo-8830633.jpeg,pexels,success,0.0,0.0,0.95,['vaccination'],unknown,图片中只有一支疫苗和一个注射器，没有出现任何人物或医务人员。,"```json
{
  ""has_people"": 0,
  ""has_protective_medical_staff"": 0,
  ""confidence"": 0.95,
  ""tags"": [""vaccination""],
  ""reason"": ""图片中只有一支疫苗和一个注射器，没有出现任何人物或医务人员。""
}
```",
5994826,covid 19,5994826_Glass_vial_of_COVID-19_vaccine_on_a_vibrant_red_backdrop__emphasizing_protection..jpg,data/raw\5994826_Glass_vial_of_COVID-19_vaccine_on_a_vibrant_red_backdrop__emphasizing_protection..jpg,"Glass vial of COVID-19 vaccine on a vibrant red backdrop, emphasizing protection.",,6700,4467,#ED1C07,,,,,Maksim Goncharenok,,https://www.pexels.com/@maksgelatin,https://www.pexels.com/photo/covid-vaccine-in-small-glass-bottle-5994826/,,https://images.pexels.com/photos/5994826/pexels-photo-5994826.jpeg?auto=compress&cs=tinysrgb&h=650&w=940,https://images.pexels.com/photos/5994826/pexels-photo-5994826.jpeg?auto=compress&cs=tinysrgb&h=130,https://images.pexels.com/photos/5994826/pexels-photo-5994826.jpeg,pexels,success,0.0,0.0,0.95,['vaccination'],unknown,图片中只有一个疫苗瓶，没有显示人或医务人员,"```json
{
  ""has_people"": 0,
  ""has_protective_medical_staff"": 0,
  ""confidence"": 0.95,
  ""tags"": [""vaccination""],
  ""reason"": ""图片中只有一个疫苗瓶，没有显示人或医务人员""
}
```",
5994789,covid 19,5994789_Top_view_of_COVID-19_vaccine_vials__syringes__and_test_tubes_on_a_blue_background__representing_immunization_and_protect.jpg,data/raw\5994789_Top_view_of_COVID-19_vaccine_vials__syringes__and_test_tubes_on_a_blue_background__representing_immunization_and_protect.jpg,"Top view of COVID-19 vaccine vials, syringes, and test tubes on a blue background, representing immunization and protection.",,6520,4347,#56B5D0,,,,,Maksim Goncharenok,,https://www.pexels.com/@maksgelatin,https://www.pexels.com/photo/covid-vaccine-equipment-on-blue-surface-5994789/,,https://images.pexels.com/photos/5994789/pexels-photo-5994789.jpeg?auto=compress&cs=tinysrgb&h=650&w=940,https://images.pexels.com/photos/5994789/pexels-photo-5994789.jpeg?auto=compress&cs=tinysrgb&h=130,https://images.pexels.com/photos/5994789/pexels-photo-5994789.jpeg,pexels,success,0.0,0.0,0.95,['vaccination'],unknown,图片中包含疫苗相关的物品，但没有显示人或医务人员。,"```json
{
  ""has_people"": 0,
  ""has_protective_medical_staff"": 0,
  ""confidence"": 0.95,
  ""tags"": [""vaccination""],
  ""reason"": ""图片中包含疫苗相关的物品，但没有显示人或医务人员。""
}
```",
5841970,covid 19,5841970_Decorative_cardboard_illustration_of_human_figure_between_sterile_mask_and_viruses_during_coronavirus_pandemic_on_green.jpg,data/raw\5841970_Decorative_cardboard_illustration_of_human_figure_between_sterile_mask_and_viruses_during_coronavirus_pandemic_on_green.jpg,Decorative cardboard illustration of human figure between sterile mask and viruses during coronavirus pandemic on green background,,8000,4500,#E0E9A7,,,,,Monstera Production,,https://www.pexels.com/@gabby-k,https://www.pexels.com/photo/cutout-paper-appliques-of-sick-person-between-mask-and-viruses-5841970/,,https://images.pexels.com/photos/5841970/pexels-photo-5841970.jpeg?auto=compress&cs=tinysrgb&h=650&w=940,https://images.pexels.com/photos/5841970/pexels-photo-5841970.jpeg?auto=compress&cs=tinysrgb&h=130,https://images.pexels.com/photos/5841970/pexels-photo-5841970.jpeg,pexels,success,1.0,0.0,0.95,"['ppe', 'mask']",unknown,图中有一个人形轮廓和一个口罩图标，暗示了防护措施。,"```json
{
  ""has_people"": 1,
  ""has_protective_medical_staff"": 0,
  ""confidence"": 0.95,
  ""tags"": [""ppe"", ""mask""],
  ""reason"": ""图中有一个人形轮廓和一个口罩图标，暗示了防护措施。""
}
```",
5552804,covid 19,5552804_Yellow_autumn_leaves_arranged_to_spell__COVID__on_lush_green_grass_in_a_park..jpg,data/raw\5552804_Yellow_autumn_leaves_arranged_to_spell__COVID__on_lush_green_grass_in_a_park..jpg,Yellow autumn leaves arranged to spell 'COVID' on lush green grass in a park.,,6230,4153,#50532D,,,,,Maksim Goncharenok,,https://www.pexels.com/@maksgelatin,https://www.pexels.com/photo/covid-inscription-made-from-leaves-5552804/,,https://images.pexels.com/photos/5552804/pexels-photo-5552804.jpeg?auto=compress&cs=tinysrgb&h=650&w=940,https://images.pexels.com/photos/5552804/pexels-photo-5552804.jpeg?auto=compress&cs=tinysrgb&h=130,https://images.pexels.com/photos/5552804/pexels-photo-5552804.jpeg,pexels,success,0.0,0.0,0.95,['covid_sign'],unknown,图片中没有可见的人类或医务人员，只有用秋天的叶子拼成的'COVID'字样。,"```json
{
  ""has_people"": 0,
  ""has_protective_medical_staff"": 0,
  ""confidence"": 0.95,
  ""tags"": [""covid_sign""],
  ""reason"": ""图片中没有可见的人类或医务人员，只有用秋天的叶子拼成的'COVID'字样。""
}
```",
5841749,covid 19,5841749_Paper_cutout_of_contagious_types_of_viruses_on_green_background_with_pills_and_capsules_for_disease_care_during_epidemic.jpg,data/raw\5841749_Paper_cutout_of_contagious_types_of_viruses_on_green_background_with_pills_and_capsules_for_disease_care_during_epidemic.jpg,Paper cutout of contagious types of viruses on green background with pills and capsules for disease care during epidemic period,,4500,8000,#CEEBBE,,,,,Monstera Production,,https://www.pexels.com/@gabby-k,https://www.pexels.com/photo/paper-cutout-of-medicine-and-viruses-5841749/,,https://images.pexels.com/photos/5841749/pexels-photo-5841749.jpeg?auto=compress&cs=tinysrgb&h=650&w=940,https://images.pexels.com/photos/5841749/pexels-photo-5841749.jpeg?auto=compress&cs=tinysrgb&h=130,https://images.pexels.com/photos/5841749/pexels-photo-5841749.jpeg,pexels,success,0.0,0.0,0.95,['virus'],unknown,图片中包含病毒的图标，没有显示任何人类或医务人员。,"```json
{
  ""has_people"": 0,
  ""has_protective_medical_staff"": 0,
  ""confidence"": 0.95,
  ""tags"": [""virus""],
  ""reason"": ""图片中包含病毒的图标，没有显示任何人类或医务人员。""
}
```",
6074927,covid 19,6074927_High_angle_of_crop_unrecognizable_medical_worker_in_latex_gloves_holding_pile_of_ampoules_with_COVID_19_vaccine_against.jpg,data/raw\6074927_High_angle_of_crop_unrecognizable_medical_worker_in_latex_gloves_holding_pile_of_ampoules_with_COVID_19_vaccine_against.jpg,High angle of crop unrecognizable medical worker in latex gloves holding pile of ampoules with COVID 19 vaccine against pink background,,2229,3344,#E09FB3,,,,,Alena Shekhovtcova,,https://www.pexels.com/@alena-shekhovtcova,https://www.pexels.com/photo/crop-woman-demonstrating-vials-with-covid-vaccine-in-pink-studio-6074927/,,https://images.pexels.com/photos/6074927/pexels-photo-6074927.jpeg?auto=compress&cs=tinysrgb&h=650&w=940,https://images.pexels.com/photos/6074927/pexels-photo-6074927.jpeg?auto=compress&cs=tinysrgb&h=130,https://images.pexels.com/photos/6074927/pexels-photo-6074927.jpeg,pexels,success,1.0,0.0,0.95,['gloves'],unknown,手部戴着透明手套，可能用于医疗操作。,"```json
{
  ""has_people"": 1,
  ""has_protective_medical_staff"": 0,
  ""confidence"": 0.95,
  ""tags"": [""gloves""],
  ""reason"": ""手部戴着透明手套，可能用于医疗操作。""
}
```",
4108203,covid 19,4108203_Smartphone_displaying__Stay_home__on_green_screen_with__Social_Distancing__text_on_red_background..jpg,data/raw\4108203_Smartphone_displaying__Stay_home__on_green_screen_with__Social_Distancing__text_on_red_background..jpg,Smartphone displaying 'Stay home' on green screen with 'Social Distancing' text on red background.,,4160,6240,#953D33,,,,,Polina Zimmerman,,https://www.pexels.com/@polina-zimmerman,https://www.pexels.com/photo/black-smartphone-on-red-textile-4108203/,,https://images.pexels.com/photos/4108203/pexels-photo-4108203.jpeg?auto=compress&cs=tinysrgb&h=650&w=940,https://images.pexels.com/photos/4108203/pexels-photo-4108203.jpeg?auto=compress&cs=tinysrgb&h=130,https://images.pexels.com/photos/4108203/pexels-photo-4108203.jpeg,pexels,success,0.0,0.0,0.95,"['social_distancing', 'stay_home']",unknown,图片中没有显示任何人物或医疗人员，主要展示的是一个带有“保持社交距离”和“待在家”的信息的手机屏幕。,"```json
{
  ""has_people"": 0,
  ""has_protective_medical_staff"": 0,
  ""confidence"": 0.95,
  ""tags"": [""social_distancing"", ""stay_home""],
  ""reason"": ""图片中没有显示任何人物或医疗人员，主要展示的是一个带有“保持社交距离”和“待在家”的信息的手机屏幕。""
}
```",
5878521,covid 19,5878521_A_vaccine_vial_against_a_vibrant_pink_and_white_background__symbolizing_healthcare_and_medicine..jpg,data/raw\5878521_A_vaccine_vial_against_a_vibrant_pink_and_white_background__symbolizing_healthcare_and_medicine..jpg,"A vaccine vial against a vibrant pink and white background, symbolizing healthcare and medicine.",,5876,3305,#FAEBFC,,,,,Artem Podrez,,https://www.pexels.com/@artempodrez,https://www.pexels.com/photo/a-vaccine-in-a-vial-5878521/,,https://images.pexels.com/photos/5878521/pexels-photo-5878521.jpeg?auto=compress&cs=tinysrgb&h=650&w=940,https://images.pexels.com/photos/5878521/pexels-photo-5878521.jpeg?auto=compress&cs=tinysrgb&h=130,https://images.pexels.com/photos/5878521/pexels-photo-5878521.jpeg,pexels,success,0.0,0.0,0.95,"['vaccine', 'virus']",unknown,图像中没有可见的人类或医务人员，只有一个疫苗瓶和病毒相关的标签。,"```json
{
  ""has_people"": 0,
  ""has_protective_medical_staff"": 0,
  ""confidence"": 0.95,
  ""tags"": [""vaccine"", ""virus""],
  ""reason"": ""图像中没有可见的人类或医务人员，只有一个疫苗瓶和病毒相关的标签。""
}
```",
5994796,covid 19,5994796_Close-up_of_COVID-19_vaccine_vial_and_test_tubes_on_a_blue_background__highlighting_immunization_and_testing..jpg,data/raw\5994796_Close-up_of_COVID-19_vaccine_vial_and_test_tubes_on_a_blue_background__highlighting_immunization_and_testing..jpg,"Close-up of COVID-19 vaccine vial and test tubes on a blue background, highlighting immunization and testing.",,6295,4197,#7DD4ED,,,,,Maksim Goncharenok,,https://www.pexels.com/@maksgelatin,https://www.pexels.com/photo/vaccine-ampoule-and-test-tubes-on-blue-surface-5994796/,,https://images.pexels.com/photos/5994796/pexels-photo-5994796.jpeg?auto=compress&cs=tinysrgb&h=650&w=940,https://images.pexels.com/photos/5994796/pexels-photo-5994796.jpeg?auto=compress&cs=tinysrgb&h=130,https://images.pexels.com/photos/5994796/pexels-photo-5994796.jpeg,pexels,success,0.0,0.0,0.95,['vaccination'],unknown,图片中有疫苗瓶和注射器，但没有显示人或医务人员。,"```json
{
  ""has_people"": 0,
  ""has_protective_medical_staff"": 0,
  ""confidence"": 0.95,
  ""tags"": [""vaccination""],
  ""reason"": ""图片中有疫苗瓶和注射器，但没有显示人或医务人员。""
}
```",
11989310,covid 19,11989310_A_woman_sits_on_an_airplane__wearing_a_face_mask_during_the_flight__representing_the_new_normal_of_air_travel..jpg,data/raw\11989310_A_woman_sits_on_an_airplane__wearing_a_face_mask_during_the_flight__representing_the_new_normal_of_air_travel..jpg,"A woman sits on an airplane, wearing a face mask during the flight, representing the new normal of air travel.",,6240,4160,#7D7D7B,,,,,Pew Nguyen,,https://www.pexels.com/@nguyendesigner,https://www.pexels.com/photo/woman-in-black-shirt-wearing-white-face-mask-11989310/,,https://images.pexels.com/photos/11989310/pexels-photo-11989310.jpeg?auto=compress&cs=tinysrgb&h=650&w=940,https://images.pexels.com/photos/11989310/pexels-photo-11989310.jpeg?auto=compress&cs=tinysrgb&h=130,https://images.pexels.com/photos/11989310/pexels-photo-11989310.jpeg,pexels,success,1.0,0.0,0.95,"['medical_staff', 'ppe', 'mask']",unknown,图片中有一个人戴着口罩，可能是在飞机上，符合医疗或防护人员的特征。,"```json
{
  ""has_people"": 1,
  ""has_protective_medical_staff"": 0,
  ""confidence"": 0.95,
  ""tags"": [""medical_staff"", ""ppe"", ""mask""],
  ""reason"": ""图片中有一个人戴着口罩，可能是在飞机上，符合医疗或防护人员的特征。""
}
```",
5994569,covid 19,5994569_Close-up_of_hands_with_gloves_holding_a_COVID-19_vaccine_vial__highlighting_vaccination_concept..jpg,data/raw\5994569_Close-up_of_hands_with_gloves_holding_a_COVID-19_vaccine_vial__highlighting_vaccination_concept..jpg,"Close-up of hands with gloves holding a COVID-19 vaccine vial, highlighting vaccination concept.",,4480,6720,#83ABC0,,,,,Maksim Goncharenok,,https://www.pexels.com/@maksgelatin,https://www.pexels.com/photo/close-up-shot-of-a-vial-5994569/,,https://images.pexels.com/photos/5994569/pexels-photo-5994569.jpeg?auto=compress&cs=tinysrgb&h=650&w=940,https://images.pexels.com/photos/5994569/pexels-photo-5994569.jpeg?auto=compress&cs=tinysrgb&h=130,https://images.pexels.com/photos/5994569/pexels-photo-5994569.jpeg,pexels,success,1.0,1.0,0.95,"['medical_staff', 'ppe', 'gloves']",unknown,图片中有穿着防护手套的手臂，符合医务人员佩戴防护装备的特征。,"```json
{
  ""has_people"": 1,
  ""has_protective_medical_staff"": 1,
  ""confidence"": 0.95,
  ""tags"": [""medical_staff"", ""ppe"", ""gloves""],
  ""reason"": ""图片中有穿着防护手套的手臂，符合医务人员佩戴防护装备的特征。""
}
```",
5994634,covid 19,5994634_Close-up_of_COVID-19_vaccine_vial_surrounded_by_colorful_pills_on_a_vibrant_red_background..jpg,data/raw\5994634_Close-up_of_COVID-19_vaccine_vial_surrounded_by_colorful_pills_on_a_vibrant_red_background..jpg,Close-up of COVID-19 vaccine vial surrounded by colorful pills on a vibrant red background.,,4480,6720,#B43932,,,,,Maksim Goncharenok,,https://www.pexels.com/@maksgelatin,https://www.pexels.com/photo/a-vial-of-vaccine-and-pills-on-a-red-surface-5994634/,,https://images.pexels.com/photos/5994634/pexels-photo-5994634.jpeg?auto=compress&cs=tinysrgb&h=650&w=940,https://images.pexels.com/photos/5994634/pexels-photo-5994634.jpeg?auto=compress&cs=tinysrgb&h=130,https://images.pexels.com/photos/5994634/pexels-photo-5994634.jpeg,pexels,success,0.0,0.0,0.95,"['vaccination', 'covid_sign']",unknown,图片中没有出现任何人物或医疗人员，主要展示的是疫苗瓶和各种颜色的药片。,"```json
{
  ""has_people"": 0,
  ""has_protective_medical_staff"": 0,
  ""confidence"": 0.95,
  ""tags"": [""vaccination"", ""covid_sign""],
  ""reason"": ""图片中没有出现任何人物或医疗人员，主要展示的是疫苗瓶和各种颜色的药片。""
}
```",
5995160,covid 19,5995160_Multiple_COVID-19_vaccine_vials_on_a_blue_background__symbolizing_vaccination_efforts..jpg,data/raw\5995160_Multiple_COVID-19_vaccine_vials_on_a_blue_background__symbolizing_vaccination_efforts..jpg,"Multiple COVID-19 vaccine vials on a blue background, symbolizing vaccination efforts.",,4480,6720,#8ABCCD,,,,,Maksim Goncharenok,,https://www.pexels.com/@maksgelatin,https://www.pexels.com/photo/white-and-red-plastic-bottles-5995160/,,https://images.pexels.com/photos/5995160/pexels-photo-5995160.jpeg?auto=compress&cs=tinysrgb&h=650&w=940,https://images.pexels.com/photos/5995160/pexels-photo-5995160.jpeg?auto=compress&cs=tinysrgb&h=130,https://images.pexels.com/photos/5995160/pexels-photo-5995160.jpeg,pexels,success,0.0,0.0,0.95,"['vaccination', 'covid_sign']",unknown,图片中没有显示任何人物或医疗人员，所有内容都是疫苗瓶。,"```json
{
  ""has_people"": 0,
  ""has_protective_medical_staff"": 0,
  ""confidence"": 0.95,
  ""tags"": [""vaccination"", ""covid_sign""],
  ""reason"": ""图片中没有显示任何人物或医疗人员，所有内容都是疫苗瓶。""
}
```",
5863436,covid 19,5863436_Close-up_of_a_COVID-19_vaccine_vial_and_syringe_on_a_black_background__symbolizing_vaccination..jpg,data/raw\5863436_Close-up_of_a_COVID-19_vaccine_vial_and_syringe_on_a_black_background__symbolizing_vaccination..jpg,"Close-up of a COVID-19 vaccine vial and syringe on a black background, symbolizing vaccination.",,4160,2773,#081218,,,,,Nataliya Vaitkevich,,https://www.pexels.com/@n-voitkevich,https://www.pexels.com/photo/covid-vaccine-set-5863436/,,https://images.pexels.com/photos/5863436/pexels-photo-5863436.jpeg?auto=compress&cs=tinysrgb&h=650&w=940,https://images.pexels.com/photos/5863436/pexels-photo-5863436.jpeg?auto=compress&cs=tinysrgb&h=130,https://images.pexels.com/photos/5863436/pexels-photo-5863436.jpeg,pexels,success,0.0,0.0,0.95,['vaccination'],unknown,图片中有一个疫苗瓶和注射器，通常用于疫苗接种场景。,"```json
{
  ""has_people"": 0,
  ""has_protective_medical_staff"": 0,
  ""confidence"": 0.95,
  ""tags"": [""vaccination""],
  ""reason"": ""图片中有一个疫苗瓶和注射器，通常用于疫苗接种场景。""
}
```",
8658539,covid 19,8658539_Healthcare_worker_holding_a_COVID-19_antiviral_treatment_in_a_prescription_bottle..jpg,data/raw\8658539_Healthcare_worker_holding_a_COVID-19_antiviral_treatment_in_a_prescription_bottle..jpg,Healthcare worker holding a COVID-19 antiviral treatment in a prescription bottle.,,4592,3064,#ACB4BF,,,,,Towfiqu barbhuiya,,https://www.pexels.com/@towfiqu-barbhuiya-3440682,https://www.pexels.com/photo/person-holding-orange-and-white-plastic-bottle-8658539/,,https://images.pexels.com/photos/8658539/pexels-photo-8658539.jpeg?auto=compress&cs=tinysrgb&h=650&w=940,https://images.pexels.com/photos/8658539/pexels-photo-8658539.jpeg?auto=compress&cs=tinysrgb&h=130,https://images.pexels.com/photos/8658539/pexels-photo-8658539.jpeg,pexels,success,1.0,1.0,0.95,"['doctor', 'ppe', 'gloves']",unknown,图片中显示了一只戴着蓝色手套的手，手拿着一个标有“抗病毒治疗 COVID-19 药物”的瓶子，这表明该人可能是一名医务人员，穿着防护服和手套。,"```json
{
  ""has_people"": 1,
  ""has_protective_medical_staff"": 1,
  ""confidence"": 0.95,
  ""tags"": [""doctor"", ""ppe"", ""gloves""],
  ""reason"": ""图片中显示了一只戴着蓝色手套的手，手拿着一个标有“抗病毒治疗 COVID-19 药物”的瓶子，这表明该人可能是一名医务人员，穿着防护服和手套。""
}
```",
5921926,covid 19,5921926_Creative_healthcare_concept_with_syringe_and__COVID_GUARD__text_shadow_on_yellow_background..jpg,data/raw\5921926_Creative_healthcare_concept_with_syringe_and__COVID_GUARD__text_shadow_on_yellow_background..jpg,Creative healthcare concept with syringe and 'COVID GUARD' text shadow on yellow background.,,6685,4457,#F2CC62,,,,,Thirdman,,https://www.pexels.com/@thirdman,https://www.pexels.com/photo/covid-text-5921926/,,https://images.pexels.com/photos/5921926/pexels-photo-5921926.jpeg?auto=compress&cs=tinysrgb&h=650&w=940,https://images.pexels.com/photos/5921926/pexels-photo-5921926.jpeg?auto=compress&cs=tinysrgb&h=130,https://images.pexels.com/photos/5921926/pexels-photo-5921926.jpeg,pexels,success,0.0,0.0,0.95,['covid_sign'],unknown,图片中没有出现任何人物或医疗人员，只有疫苗注射器和文字 'COVID GUARD'。,"```json
{
  ""has_people"": 0,
  ""has_protective_medical_staff"": 0,
  ""confidence"": 0.95,
  ""tags"": [""covid_sign""],
  ""reason"": ""图片中没有出现任何人物或医疗人员，只有疫苗注射器和文字 'COVID GUARD'。""
}
```",
7009469,covid 19,7009469_A_placard_reading__covid-19___a_map__face_mask__and_passport_representing_travel_restrictions..jpg,data/raw\7009469_A_placard_reading__covid-19___a_map__face_mask__and_passport_representing_travel_restrictions..jpg,"A placard reading 'covid-19', a map, face mask, and passport representing travel restrictions.",,6000,4000,#ADA299,,,,,Tima Miroshnichenko,,https://www.pexels.com/@tima-miroshnichenko,https://www.pexels.com/photo/a-covid-10-placard-beside-black-face-mask-on-a-map-7009469/,,https://images.pexels.com/photos/7009469/pexels-photo-7009469.jpeg?auto=compress&cs=tinysrgb&h=650&w=940,https://images.pexels.com/photos/7009469/pexels-photo-7009469.jpeg?auto=compress&cs=tinysrgb&h=130,https://images.pexels.com/photos/7009469/pexels-photo-7009469.jpeg,pexels,success,0.0,0.0,0.95,['covid_sign'],unknown,图片中有一个标有 'COVID-19' 的纸板和一个口罩，但没有显示人或医务人员。,"```json
{
  ""has_people"": 0,
  ""has_protective_medical_staff"": 0,
  ""confidence"": 0.95,
  ""tags"": [""covid_sign""],
  ""reason"": ""图片中有一个标有 'COVID-19' 的纸板和一个口罩，但没有显示人或医务人员。""
}
```",
11623597,covid 19,11623597_Flat_lay_of_protective_gear_and_a_COVID-19_test_kit__indoors..jpg,data/raw\11623597_Flat_lay_of_protective_gear_and_a_COVID-19_test_kit__indoors..jpg,"Flat lay of protective gear and a COVID-19 test kit, indoors.",,4800,3200,#C6D1E3,,,,,adrian vieriu,,https://www.pexels.com/@printexstar,https://www.pexels.com/photo/kit-tested-covid-19-coronavirus-symptoms-medical-concept-with-ppe-and-swab-pcr-test-on-white-background-isolated-glasses-mask-gloves-for-protection-against-the-virus-11623597/,,https://images.pexels.com/photos/11623597/pexels-photo-11623597.jpeg?auto=compress&cs=tinysrgb&h=650&w=940,https://images.pexels.com/photos/11623597/pexels-photo-11623597.jpeg?auto=compress&cs=tinysrgb&h=130,https://images.pexels.com/photos/11623597/pexels-photo-11623597.jpeg,pexels,success,0.0,0.0,0.95,"['ppe', 'mask', 'gloves']",unknown,图片中没有显示人，但有防护口罩、手套和面屏等防护装备。,"```json
{
  ""has_people"": 0,
  ""has_protective_medical_staff"": 0,
  ""confidence"": 0.95,
  ""tags"": [""ppe"", ""mask"", ""gloves""],
  ""reason"": ""图片中没有显示人，但有防护口罩、手套和面屏等防护装备。""
}
```",
3992925,covid 19,3992925_Colorful_microscopic_image_depicting_coronavirus_particles_in_vibrant_detail..jpg,data/raw\3992925_Colorful_microscopic_image_depicting_coronavirus_particles_in_vibrant_detail..jpg,Colorful microscopic image depicting coronavirus particles in vibrant detail.,,2362,3071,#8E272C,,,,,CDC,,https://www.pexels.com/@cdc-library,https://www.pexels.com/photo/microscopic-image-of-a-virus-3992925/,,https://images.pexels.com/photos/3992925/pexels-photo-3992925.jpeg?auto=compress&cs=tinysrgb&h=650&w=940,https://images.pexels.com/photos/3992925/pexels-photo-3992925.jpeg?auto=compress&cs=tinysrgb&h=130,https://images.pexels.com/photos/3992925/pexels-photo-3992925.jpeg,pexels,success,1.0,0.0,0.95,"['virus', 'covid_sign']",unknown,图像显示了病毒颗粒，可能与COVID-19相关。,"```json
{
  ""has_people"": 1,
  ""has_protective_medical_staff"": 0,
  ""confidence"": 0.95,
  ""tags"": [""virus"", ""covid_sign""],
  ""reason"": ""图像显示了病毒颗粒，可能与COVID-19相关。""
}
```",
5994795,covid 19,5994795_Top_view_of_COVID-19_vaccine_vials_and_syringes_on_a_blue_background__indicating_medical_research..jpg,data/raw\5994795_Top_view_of_COVID-19_vaccine_vials_and_syringes_on_a_blue_background__indicating_medical_research..jpg,"Top view of COVID-19 vaccine vials and syringes on a blue background, indicating medical research.",,6397,4265,#4BB2CF,,,,,Maksim Goncharenok,,https://www.pexels.com/@maksgelatin,https://www.pexels.com/photo/vials-and-syringe-on-blue-surface-5994795/,,https://images.pexels.com/photos/5994795/pexels-photo-5994795.jpeg?auto=compress&cs=tinysrgb&h=650&w=940,https://images.pexels.com/photos/5994795/pexels-photo-5994795.jpeg?auto=compress&cs=tinysrgb&h=130,https://images.pexels.com/photos/5994795/pexels-photo-5994795.jpeg,pexels,success,0.0,0.0,0.95,['vaccination'],unknown,图片中有疫苗瓶和注射器，但没有显示人或医务人员。,"```json
{
  ""has_people"": 0,
  ""has_protective_medical_staff"": 0,
  ""confidence"": 0.95,
  ""tags"": [""vaccination""],
  ""reason"": ""图片中有疫苗瓶和注射器，但没有显示人或医务人员。""
}
```",
5863287,covid 19,5863287_Close-up_view_of_COVID-19_vaccine_vials_and_syringes_on_a_pink_surface__symbolizing_healthcare_efforts..jpg,data/raw\5863287_Close-up_view_of_COVID-19_vaccine_vials_and_syringes_on_a_pink_surface__symbolizing_healthcare_efforts..jpg,"Close-up view of COVID-19 vaccine vials and syringes on a pink surface, symbolizing healthcare efforts.",,4160,6240,#DBABCF,,,,,Nataliya Vaitkevich,,https://www.pexels.com/@n-voitkevich,https://www.pexels.com/photo/covid-19-vaccine-in-vials-5863287/,,https://images.pexels.com/photos/5863287/pexels-photo-5863287.jpeg?auto=compress&cs=tinysrgb&h=650&w=940,https://images.pexels.com/photos/5863287/pexels-photo-5863287.jpeg?auto=compress&cs=tinysrgb&h=130,https://images.pexels.com/photos/5863287/pexels-photo-5863287.jpeg,pexels,success,0.0,0.0,0.95,['vaccination'],unknown,图片中有疫苗瓶和注射器，但没有显示人或医务人员。,"```json
{
  ""has_people"": 0,
  ""has_protective_medical_staff"": 0,
  ""confidence"": 0.95,
  ""tags"": [""vaccination""],
  ""reason"": ""图片中有疫苗瓶和注射器，但没有显示人或医务人员。""
}
```",
8500113,covid 19,8500113_Inspiring_phrase__Beat_Covid-19__written_in_beach_sand__promoting_hope..jpg,data/raw\8500113_Inspiring_phrase__Beat_Covid-19__written_in_beach_sand__promoting_hope..jpg,"Inspiring phrase 'Beat Covid-19' written in beach sand, promoting hope.",,5184,3456,#9D8E77,,,,,Ahsanjaya,,https://www.pexels.com/@ahsanjaya,https://www.pexels.com/photo/message-written-on-brown-beach-sand-8500113/,,https://images.pexels.com/photos/8500113/pexels-photo-8500113.jpeg?auto=compress&cs=tinysrgb&h=650&w=940,https://images.pexels.com/photos/8500113/pexels-photo-8500113.jpeg?auto=compress&cs=tinysrgb&h=130,https://images.pexels.com/photos/8500113/pexels-photo-8500113.jpeg,pexels,success,0.0,0.0,0.95,['covid_sign'],unknown,图片中的文字是'Beat Covid-19'，这表明有新冠病毒的存在。,"```json
{
  ""has_people"": 0,
  ""has_protective_medical_staff"": 0,
  ""confidence"": 0.95,
  ""tags"": [""covid_sign""],
  ""reason"": ""图片中的文字是'Beat Covid-19'，这表明有新冠病毒的存在。""
}
```",
6074959,covid 19,6074959_Crop_faceless_scientist_in_latex_medical_gloves_demonstrating_ampoule_with_COVID_19_vaccine_in_modern_laboratory_in_brig.jpg,data/raw\6074959_Crop_faceless_scientist_in_latex_medical_gloves_demonstrating_ampoule_with_COVID_19_vaccine_in_modern_laboratory_in_brig.jpg,Crop faceless scientist in latex medical gloves demonstrating ampoule with COVID 19 vaccine in modern laboratory in bright neon illumination,,4160,6240,#6C40CB,,,,,Alena Shekhovtcova,,https://www.pexels.com/@alena-shekhovtcova,https://www.pexels.com/photo/unrecognizable-medic-showing-ampoule-containing-vaccine-in-bright-laboratory-6074959/,,https://images.pexels.com/photos/6074959/pexels-photo-6074959.jpeg?auto=compress&cs=tinysrgb&h=650&w=940,https://images.pexels.com/photos/6074959/pexels-photo-6074959.jpeg?auto=compress&cs=tinysrgb&h=130,https://images.pexels.com/photos/6074959/pexels-photo-6074959.jpeg,pexels,success,1.0,0.0,0.95,"['gloves', 'vaccination']",unknown,图片中有一只戴着手套的手拿着疫苗瓶，背景有紫色和蓝色的灯光效果。,"```json
{
  ""has_people"": 1,
  ""has_protective_medical_staff"": 0,
  ""confidence"": 0.95,
  ""tags"": [""gloves"", ""vaccination""],
  ""reason"": ""图片中有一只戴着手套的手拿着疫苗瓶，背景有紫色和蓝色的灯光效果。""
}
```",
3936421,covid 19,3936421_Creative_COVID-19_concept_with_gold_pills_and_syringes_arranged_on_a_dark_background..jpg,data/raw\3936421_Creative_COVID-19_concept_with_gold_pills_and_syringes_arranged_on_a_dark_background..jpg,Creative COVID-19 concept with gold pills and syringes arranged on a dark background.,,6016,4000,#393433,,,,,Miguel Á. Padriñán,,https://www.pexels.com/@padrinan,https://www.pexels.com/photo/syringe-and-pills-on-blue-background-3936421/,,https://images.pexels.com/photos/3936421/pexels-photo-3936421.jpeg?auto=compress&cs=tinysrgb&h=650&w=940,https://images.pexels.com/photos/3936421/pexels-photo-3936421.jpeg?auto=compress&cs=tinysrgb&h=130,https://images.pexels.com/photos/3936421/pexels-photo-3936421.jpeg,pexels,success,0.0,0.0,0.95,['covid_sign'],unknown,图片中没有出现任何人物或医疗人员，只有与新冠病毒相关的符号和疫苗接种相关的内容。,"```json
{
  ""has_people"": 0,
  ""has_protective_medical_staff"": 0,
  ""confidence"": 0.95,
  ""tags"": [""covid_sign""],
  ""reason"": ""图片中没有出现任何人物或医疗人员，只有与新冠病毒相关的符号和疫苗接种相关的内容。""
}
```",
6075031,covid 19,6075031_Top_view_of_different_pills_and_capsules_near_vaccine_for_coronavirus_in_bright_pink_neon_light.jpg,data/raw\6075031_Top_view_of_different_pills_and_capsules_near_vaccine_for_coronavirus_in_bright_pink_neon_light.jpg,Top view of different pills and capsules near vaccine for coronavirus in bright pink neon light,,2773,4160,#D15CB4,,,,,Alena Shekhovtcova,,https://www.pexels.com/@alena-shekhovtcova,https://www.pexels.com/photo/pills-and-capsules-near-vaccine-for-covid-19-6075031/,,https://images.pexels.com/photos/6075031/pexels-photo-6075031.jpeg?auto=compress&cs=tinysrgb&h=650&w=940,https://images.pexels.com/photos/6075031/pexels-photo-6075031.jpeg?auto=compress&cs=tinysrgb&h=130,https://images.pexels.com/photos/6075031/pexels-photo-6075031.jpeg,pexels,success,0.0,0.0,0.95,"['virus', 'covid_sign']",unknown,图像中主要显示的是疫苗和病毒相关的元素，没有出现任何人类或医务人员。,"```json
{
  ""has_people"": 0,
  ""has_protective_medical_staff"": 0,
  ""confidence"": 0.95,
  ""tags"": [""virus"", ""covid_sign""],
  ""reason"": ""图像中主要显示的是疫苗和病毒相关的元素，没有出现任何人类或医务人员。""
}
```",
5995301,covid 19,5995301_Clear_shot_of_COVID-19_vaccine_vial_with_syringe_against_a_blue_backdrop__symbolizing_medical_advancement..jpg,data/raw\5995301_Clear_shot_of_COVID-19_vaccine_vial_with_syringe_against_a_blue_backdrop__symbolizing_medical_advancement..jpg,"Clear shot of COVID-19 vaccine vial with syringe against a blue backdrop, symbolizing medical advancement.",,4392,6588,#64CAE6,,,,,Maksim Goncharenok,,https://www.pexels.com/@maksgelatin,https://www.pexels.com/photo/clear-glass-bottle-with-white-plastic-lid-5995301/,,https://images.pexels.com/photos/5995301/pexels-photo-5995301.jpeg?auto=compress&cs=tinysrgb&h=650&w=940,https://images.pexels.com/photos/5995301/pexels-photo-5995301.jpeg?auto=compress&cs=tinysrgb&h=130,https://images.pexels.com/photos/5995301/pexels-photo-5995301.jpeg,pexels,success,0.0,0.0,0.95,['vaccination'],unknown,图片中只有一支疫苗注射器和一个疫苗瓶，没有出现任何人体或医务人员。,"```json
{
  ""has_people"": 0,
  ""has_protective_medical_staff"": 0,
  ""confidence"": 0.95,
  ""tags"": [""vaccination""],
  ""reason"": ""图片中只有一支疫苗注射器和一个疫苗瓶，没有出现任何人体或医务人员。""
}
```",
6074953,covid 19,6074953_Top_view_set_of_COVID_vaccines_ampoules_arranged_on_pink_surface_as_abstract_background.jpg,data/raw\6074953_Top_view_set_of_COVID_vaccines_ampoules_arranged_on_pink_surface_as_abstract_background.jpg,Top view set of COVID vaccines ampoules arranged on pink surface as abstract background,,6240,4160,#FBC9CB,,,,,Alena Shekhovtcova,,https://www.pexels.com/@alena-shekhovtcova,https://www.pexels.com/photo/collection-of-coronavirus-vaccine-vials-placed-on-pink-desk-6074953/,,https://images.pexels.com/photos/6074953/pexels-photo-6074953.jpeg?auto=compress&cs=tinysrgb&h=650&w=940,https://images.pexels.com/photos/6074953/pexels-photo-6074953.jpeg?auto=compress&cs=tinysrgb&h=130,https://images.pexels.com/photos/6074953/pexels-photo-6074953.jpeg,pexels,success,0.0,0.0,0.95,['vaccination'],unknown,图片中没有显示任何人体或医疗人员，因此没有穿防护服的医务人员。,"```json
{
  ""has_people"": 0,
  ""has_protective_medical_staff"": 0,
  ""confidence"": 0.95,
  ""tags"": [""vaccination""],
  ""reason"": ""图片中没有显示任何人体或医疗人员，因此没有穿防护服的医务人员。""
}
```",
11624062,covid 19,11624062_Detailed_close-up_image_of_a_COVID-19_PCR_test_tube_with_medical_equipment..jpg,data/raw\11624062_Detailed_close-up_image_of_a_COVID-19_PCR_test_tube_with_medical_equipment..jpg,Detailed close-up image of a COVID-19 PCR test tube with medical equipment.,,4800,3200,#D4D8E3,,,,,adrian vieriu,,https://www.pexels.com/@printexstar,https://www.pexels.com/photo/close-up-of-a-plastic-test-tube-11624062/,,https://images.pexels.com/photos/11624062/pexels-photo-11624062.jpeg?auto=compress&cs=tinysrgb&h=650&w=940,https://images.pexels.com/photos/11624062/pexels-photo-11624062.jpeg?auto=compress&cs=tinysrgb&h=130,https://images.pexels.com/photos/11624062/pexels-photo-11624062.jpeg,pexels,success,0.0,0.0,0.95,['testing'],unknown,图片中没有显示人或医务人员，主要展示了一个标有'COVID-19 PCR Test'的试管和一些医疗用品。,"```json
{
  ""has_people"": 0,
  ""has_protective_medical_staff"": 0,
  ""confidence"": 0.95,
  ""tags"": [""testing""],
  ""reason"": ""图片中没有显示人或医务人员，主要展示了一个标有'COVID-19 PCR Test'的试管和一些医疗用品。""
}
```",
5863435,covid 19,5863435_Close-up_of_COVID-19_vaccine_vial_and_syringe__symbolizing_healthcare_advancements..jpg,data/raw\5863435_Close-up_of_COVID-19_vaccine_vial_and_syringe__symbolizing_healthcare_advancements..jpg,"Close-up of COVID-19 vaccine vial and syringe, symbolizing healthcare advancements.",,5472,3648,#353B42,,,,,Nataliya Vaitkevich,,https://www.pexels.com/@n-voitkevich,https://www.pexels.com/photo/red-and-white-labeled-covid-vaccine-bottle-5863435/,,https://images.pexels.com/photos/5863435/pexels-photo-5863435.jpeg?auto=compress&cs=tinysrgb&h=650&w=940,https://images.pexels.com/photos/5863435/pexels-photo-5863435.jpeg?auto=compress&cs=tinysrgb&h=130,https://images.pexels.com/photos/5863435/pexels-photo-5863435.jpeg,pexels,success,0.0,0.0,0.95,['vaccination'],unknown,图片中有一个疫苗瓶，上面标有'COVID-19'字样，表明这是一个与疫苗相关的场景。,"```json
{
  ""has_people"": 0,
  ""has_protective_medical_staff"": 0,
  ""confidence"": 0.95,
  ""tags"": [""vaccination""],
  ""reason"": ""图片中有一个疫苗瓶，上面标有'COVID-19'字样，表明这是一个与疫苗相关的场景。""
}
```",
4108262,covid 19,4108262_Vibrant_green_poster_with_a_positive_COVID-19_message_urging_people_to_stay_home..jpg,data/raw\4108262_Vibrant_green_poster_with_a_positive_COVID-19_message_urging_people_to_stay_home..jpg,Vibrant green poster with a positive COVID-19 message urging people to stay home.,,4103,6154,#75BA74,,,,,Polina Zimmerman,,https://www.pexels.com/@polina-zimmerman,https://www.pexels.com/photo/green-slogan-on-staying-home-4108262/,,https://images.pexels.com/photos/4108262/pexels-photo-4108262.jpeg?auto=compress&cs=tinysrgb&h=650&w=940,https://images.pexels.com/photos/4108262/pexels-photo-4108262.jpeg?auto=compress&cs=tinysrgb&h=130,https://images.pexels.com/photos/4108262/pexels-photo-4108262.jpeg,pexels,success,0.0,0.0,0.95,['coronavirus'],unknown,图片内容为绿色背景上的白色文字，没有显示人物或医疗人员，也没有显示与病毒相关的标志。,"```json
{
  ""has_people"": 0,
  ""has_protective_medical_staff"": 0,
  ""confidence"": 0.95,
  ""tags"": [""coronavirus""],
  ""reason"": ""图片内容为绿色背景上的白色文字，没有显示人物或医疗人员，也没有显示与病毒相关的标志。""
}
```",
3952185,covid 19,3952185_Blurred_image_of_a_person_holding_a__Coronavirus__sign_behind_plastic__emphasizing_protection_and_isolation..jpg,data/raw\3952185_Blurred_image_of_a_person_holding_a__Coronavirus__sign_behind_plastic__emphasizing_protection_and_isolation..jpg,"Blurred image of a person holding a 'Coronavirus' sign behind plastic, emphasizing protection and isolation.",,5717,3811,#B55548,,,,,cottonbro studio,,https://www.pexels.com/@cottonbro,https://www.pexels.com/photo/man-behind-a-plastic-holding-a-poster-of-coronavirus-3952185/,,https://images.pexels.com/photos/3952185/pexels-photo-3952185.jpeg?auto=compress&cs=tinysrgb&h=650&w=940,https://images.pexels.com/photos/3952185/pexels-photo-3952185.jpeg?auto=compress&cs=tinysrgb&h=130,https://images.pexels.com/photos/3952185/pexels-photo-3952185.jpeg,pexels,success,1.0,0.0,0.95,['coronavirus'],unknown,图片中有一个人手持写着'CORONAVIRUS'的标志牌，背景被红色塑料薄膜包裹。,"```json
{
  ""has_people"": 1,
  ""has_protective_medical_staff"": 0,
  ""confidence"": 0.95,
  ""tags"": [""coronavirus""],
  ""reason"": ""图片中有一个人手持写着'CORONAVIRUS'的标志牌，背景被红色塑料薄膜包裹。""
}
```",
5994622,covid 19,5994622_COVID-19_vaccine_vial_and_assorted_colorful_pills_on_a_vivid_red_background..jpg,data/raw\5994622_COVID-19_vaccine_vial_and_assorted_colorful_pills_on_a_vivid_red_background..jpg,COVID-19 vaccine vial and assorted colorful pills on a vivid red background.,,6088,4059,#D81213,,,,,Maksim Goncharenok,,https://www.pexels.com/@maksgelatin,https://www.pexels.com/photo/vial-and-pills-on-a-red-surface-5994622/,,https://images.pexels.com/photos/5994622/pexels-photo-5994622.jpeg?auto=compress&cs=tinysrgb&h=650&w=940,https://images.pexels.com/photos/5994622/pexels-photo-5994622.jpeg?auto=compress&cs=tinysrgb&h=130,https://images.pexels.com/photos/5994622/pexels-photo-5994622.jpeg,pexels,success,0.0,0.0,0.95,['vaccination'],unknown,图片中只有一瓶疫苗和一些散落的药片，没有出现任何人体或医务人员。,"```json
{
  ""has_people"": 0,
  ""has_protective_medical_staff"": 0,
  ""confidence"": 0.95,
  ""tags"": [""vaccination""],
  ""reason"": ""图片中只有一瓶疫苗和一些散落的药片，没有出现任何人体或医务人员。""
}
```",
5994792,covid 19,5994792_Close-up_of_a_gloved_hand_holding_a_COVID-19_vaccine_vial_against_blue_background..jpg,data/raw\5994792_Close-up_of_a_gloved_hand_holding_a_COVID-19_vaccine_vial_against_blue_background..jpg,Close-up of a gloved hand holding a COVID-19 vaccine vial against blue background.,,6409,4273,#64BBD2,,,,,Maksim Goncharenok,,https://www.pexels.com/@maksgelatin,https://www.pexels.com/photo/person-holding-white-labeled-bottle-5994792/,,https://images.pexels.com/photos/5994792/pexels-photo-5994792.jpeg?auto=compress&cs=tinysrgb&h=650&w=940,https://images.pexels.com/photos/5994792/pexels-photo-5994792.jpeg?auto=compress&cs=tinysrgb&h=130,https://images.pexels.com/photos/5994792/pexels-photo-5994792.jpeg,pexels,success,1.0,1.0,0.95,"['doctor', 'ppe', 'gloves']",unknown,图片中有一只手戴着蓝色手套，背景为浅蓝色，符合医疗环境中医护人员的手套使用场景。,"```json
{
  ""has_people"": 1,
  ""has_protective_medical_staff"": 1,
  ""confidence"": 0.95,
  ""tags"": [""doctor"", ""ppe"", ""gloves""],
  ""reason"": ""图片中有一只手戴着蓝色手套，背景为浅蓝色，符合医疗环境中医护人员的手套使用场景。""
}
```",
8383892,covid 19,8383892_A_health_passport_on_smartphone_with_a_mask__syringe__and_vaccine_vial..jpg,data/raw\8383892_A_health_passport_on_smartphone_with_a_mask__syringe__and_vaccine_vial..jpg,"A health passport on smartphone with a mask, syringe, and vaccine vial.",,4016,6016,#B0C8D2,,,,,Leeloo The First,,https://www.pexels.com/@leeloothefirst,https://www.pexels.com/photo/top-view-of-a-smartphone-displaying-a-covid-19-health-passport-lying-next-to-a-mask-and-vaccine-8383892/,,https://images.pexels.com/photos/8383892/pexels-photo-8383892.jpeg?auto=compress&cs=tinysrgb&h=650&w=940,https://images.pexels.com/photos/8383892/pexels-photo-8383892.jpeg?auto=compress&cs=tinysrgb&h=130,https://images.pexels.com/photos/8383892/pexels-photo-8383892.jpeg,pexels,success,0.0,0.0,0.95,['vaccination'],unknown,图片中没有出现人体，因此没有人员。疫苗瓶和口罩等物品可能与疫苗接种相关。,"```json
{
  ""has_people"": 0,
  ""has_protective_medical_staff"": 0,
  ""confidence"": 0.95,
  ""tags"": [""vaccination""],
  ""reason"": ""图片中没有出现人体，因此没有人员。疫苗瓶和口罩等物品可能与疫苗接种相关。""
}
```",
7793462,covid 19,7793462_Rapid_antigen_test_kit_with_swab_on_black_surface__high_angle_view..jpg,data/raw\7793462_Rapid_antigen_test_kit_with_swab_on_black_surface__high_angle_view..jpg,"Rapid antigen test kit with swab on black surface, high angle view.",,3304,5875,#101010,,,,,detait,,https://www.pexels.com/@detait,https://www.pexels.com/photo/rapid-antigen-testing-on-black-surface-7793462/,,https://images.pexels.com/photos/7793462/pexels-photo-7793462.jpeg?auto=compress&cs=tinysrgb&h=650&w=940,https://images.pexels.com/photos/7793462/pexels-photo-7793462.jpeg?auto=compress&cs=tinysrgb&h=130,https://images.pexels.com/photos/7793462/pexels-photo-7793462.jpeg,pexels,success,0.0,0.0,0.95,['testing'],unknown,图像中没有显示人或医务人员，只有两个测试条和一根棉签。,"```json
{
  ""has_people"": 0,
  ""has_protective_medical_staff"": 0,
  ""confidence"": 0.95,
  ""tags"": [""testing""],
  ""reason"": ""图像中没有显示人或医务人员，只有两个测试条和一根棉签。""
}
```",
5863307,covid 19,5863307_A_COVID-19_vaccine_vial_with_packaging_on_a_pink_background__representing_health_and_vaccination..jpg,data/raw\5863307_A_COVID-19_vaccine_vial_with_packaging_on_a_pink_background__representing_health_and_vaccination..jpg,"A COVID-19 vaccine vial with packaging on a pink background, representing health and vaccination.",,3648,5472,#DDACD0,,,,,Nataliya Vaitkevich,,https://www.pexels.com/@n-voitkevich,https://www.pexels.com/photo/new-covid-vaccine-on-pink-surface-5863307/,,https://images.pexels.com/photos/5863307/pexels-photo-5863307.jpeg?auto=compress&cs=tinysrgb&h=650&w=940,https://images.pexels.com/photos/5863307/pexels-photo-5863307.jpeg?auto=compress&cs=tinysrgb&h=130,https://images.pexels.com/photos/5863307/pexels-photo-5863307.jpeg,pexels,success,0.0,0.0,0.95,['vaccination'],unknown,图片中只有一瓶疫苗和一个疫苗包装盒，没有出现任何人体或医务人员。,"```json
{
  ""has_people"": 0,
  ""has_protective_medical_staff"": 0,
  ""confidence"": 0.95,
  ""tags"": [""vaccination""],
  ""reason"": ""图片中只有一瓶疫苗和一个疫苗包装盒，没有出现任何人体或医务人员。""
}
```",
4248219,covid 19,4248219_Close-up_of_blood_sample_tubes_for_Covid-19_testing_in_a_laboratory_setting..jpg,data/raw\4248219_Close-up_of_blood_sample_tubes_for_Covid-19_testing_in_a_laboratory_setting..jpg,Close-up of blood sample tubes for Covid-19 testing in a laboratory setting.,,6048,4024,#9D7D69,,,,,Chokniti Khongchum,,https://www.pexels.com/@chokniti-khongchum-1197604,https://www.pexels.com/photo/close-up-photo-of-a-blood-samples-in-a-blood-collection-tubes-4248219/,,https://images.pexels.com/photos/4248219/pexels-photo-4248219.jpeg?auto=compress&cs=tinysrgb&h=650&w=940,https://images.pexels.com/photos/4248219/pexels-photo-4248219.jpeg?auto=compress&cs=tinysrgb&h=130,https://images.pexels.com/photos/4248219/pexels-photo-4248219.jpeg,pexels,success,0.0,0.0,0.95,['testing'],unknown,图片中没有显示人或医务人员，主要展示的是装有血液样本的试管。,"```json
{
  ""has_people"": 0,
  ""has_protective_medical_staff"": 0,
  ""confidence"": 0.95,
  ""tags"": [""testing""],
  ""reason"": ""图片中没有显示人或医务人员，主要展示的是装有血液样本的试管。""
}
```",
5994662,covid 19,5994662_Image_of_COVID-19_vaccine_vials_against_a_simple_blue_backdrop__signifying_healthcare..jpg,data/raw\5994662_Image_of_COVID-19_vaccine_vials_against_a_simple_blue_backdrop__signifying_healthcare..jpg,"Image of COVID-19 vaccine vials against a simple blue backdrop, signifying healthcare.",,4359,6538,#8BCEE9,,,,,Maksim Goncharenok,,https://www.pexels.com/@maksgelatin,https://www.pexels.com/photo/covid-vaccines-in-clear-glass-bottles-5994662/,,https://images.pexels.com/photos/5994662/pexels-photo-5994662.jpeg?auto=compress&cs=tinysrgb&h=650&w=940,https://images.pexels.com/photos/5994662/pexels-photo-5994662.jpeg?auto=compress&cs=tinysrgb&h=130,https://images.pexels.com/photos/5994662/pexels-photo-5994662.jpeg,pexels,success,0.0,0.0,0.95,['vaccination'],unknown,图片中有疫苗瓶，但没有显示人或医务人员。,"```json
{
  ""has_people"": 0,
  ""has_protective_medical_staff"": 0,
  ""confidence"": 0.95,
  ""tags"": [""vaccination""],
  ""reason"": ""图片中有疫苗瓶，但没有显示人或医务人员。""
}
```",
9574462,covid 19,9574462_Scientist_in_protective_gear_examining_samples_with_a_microscope_in_a_lab..jpg,data/raw\9574462_Scientist_in_protective_gear_examining_samples_with_a_microscope_in_a_lab..jpg,Scientist in protective gear examining samples with a microscope in a lab.,,3817,5725,#A1A0A6,,,,,Tima Miroshnichenko,,https://www.pexels.com/@tima-miroshnichenko,https://www.pexels.com/photo/a-man-wearing-face-mask-while-looking-at-the-microscope-9574462/,,https://images.pexels.com/photos/9574462/pexels-photo-9574462.jpeg?auto=compress&cs=tinysrgb&h=650&w=940,https://images.pexels.com/photos/9574462/pexels-photo-9574462.jpeg?auto=compress&cs=tinysrgb&h=130,https://images.pexels.com/photos/9574462/pexels-photo-9574462.jpeg,pexels,success,1.0,1.0,0.95,"['doctor', 'ppe', 'mask', 'microscope', 'laboratory']",unknown,图片中有穿着防护服和口罩的医务人员正在使用显微镜进行实验室工作。,"```json
{
  ""has_people"": 1,
  ""has_protective_medical_staff"": 1,
  ""confidence"": 0.95,
  ""tags"": [""doctor"", ""ppe"", ""mask"", ""microscope"", ""laboratory""],
  ""reason"": ""图片中有穿着防护服和口罩的医务人员正在使用显微镜进行实验室工作。""
}
```",
8383892,covid 19,8383892_A_health_passport_on_smartphone_with_a_mask__syringe__and_vaccine_vial..jpg,data/raw\8383892_A_health_passport_on_smartphone_with_a_mask__syringe__and_vaccine_vial..jpg,"A health passport on smartphone with a mask, syringe, and vaccine vial.",,4016,6016,#B0C8D2,,,,,Leeloo The First,,https://www.pexels.com/@leeloothefirst,https://www.pexels.com/photo/top-view-of-a-smartphone-displaying-a-covid-19-health-passport-lying-next-to-a-mask-and-vaccine-8383892/,,https://images.pexels.com/photos/8383892/pexels-photo-8383892.jpeg?auto=compress&cs=tinysrgb&h=650&w=940,https://images.pexels.com/photos/8383892/pexels-photo-8383892.jpeg?auto=compress&cs=tinysrgb&h=130,https://images.pexels.com/photos/8383892/pexels-photo-8383892.jpeg,pexels,success,0.0,0.0,0.95,['vaccination'],unknown,图片中没有出现人体，因此没有人员。疫苗瓶和口罩等物品可能与疫苗接种相关。,"```json
{
  ""has_people"": 0,
  ""has_protective_medical_staff"": 0,
  ""confidence"": 0.95,
  ""tags"": [""vaccination""],
  ""reason"": ""图片中没有出现人体，因此没有人员。疫苗瓶和口罩等物品可能与疫苗接种相关。""
}
```",
8617580,covid 19,8617580_A_young_boy_wearing_a_mask_getting_his_temperature_checked_at_school_during_COVID-19_pandemic..jpg,data/raw\8617580_A_young_boy_wearing_a_mask_getting_his_temperature_checked_at_school_during_COVID-19_pandemic..jpg,A young boy wearing a mask getting his temperature checked at school during COVID-19 pandemic.,,4000,6000,#857F71,,,,,Yan Krukau,,https://www.pexels.com/@yankrukov,https://www.pexels.com/photo/boy-getting-his-temperature-checked-8617580/,,https://images.pexels.com/photos/8617580/pexels-photo-8617580.jpeg?auto=compress&cs=tinysrgb&h=650&w=940,https://images.pexels.com/photos/8617580/pexels-photo-8617580.jpeg?auto=compress&cs=tinysrgb&h=130,https://images.pexels.com/photos/8617580/pexels-photo-8617580.jpeg,pexels,success,1.0,1.0,0.95,"['nurse', 'ppe', 'mask']",unknown,图片中有一个人戴着口罩，可能是医务人员，正在接受体温检测。,"```json
{
  ""has_people"": 1,
  ""has_protective_medical_staff"": 1,
  ""confidence"": 0.95,
  ""tags"": [""nurse"", ""ppe"", ""mask""],
  ""reason"": ""图片中有一个人戴着口罩，可能是医务人员，正在接受体温检测。""
}
```",
5863378,covid 19,5863378_A_gloved_hand_holding_a_COVID-19_vaccine_vial_next_to_a_syringe_on_a_teal_background..jpg,data/raw\5863378_A_gloved_hand_holding_a_COVID-19_vaccine_vial_next_to_a_syringe_on_a_teal_background..jpg,A gloved hand holding a COVID-19 vaccine vial next to a syringe on a teal background.,,4160,6240,#549AA2,,,,,Nataliya Vaitkevich,,https://www.pexels.com/@n-voitkevich,https://www.pexels.com/photo/person-holding-a-covid-19-vaccine-5863378/,,https://images.pexels.com/photos/5863378/pexels-photo-5863378.jpeg?auto=compress&cs=tinysrgb&h=650&w=940,https://images.pexels.com/photos/5863378/pexels-photo-5863378.jpeg?auto=compress&cs=tinysrgb&h=130,https://images.pexels.com/photos/5863378/pexels-photo-5863378.jpeg,pexels,success,1.0,0.0,0.95,"['nurse', 'gloves']",unknown,图片中有一只戴着蓝色手套的手，手套上可能有医疗相关的标志或贴纸，因此可以推断出这是医务人员。,"```json
{
  ""has_people"": 1,
  ""has_protective_medical_staff"": 0,
  ""confidence"": 0.95,
  ""tags"": [""nurse"", ""gloves""],
  ""reason"": ""图片中有一只戴着蓝色手套的手，手套上可能有医疗相关的标志或贴纸，因此可以推断出这是医务人员。""
}
```",
5863307,covid 19,5863307_A_COVID-19_vaccine_vial_with_packaging_on_a_pink_background__representing_health_and_vaccination..jpg,data/raw\5863307_A_COVID-19_vaccine_vial_with_packaging_on_a_pink_background__representing_health_and_vaccination..jpg,"A COVID-19 vaccine vial with packaging on a pink background, representing health and vaccination.",,3648,5472,#DDACD0,,,,,Nataliya Vaitkevich,,https://www.pexels.com/@n-voitkevich,https://www.pexels.com/photo/new-covid-vaccine-on-pink-surface-5863307/,,https://images.pexels.com/photos/5863307/pexels-photo-5863307.jpeg?auto=compress&cs=tinysrgb&h=650&w=940,https://images.pexels.com/photos/5863307/pexels-photo-5863307.jpeg?auto=compress&cs=tinysrgb&h=130,https://images.pexels.com/photos/5863307/pexels-photo-5863307.jpeg,pexels,success,0.0,0.0,0.95,['vaccination'],unknown,图片中只有一瓶疫苗和一个疫苗包装盒，没有出现任何人体或医务人员。,"```json
{
  ""has_people"": 0,
  ""has_protective_medical_staff"": 0,
  ""confidence"": 0.95,
  ""tags"": [""vaccination""],
  ""reason"": ""图片中只有一瓶疫苗和一个疫苗包装盒，没有出现任何人体或医务人员。""
}
```",
5841967,covid 19,5841967_Cutout_cardboard_appliques_of_human_figure_in_protective_mask_and_red_virus_during_COVID_19_pandemic_on_yellow_backgroun.jpg,data/raw\5841967_Cutout_cardboard_appliques_of_human_figure_in_protective_mask_and_red_virus_during_COVID_19_pandemic_on_yellow_backgroun.jpg,Cutout cardboard appliques of human figure in protective mask and red virus during COVID 19 pandemic on yellow background,,8000,4500,#F5EDB5,,,,,Monstera Production,,https://www.pexels.com/@gabby-k,https://www.pexels.com/photo/decorative-paper-illustration-of-person-in-mask-and-virus-5841967/,,https://images.pexels.com/photos/5841967/pexels-photo-5841967.jpeg?auto=compress&cs=tinysrgb&h=650&w=940,https://images.pexels.com/photos/5841967/pexels-photo-5841967.jpeg?auto=compress&cs=tinysrgb&h=130,https://images.pexels.com/photos/5841967/pexels-photo-5841967.jpeg,pexels,success,1.0,0.0,0.95,"['ppe', 'mask']",unknown,图中有一个人戴着口罩，但没有明显的防护服或医疗装备。,"```json
{
  ""has_people"": 1,
  ""has_protective_medical_staff"": 0,
  ""confidence"": 0.95,
  ""tags"": [""ppe"", ""mask""],
  ""reason"": ""图中有一个人戴着口罩，但没有明显的防护服或医疗装备。""
}
```",
5841800,covid 19,5841800_Decorative_cardboard_applique_of_cleaning_man_in_protective_equipment_sanitizing_area_with_viruses_during_COVID_19_pande.jpg,data/raw\5841800_Decorative_cardboard_applique_of_cleaning_man_in_protective_equipment_sanitizing_area_with_viruses_during_COVID_19_pande.jpg,Decorative cardboard applique of cleaning man in protective equipment sanitizing area with viruses during COVID 19 pandemic on green background,,4500,8000,#AAD5C1,,,,,Monstera Production,,https://www.pexels.com/@gabby-k,https://www.pexels.com/photo/cutout-paper-illustration-of-cleaner-disinfecting-area-with-infectious-bacteria-5841800/,,https://images.pexels.com/photos/5841800/pexels-photo-5841800.jpeg?auto=compress&cs=tinysrgb&h=650&w=940,https://images.pexels.com/photos/5841800/pexels-photo-5841800.jpeg?auto=compress&cs=tinysrgb&h=130,https://images.pexels.com/photos/5841800/pexels-photo-5841800.jpeg,pexels,success,1.0,1.0,0.95,"['medical_staff', 'ppe', 'mask', 'face_shield']",unknown,图中有穿着防护服和面罩的人员，符合医务人员的标准。,"```json
{
  ""has_people"": 1,
  ""has_protective_medical_staff"": 1,
  ""confidence"": 0.95,
  ""tags"": [""medical_staff"", ""ppe"", ""mask"", ""face_shield""],
  ""reason"": ""图中有穿着防护服和面罩的人员，符合医务人员的标准。""
}
```",
5995191,covid 19,5995191_An_array_of_COVID-19_vaccine_vials_arranged_neatly_on_a_blue_background..jpg,data/raw\5995191_An_array_of_COVID-19_vaccine_vials_arranged_neatly_on_a_blue_background..jpg,An array of COVID-19 vaccine vials arranged neatly on a blue background.,,3947,5920,#A3C6D2,,,,,Maksim Goncharenok,,https://www.pexels.com/@maksgelatin,https://www.pexels.com/photo/vaccine-bottles-on-blue-background-5995191/,,https://images.pexels.com/photos/5995191/pexels-photo-5995191.jpeg?auto=compress&cs=tinysrgb&h=650&w=940,https://images.pexels.com/photos/5995191/pexels-photo-5995191.jpeg?auto=compress&cs=tinysrgb&h=130,https://images.pexels.com/photos/5995191/pexels-photo-5995191.jpeg,pexels,success,0.0,0.0,0.95,"['vaccine', 'vaccination']",unknown,图片中没有显示任何人物或医疗人员，所有内容都是疫苗瓶。,"```json
{
  ""has_people"": 0,
  ""has_protective_medical_staff"": 0,
  ""confidence"": 0.95,
  ""tags"": [""vaccine"", ""vaccination""],
  ""reason"": ""图片中没有显示任何人物或医疗人员，所有内容都是疫苗瓶。""
}
```",
4108265,covid 19,4108265_Bright_rainbow_optimism_with_the_message__We_will_survive_coronavirus..jpg,data/raw\4108265_Bright_rainbow_optimism_with_the_message__We_will_survive_coronavirus..jpg,Bright rainbow optimism with the message 'We will survive coronavirus.',,4043,6065,#A9999B,,,,,Polina Zimmerman,,https://www.pexels.com/@polina-zimmerman,https://www.pexels.com/photo/a-slogan-with-positive-outlook-on-coronavirus-4108265/,,https://images.pexels.com/photos/4108265/pexels-photo-4108265.jpeg?auto=compress&cs=tinysrgb&h=650&w=940,https://images.pexels.com/photos/4108265/pexels-photo-4108265.jpeg?auto=compress&cs=tinysrgb&h=130,https://images.pexels.com/photos/4108265/pexels-photo-4108265.jpeg,pexels,success,0.0,0.0,0.95,['coronavirus'],unknown,图片中没有出现任何人物或医疗人员，背景是一幅彩虹光晕图。,"```json
{
  ""has_people"": 0,
  ""has_protective_medical_staff"": 0,
  ""confidence"": 0.95,
  ""tags"": [""coronavirus""],
  ""reason"": ""图片中没有出现任何人物或医疗人员，背景是一幅彩虹光晕图。""
}
```",
7856722,covid 19,7856722_Top_view_of_crop_unrecognizable_doctor_in_latex_glove_making_word_COVID_with_capsules_for_treating_viral_disease_on_whit.jpg,data/raw\7856722_Top_view_of_crop_unrecognizable_doctor_in_latex_glove_making_word_COVID_with_capsules_for_treating_viral_disease_on_whit.jpg,Top view of crop unrecognizable doctor in latex glove making word COVID with capsules for treating viral disease on white background,,6000,4000,#DCDBE9,,,,,Callum  Hilton,,https://www.pexels.com/@skelm,https://www.pexels.com/photo/doctor-in-glove-arranging-capsules-in-word-covid-7856722/,,https://images.pexels.com/photos/7856722/pexels-photo-7856722.jpeg?auto=compress&cs=tinysrgb&h=650&w=940,https://images.pexels.com/photos/7856722/pexels-photo-7856722.jpeg?auto=compress&cs=tinysrgb&h=130,https://images.pexels.com/photos/7856722/pexels-photo-7856722.jpeg,pexels,success,1.0,0.0,0.95,"['ppe', 'gloves']",unknown,图片中有手戴蓝色手套，背景上有红色胶囊排列成'COVID'字样，推测为医疗相关场景。,"```json
{
  ""has_people"": 1,
  ""has_protective_medical_staff"": 0,
  ""confidence"": 0.95,
  ""tags"": [""ppe"", ""gloves""],
  ""reason"": ""图片中有手戴蓝色手套，背景上有红色胶囊排列成'COVID'字样，推测为医疗相关场景。""
}
```",
8830674,covid 19,8830674_EU_Digital_COVID_Certificate_with_passport_and_vaccination_details_for_safe_travelers..jpg,data/raw\8830674_EU_Digital_COVID_Certificate_with_passport_and_vaccination_details_for_safe_travelers..jpg,EU Digital COVID Certificate with passport and vaccination details for safe travelers.,,4160,6240,#B0B8C5,,,,,Nataliya Vaitkevich,,https://www.pexels.com/@n-voitkevich,https://www.pexels.com/photo/brown-leather-bifold-wallet-on-blue-card-8830674/,,https://images.pexels.com/photos/8830674/pexels-photo-8830674.jpeg?auto=compress&cs=tinysrgb&h=650&w=940,https://images.pexels.com/photos/8830674/pexels-photo-8830674.jpeg?auto=compress&cs=tinysrgb&h=130,https://images.pexels.com/photos/8830674/pexels-photo-8830674.jpeg,pexels,success,0.0,0.0,0.95,"['EU DIGITAL COVID CERTIFICATE', 'CERTIFICAT DE VACCINATION', 'SARS-CoV-2 INFECTION', 'COVID-19 Vaccine', 'International Health Regulations', 'DIGITAL GREEN PASS', 'COVID-19']",unknown,图片中没有显示人或医务人员，主要展示的是欧盟数字疫苗证书和相关文件。,"```json
{
  ""has_people"": 0,
  ""has_protective_medical_staff"": 0,
  ""confidence"": 0.95,
  ""tags"": [""EU DIGITAL COVID CERTIFICATE"", ""CERTIFICAT DE VACCINATION"", ""SARS-CoV-2 INFECTION"", ""COVID-19 Vaccine"", ""International Health Regulations"", ""DIGITAL GREEN PASS"", ""COVID-19""],
  ""reason"": ""图片中没有显示人或医务人员，主要展示的是欧盟数字疫苗证书和相关文件。""
}
```",
11624064,covid 19,11624064_Close-up_of_PCR_test_kit_with_gloves_and_mask__symbolizing_COVID-19_testing..jpg,data/raw\11624064_Close-up_of_PCR_test_kit_with_gloves_and_mask__symbolizing_COVID-19_testing..jpg,"Close-up of PCR test kit with gloves and mask, symbolizing COVID-19 testing.",,4800,3200,#BED4EB,,,,,adrian vieriu,,https://www.pexels.com/@printexstar,https://www.pexels.com/photo/a-covid-pcr-test-plastic-test-tube-11624064/,,https://images.pexels.com/photos/11624064/pexels-photo-11624064.jpeg?auto=compress&cs=tinysrgb&h=650&w=940,https://images.pexels.com/photos/11624064/pexels-photo-11624064.jpeg?auto=compress&cs=tinysrgb&h=130,https://images.pexels.com/photos/11624064/pexels-photo-11624064.jpeg,pexels,success,0.0,0.0,0.95,"['gloves', 'testing']",unknown,图片中没有可见的人类，只有手套和PCR测试管。,"```json
{
  ""has_people"": 0,
  ""has_protective_medical_staff"": 0,
  ""confidence"": 0.95,
  ""tags"": [""gloves"", ""testing""],
  ""reason"": ""图片中没有可见的人类，只有手套和PCR测试管。""
}
```",
5841952,covid 19,5841952_Decorative_cardboard_appliques_of_person_under_dangerous_viruses_during_coronavirus_pandemic_on_green_background.jpg,data/raw\5841952_Decorative_cardboard_appliques_of_person_under_dangerous_viruses_during_coronavirus_pandemic_on_green_background.jpg,Decorative cardboard appliques of person under dangerous viruses during coronavirus pandemic on green background,,4500,8000,#BEE6D9,,,,,Monstera Production,,https://www.pexels.com/@gabby-k,https://www.pexels.com/photo/cutout-paper-composition-of-sick-human-figure-with-infectious-bacteria-5841952/,,https://images.pexels.com/photos/5841952/pexels-photo-5841952.jpeg?auto=compress&cs=tinysrgb&h=650&w=940,https://images.pexels.com/photos/5841952/pexels-photo-5841952.jpeg?auto=compress&cs=tinysrgb&h=130,https://images.pexels.com/photos/5841952/pexels-photo-5841952.jpeg,pexels,success,1.0,0.0,0.95,"['virus', 'covid_sign']",unknown,图中有一个人形轮廓和三个病毒形状的图标，符合有病毒或COVID相关症状的情况。,"```json
{
  ""has_people"": 1,
  ""has_protective_medical_staff"": 0,
  ""confidence"": 0.95,
  ""tags"": [""virus"", ""covid_sign""],
  ""reason"": ""图中有一个人形轮廓和三个病毒形状的图标，符合有病毒或COVID相关症状的情况。""
}
```",
6075029,covid 19,6075029_Ampoules_with_vaccine_for_coronavirus_near_glass_bottles_with_fluid_in_ultraviolet_light_in_laboratory.jpg,data/raw\6075029_Ampoules_with_vaccine_for_coronavirus_near_glass_bottles_with_fluid_in_ultraviolet_light_in_laboratory.jpg,Ampoules with vaccine for coronavirus near glass bottles with fluid in ultraviolet light in laboratory,,3265,4901,#9E41B9,,,,,Alena Shekhovtcova,,https://www.pexels.com/@alena-shekhovtcova,https://www.pexels.com/photo/glass-flasks-with-liquid-near-vaccine-for-covid-19-6075029/,,https://images.pexels.com/photos/6075029/pexels-photo-6075029.jpeg?auto=compress&cs=tinysrgb&h=650&w=940,https://images.pexels.com/photos/6075029/pexels-photo-6075029.jpeg?auto=compress&cs=tinysrgb&h=130,https://images.pexels.com/photos/6075029/pexels-photo-6075029.jpeg,pexels,success,0.0,0.0,0.95,['vaccination'],unknown,图片中没有可见的人类形象，因此没有医务人员。,"```json
{
  ""has_people"": 0,
  ""has_protective_medical_staff"": 0,
  ""confidence"": 0.95,
  ""tags"": [""vaccination""],
  ""reason"": ""图片中没有可见的人类形象，因此没有医务人员。""
}
```",
3952187,covid 19,3952187_Man_in_mask_holds_a_coronavirus_sign_against_a_blurred_orange_background__symbolizing_COVID-19_pandemic_precautions..jpg,data/raw\3952187_Man_in_mask_holds_a_coronavirus_sign_against_a_blurred_orange_background__symbolizing_COVID-19_pandemic_precautions..jpg,"Man in mask holds a coronavirus sign against a blurred orange background, symbolizing COVID-19 pandemic precautions.",,4000,6000,#B9776D,,,,,cottonbro studio,,https://www.pexels.com/@cottonbro,https://www.pexels.com/photo/man-behind-a-plastic-holding-a-poster-with-concept-of-coronavirus-3952187/,,https://images.pexels.com/photos/3952187/pexels-photo-3952187.jpeg?auto=compress&cs=tinysrgb&h=650&w=940,https://images.pexels.com/photos/3952187/pexels-photo-3952187.jpeg?auto=compress&cs=tinysrgb&h=130,https://images.pexels.com/photos/3952187/pexels-photo-3952187.jpeg,pexels,success,1.0,0.0,0.95,"['ppe', 'mask']",unknown,图片中有一个人手持标有'CORONAVIRUS'的纸张，这个人戴着口罩，符合防护服医务人员的标准。,"```json
{
  ""has_people"": 1,
  ""has_protective_medical_staff"": 0,
  ""confidence"": 0.95,
  ""tags"": [""ppe"", ""mask""],
  ""reason"": ""图片中有一个人手持标有'CORONAVIRUS'的纸张，这个人戴着口罩，符合防护服医务人员的标准。""
}
```",
4515086,covid 19,4515086_A_caution_sign_promoting_social_distancing_measures_in_Pismo_Beach__CA..jpg,data/raw\4515086_A_caution_sign_promoting_social_distancing_measures_in_Pismo_Beach__CA..jpg,"A caution sign promoting social distancing measures in Pismo Beach, CA.",,2892,4340,#675A2A,,,,,Tim Mossholder,,https://www.pexels.com/@timmossholder,https://www.pexels.com/photo/yellow-and-black-caution-wet-floor-sign-4515086/,,https://images.pexels.com/photos/4515086/pexels-photo-4515086.jpeg?auto=compress&cs=tinysrgb&h=650&w=940,https://images.pexels.com/photos/4515086/pexels-photo-4515086.jpeg?auto=compress&cs=tinysrgb&h=130,https://images.pexels.com/photos/4515086/pexels-photo-4515086.jpeg,pexels,success,1.0,0.0,0.95,"['ppe', 'mask', 'face_shield']",unknown,图片中有黄色背景上的黑色和白色文字的标志，提示保持社交距离，至少6英尺远。标志上有两个图标表示人之间的距离。这些元素表明这是一个与医疗保健相关的标志，可能用于指示需要佩戴防护装备或面罩的地方。,"```json
{
  ""has_people"": 1,
  ""has_protective_medical_staff"": 0,
  ""confidence"": 0.95,
  ""tags"": [""ppe"", ""mask"", ""face_shield""],
  ""reason"": ""图片中有黄色背景上的黑色和白色文字的标志，提示保持社交距离，至少6英尺远。标志上有两个图标表示人之间的距离。这些元素表明这是一个与医疗保健相关的标志，可能用于指示需要佩戴防护装备或面罩的地方。""
}
```",
5994570,covid 19,5994570_Close-up_of_blue-gloved_hands_holding_a_COVID-19_vaccine_vial__symbolizing_medical_safety..jpg,data/raw\5994570_Close-up_of_blue-gloved_hands_holding_a_COVID-19_vaccine_vial__symbolizing_medical_safety..jpg,"Close-up of blue-gloved hands holding a COVID-19 vaccine vial, symbolizing medical safety.",,6720,4480,#9DBCCA,,,,,Maksim Goncharenok,,https://www.pexels.com/@maksgelatin,https://www.pexels.com/photo/a-person-holding-a-vial-5994570/,,https://images.pexels.com/photos/5994570/pexels-photo-5994570.jpeg?auto=compress&cs=tinysrgb&h=650&w=940,https://images.pexels.com/photos/5994570/pexels-photo-5994570.jpeg?auto=compress&cs=tinysrgb&h=130,https://images.pexels.com/photos/5994570/pexels-photo-5994570.jpeg,pexels,success,1.0,1.0,0.95,"['medical_staff', 'ppe', 'gloves']",unknown,图片中显示了一只戴着蓝色手套的手，手套上有“COVID-19疫苗”的字样，表明这是医疗环境中的一幕。,"```json
{
  ""has_people"": 1,
  ""has_protective_medical_staff"": 1,
  ""confidence"": 0.95,
  ""tags"": [""medical_staff"", ""ppe"", ""gloves""],
  ""reason"": ""图片中显示了一只戴着蓝色手套的手，手套上有“COVID-19疫苗”的字样，表明这是医疗环境中的一幕。""
}
```",
6075027,covid 19,6075027_Top_view_of_vaccine_for_COVID_19_among_different_pills_and_syringe_in_pink_bright_neon_light.jpg,data/raw\6075027_Top_view_of_vaccine_for_COVID_19_among_different_pills_and_syringe_in_pink_bright_neon_light.jpg,Top view of vaccine for COVID 19 among different pills and syringe in pink bright neon light,,6240,4160,#EA59A4,,,,,Alena Shekhovtcova,,https://www.pexels.com/@alena-shekhovtcova,https://www.pexels.com/photo/medical-syringe-and-pills-with-capsules-placed-in-bright-light-6075027/,,https://images.pexels.com/photos/6075027/pexels-photo-6075027.jpeg?auto=compress&cs=tinysrgb&h=650&w=940,https://images.pexels.com/photos/6075027/pexels-photo-6075027.jpeg?auto=compress&cs=tinysrgb&h=130,https://images.pexels.com/photos/6075027/pexels-photo-6075027.jpeg,pexels,success,0.0,0.0,0.95,"['microscope', 'laboratory']",unknown,图像中没有可见的人类或医疗人员，主要显示的是实验室设备和样本管。,"```json
{
  ""has_people"": 0,
  ""has_protective_medical_staff"": 0,
  ""confidence"": 0.95,
  ""tags"": [""microscope"", ""laboratory""],
  ""reason"": ""图像中没有可见的人类或医疗人员，主要显示的是实验室设备和样本管。""
}
```",
7722850,covid 19,7722850_A_syringe_on_COVID-19_vaccine_labels__symbolizing_medical_research_and_vaccination_efforts..jpg,data/raw\7722850_A_syringe_on_COVID-19_vaccine_labels__symbolizing_medical_research_and_vaccination_efforts..jpg,"A syringe on COVID-19 vaccine labels, symbolizing medical research and vaccination efforts.",,6169,4113,#AEADAD,,,,,Tara Winstead,,https://www.pexels.com/@tara-winstead,https://www.pexels.com/photo/close-up-shot-of-syringe-7722850/,,https://images.pexels.com/photos/7722850/pexels-photo-7722850.jpeg?auto=compress&cs=tinysrgb&h=650&w=940,https://images.pexels.com/photos/7722850/pexels-photo-7722850.jpeg?auto=compress&cs=tinysrgb&h=130,https://images.pexels.com/photos/7722850/pexels-photo-7722850.jpeg,pexels,success,0.0,0.0,0.95,['vaccination'],unknown,图片中只显示了疫苗注射器和表格，没有出现任何人员或医务人员。,"```json
{
  ""has_people"": 0,
  ""has_protective_medical_staff"": 0,
  ""confidence"": 0.95,
  ""tags"": [""vaccination""],
  ""reason"": ""图片中只显示了疫苗注射器和表格，没有出现任何人员或医务人员。""
}
```",
5994562,covid 19,5994562_Close-up_of_a_hand_holding_a_COVID-19_vaccine_vial_against_a_blue_background..jpg,data/raw\5994562_Close-up_of_a_hand_holding_a_COVID-19_vaccine_vial_against_a_blue_background..jpg,Close-up of a hand holding a COVID-19 vaccine vial against a blue background.,,4480,6720,#4DA8BF,,,,,Maksim Goncharenok,,https://www.pexels.com/@maksgelatin,https://www.pexels.com/photo/person-holding-a-covid-19-vaccine-5994562/,,https://images.pexels.com/photos/5994562/pexels-photo-5994562.jpeg?auto=compress&cs=tinysrgb&h=650&w=940,https://images.pexels.com/photos/5994562/pexels-photo-5994562.jpeg?auto=compress&cs=tinysrgb&h=130,https://images.pexels.com/photos/5994562/pexels-photo-5994562.jpeg,pexels,success,1.0,0.0,0.95,['vaccination'],unknown,图片中有一只手拿着一个疫苗瓶，标签上写着'COVID-19 疫苗 注射剂',"```json
{
  ""has_people"": 1,
  ""has_protective_medical_staff"": 0,
  ""confidence"": 0.95,
  ""tags"": [""vaccination""],
  ""reason"": ""图片中有一只手拿着一个疫苗瓶，标签上写着'COVID-19 疫苗 注射剂'""
}
```",
6075024,covid 19,6075024_From_above_of_glassware_with_capsules_and_ampoules_with_vaccine_for_coronavirus_in_neon_light.jpg,data/raw\6075024_From_above_of_glassware_with_capsules_and_ampoules_with_vaccine_for_coronavirus_in_neon_light.jpg,From above of glassware with capsules and ampoules with vaccine for coronavirus in neon light,,6240,4160,#EC5BAB,,,,,Alena Shekhovtcova,,https://www.pexels.com/@alena-shekhovtcova,https://www.pexels.com/photo/glassware-with-pills-and-vaccine-for-covid-19-6075024/,,https://images.pexels.com/photos/6075024/pexels-photo-6075024.jpeg?auto=compress&cs=tinysrgb&h=650&w=940,https://images.pexels.com/photos/6075024/pexels-photo-6075024.jpeg?auto=compress&cs=tinysrgb&h=130,https://images.pexels.com/photos/6075024/pexels-photo-6075024.jpeg,pexels,success,0.0,0.0,0.95,['vaccination'],unknown,图片中有一个疫苗瓶和一些胶囊，没有显示任何人类或医务人员。,"```json
{
  ""has_people"": 0,
  ""has_protective_medical_staff"": 0,
  ""confidence"": 0.95,
  ""tags"": [""vaccination""],
  ""reason"": ""图片中有一个疫苗瓶和一些胶囊，没有显示任何人类或医务人员。""
}
```",
5994640,covid 19,5994640_COVID-19_vaccine_vial_with_various_pills_and_syringes_on_a_red_background__symbolizing_medicine_and_science..jpg,data/raw\5994640_COVID-19_vaccine_vial_with_various_pills_and_syringes_on_a_red_background__symbolizing_medicine_and_science..jpg,"COVID-19 vaccine vial with various pills and syringes on a red background, symbolizing medicine and science.",,5020,3347,#C91B1A,,,,,Maksim Goncharenok,,https://www.pexels.com/@maksgelatin,https://www.pexels.com/photo/red-and-white-labeled-ampoule-near-pills-5994640/,,https://images.pexels.com/photos/5994640/pexels-photo-5994640.jpeg?auto=compress&cs=tinysrgb&h=650&w=940,https://images.pexels.com/photos/5994640/pexels-photo-5994640.jpeg?auto=compress&cs=tinysrgb&h=130,https://images.pexels.com/photos/5994640/pexels-photo-5994640.jpeg,pexels,success,0.0,0.0,0.95,"['vaccination', 'covid_sign']",unknown,图片中没有出现任何人物或医疗人员，主要展示的是疫苗瓶和注射器等疫苗接种相关物品。,"```json
{
  ""has_people"": 0,
  ""has_protective_medical_staff"": 0,
  ""confidence"": 0.95,
  ""tags"": [""vaccination"", ""covid_sign""],
  ""reason"": ""图片中没有出现任何人物或医疗人员，主要展示的是疫苗瓶和注射器等疫苗接种相关物品。""
}
```",
8689623,covid 19,8689623_A_man_in_a_face_mask_holds_a_red_sign_with___covid__indoors._Pandemic_awareness..jpg,data/raw\8689623_A_man_in_a_face_mask_holds_a_red_sign_with___covid__indoors._Pandemic_awareness..jpg,A man in a face mask holds a red sign with '#covid' indoors. Pandemic awareness.,,4800,3200,#44211D,,,,,Mikael Blomkvist,,https://www.pexels.com/@mikael-blomkvist,https://www.pexels.com/photo/man-holding-a-placard-8689623/,,https://images.pexels.com/photos/8689623/pexels-photo-8689623.jpeg?auto=compress&cs=tinysrgb&h=650&w=940,https://images.pexels.com/photos/8689623/pexels-photo-8689623.jpeg?auto=compress&cs=tinysrgb&h=130,https://images.pexels.com/photos/8689623/pexels-photo-8689623.jpeg,pexels,success,1.0,0.0,0.95,"['ppe', 'mask', 'covid_sign']",unknown,图片中有一个人手持一个标有'#covid'的标志牌，这个人戴着口罩。,"```json
{
  ""has_people"": 1,
  ""has_protective_medical_staff"": 0,
  ""confidence"": 0.95,
  ""tags"": [""ppe"", ""mask"", ""covid_sign""],
  ""reason"": ""图片中有一个人手持一个标有'#covid'的标志牌，这个人戴着口罩。""
}
```",
7722841,covid 19,7722841_Close-up_image_of_syringes_on_a_COVID-19_vaccine_background__representing_medical_research_and_vaccination_efforts..jpg,data/raw\7722841_Close-up_image_of_syringes_on_a_COVID-19_vaccine_background__representing_medical_research_and_vaccination_efforts..jpg,"Close-up image of syringes on a COVID-19 vaccine background, representing medical research and vaccination efforts.",,6720,4480,#B6B6B6,,,,,Tara Winstead,,https://www.pexels.com/@tara-winstead,https://www.pexels.com/photo/close-up-shot-of-syringes-7722841/,,https://images.pexels.com/photos/7722841/pexels-photo-7722841.jpeg?auto=compress&cs=tinysrgb&h=650&w=940,https://images.pexels.com/photos/7722841/pexels-photo-7722841.jpeg?auto=compress&cs=tinysrgb&h=130,https://images.pexels.com/photos/7722841/pexels-photo-7722841.jpeg,pexels,success,0.0,0.0,0.95,['vaccination'],unknown,图片中有疫苗注射器和疫苗接种记录表，没有显示人或医务人员。,"```json
{
  ""has_people"": 0,
  ""has_protective_medical_staff"": 0,
  ""confidence"": 0.95,
  ""tags"": [""vaccination""],
  ""reason"": ""图片中有疫苗注射器和疫苗接种记录表，没有显示人或医务人员。""
}
```",
5994523,covid 19,5994523_Top_view_of_COVID-19_vaccine_vials_and_various_pills_on_a_vibrant_red_background..jpg,data/raw\5994523_Top_view_of_COVID-19_vaccine_vials_and_various_pills_on_a_vibrant_red_background..jpg,Top view of COVID-19 vaccine vials and various pills on a vibrant red background.,,4179,2786,#BE403E,,,,,Maksim Goncharenok,,https://www.pexels.com/@maksgelatin,https://www.pexels.com/photo/close-up-shot-of-vials-and-pills-5994523/,,https://images.pexels.com/photos/5994523/pexels-photo-5994523.jpeg?auto=compress&cs=tinysrgb&h=650&w=940,https://images.pexels.com/photos/5994523/pexels-photo-5994523.jpeg?auto=compress&cs=tinysrgb&h=130,https://images.pexels.com/photos/5994523/pexels-photo-5994523.jpeg,pexels,success,0.0,0.0,0.95,"['vaccine', 'covid-19', 'virus']",unknown,图片中没有出现任何人物或医疗人员，主要展示的是疫苗瓶和药片。,"```json
{
  ""has_people"": 0,
  ""has_protective_medical_staff"": 0,
  ""confidence"": 0.95,
  ""tags"": [""vaccine"", ""covid-19"", ""virus""],
  ""reason"": ""图片中没有出现任何人物或医疗人员，主要展示的是疫苗瓶和药片。""
}
```",
4021266,covid 19,4021266_Screen_displaying_real-time_COVID-19_case_data_with_global_map_and_statistics..jpg,data/raw\4021266_Screen_displaying_real-time_COVID-19_case_data_with_global_map_and_statistics..jpg,Screen displaying real-time COVID-19 case data with global map and statistics.,,5954,3969,#4F4043,,,,,Anton Uniqueton,,https://www.pexels.com/@uniqueton,https://www.pexels.com/photo/a-breakdown-of-total-confirmed-cases-of-the-novel-coronavirus-4021266/,,https://images.pexels.com/photos/4021266/pexels-photo-4021266.jpeg?auto=compress&cs=tinysrgb&h=650&w=940,https://images.pexels.com/photos/4021266/pexels-photo-4021266.jpeg?auto=compress&cs=tinysrgb&h=130,https://images.pexels.com/photos/4021266/pexels-photo-4021266.jpeg,pexels,success,0.0,0.0,0.95,['covid_sign'],unknown,图片显示的是一个显示屏，上面有全球新冠病毒感染人数的数据，没有显示任何人员或医务人员。,"```json
{
  ""has_people"": 0,
  ""has_protective_medical_staff"": 0,
  ""confidence"": 0.95,
  ""tags"": [""covid_sign""],
  ""reason"": ""图片显示的是一个显示屏，上面有全球新冠病毒感染人数的数据，没有显示任何人员或医务人员。""
}
```",
5995261,covid 19,5995261_Close-up_of_a_COVID-19_vaccine_vial_held_by_a_person_wearing_medical_gloves_with_green_background..jpg,data/raw\5995261_Close-up_of_a_COVID-19_vaccine_vial_held_by_a_person_wearing_medical_gloves_with_green_background..jpg,Close-up of a COVID-19 vaccine vial held by a person wearing medical gloves with green background.,,6405,4270,#2F8B82,,,,,Maksim Goncharenok,,https://www.pexels.com/@maksgelatin,https://www.pexels.com/photo/a-person-holding-white-labeled-vaccine-bottle-5995261/,,https://images.pexels.com/photos/5995261/pexels-photo-5995261.jpeg?auto=compress&cs=tinysrgb&h=650&w=940,https://images.pexels.com/photos/5995261/pexels-photo-5995261.jpeg?auto=compress&cs=tinysrgb&h=130,https://images.pexels.com/photos/5995261/pexels-photo-5995261.jpeg,pexels,success,1.0,1.0,0.95,"['doctor', 'ppe', 'gloves']",unknown,图片中显示了一只手戴着蓝色手套，背景是绿色的，手套上贴有疫苗瓶标签，标签上写着“COVID-19疫苗”，因此可以推断这是医疗环境中的一位医务人员正在展示疫苗。,"```json
{
  ""has_people"": 1,
  ""has_protective_medical_staff"": 1,
  ""confidence"": 0.95,
  ""tags"": [""doctor"", ""ppe"", ""gloves""],
  ""reason"": ""图片中显示了一只手戴着蓝色手套，背景是绿色的，手套上贴有疫苗瓶标签，标签上写着“COVID-19疫苗”，因此可以推断这是医疗环境中的一位医务人员正在展示疫苗。""
}
```",
5842120,covid 19,5842120_Decorative_cardboard_appliques_of_human_hand_under_sanitizer_near_social_distancing_arrow_between_human_figures_and_ster.jpg,data/raw\5842120_Decorative_cardboard_appliques_of_human_hand_under_sanitizer_near_social_distancing_arrow_between_human_figures_and_ster.jpg,Decorative cardboard appliques of human hand under sanitizer near social distancing arrow between human figures and sterile mask on colorful background,,8000,4500,#D1EFBB,,,,,Monstera Production,,https://www.pexels.com/@gabby-k,https://www.pexels.com/photo/cutout-paper-composition-representing-precautions-against-coronavirus-disease-5842120/,,https://images.pexels.com/photos/5842120/pexels-photo-5842120.jpeg?auto=compress&cs=tinysrgb&h=650&w=940,https://images.pexels.com/photos/5842120/pexels-photo-5842120.jpeg?auto=compress&cs=tinysrgb&h=130,https://images.pexels.com/photos/5842120/pexels-photo-5842120.jpeg,pexels,success,1.0,0.0,0.95,"['medical_staff', 'ppe', 'mask']",unknown,图中有两个穿着口罩的人，一个手上拿着洗手液，另一个戴着口罩。,"```json
{
  ""has_people"": 1,
  ""has_protective_medical_staff"": 0,
  ""confidence"": 0.95,
  ""tags"": [""medical_staff"", ""ppe"", ""mask""],
  ""reason"": ""图中有两个穿着口罩的人，一个手上拿着洗手液，另一个戴着口罩。""
}
```",
5863391,covid 19,5863391_Face_mask__syringes__and_COVID-19_vaccine_vials_against_blue_background..jpg,data/raw\5863391_Face_mask__syringes__and_COVID-19_vaccine_vials_against_blue_background..jpg,"Face mask, syringes, and COVID-19 vaccine vials against blue background.",,6240,4160,#6FB1BE,,,,,Nataliya Vaitkevich,,https://www.pexels.com/@n-voitkevich,https://www.pexels.com/photo/covid-19-vaccine-5863391/,,https://images.pexels.com/photos/5863391/pexels-photo-5863391.jpeg?auto=compress&cs=tinysrgb&h=650&w=940,https://images.pexels.com/photos/5863391/pexels-photo-5863391.jpeg?auto=compress&cs=tinysrgb&h=130,https://images.pexels.com/photos/5863391/pexels-photo-5863391.jpeg,pexels,success,0.0,0.0,0.95,"['vaccine', 'mask', 'covid_sign']",unknown,图片中没有显示人，也没有明确的防护服医务人员。疫苗瓶和口罩上有“COVID-19”标签，可能暗示与疫苗接种有关的内容。,"```json
{
  ""has_people"": 0,
  ""has_protective_medical_staff"": 0,
  ""confidence"": 0.95,
  ""tags"": [""vaccine"", ""mask"", ""covid_sign""],
  ""reason"": ""图片中没有显示人，也没有明确的防护服医务人员。疫苗瓶和口罩上有“COVID-19”标签，可能暗示与疫苗接种有关的内容。""
}
```",
5863385,covid 19,5863385_Syringes_and_COVID-19_vaccine_vials_arranged_on_brown_background_for_medical_concept_imagery..jpg,data/raw\5863385_Syringes_and_COVID-19_vaccine_vials_arranged_on_brown_background_for_medical_concept_imagery..jpg,Syringes and COVID-19 vaccine vials arranged on brown background for medical concept imagery.,,6240,4160,#883E29,,,,,Nataliya Vaitkevich,,https://www.pexels.com/@n-voitkevich,https://www.pexels.com/photo/covid-19-vaccines-in-brown-background-5863385/,,https://images.pexels.com/photos/5863385/pexels-photo-5863385.jpeg?auto=compress&cs=tinysrgb&h=650&w=940,https://images.pexels.com/photos/5863385/pexels-photo-5863385.jpeg?auto=compress&cs=tinysrgb&h=130,https://images.pexels.com/photos/5863385/pexels-photo-5863385.jpeg,pexels,success,0.0,0.0,0.95,['vaccination'],unknown,图片中有疫苗瓶和注射器，通常与疫苗接种相关。,"```json
{
  ""has_people"": 0,
  ""has_protective_medical_staff"": 0,
  ""confidence"": 0.95,
  ""tags"": [""vaccination""],
  ""reason"": ""图片中有疫苗瓶和注射器，通常与疫苗接种相关。""
}
```",
5841743,covid 19,5841743_Paper_cutout_of_Virus_inscription_on_green_background_with_abundance_of_different_types_of_dangerous_microorganisms_duri.jpg,data/raw\5841743_Paper_cutout_of_Virus_inscription_on_green_background_with_abundance_of_different_types_of_dangerous_microorganisms_duri.jpg,Paper cutout of Virus inscription on green background with abundance of different types of dangerous microorganisms during coronavirus disease pandemic,,8000,4500,#CBEC85,,,,,Monstera Production,,https://www.pexels.com/@gabby-k,https://www.pexels.com/photo/paper-cutout-of-various-viruses-5841743/,,https://images.pexels.com/photos/5841743/pexels-photo-5841743.jpeg?auto=compress&cs=tinysrgb&h=650&w=940,https://images.pexels.com/photos/5841743/pexels-photo-5841743.jpeg?auto=compress&cs=tinysrgb&h=130,https://images.pexels.com/photos/5841743/pexels-photo-5841743.jpeg,pexels,success,0.0,0.0,0.95,['virus'],unknown,图片中没有出现人物或医务人员，主要展示的是病毒图标。,"```json
{
  ""has_people"": 0,
  ""has_protective_medical_staff"": 0,
  ""confidence"": 0.95,
  ""tags"": [""virus""],
  ""reason"": ""图片中没有出现人物或医务人员，主要展示的是病毒图标。""
}
```",
5994525,covid 19,5994525_A_group_of_COVID-19_vaccine_vials_against_a_vibrant_red_backdrop__emphasizing_healthcare_and_immunization..jpg,data/raw\5994525_A_group_of_COVID-19_vaccine_vials_against_a_vibrant_red_backdrop__emphasizing_healthcare_and_immunization..jpg,"A group of COVID-19 vaccine vials against a vibrant red backdrop, emphasizing healthcare and immunization.",,2956,4434,#CA2C2B,,,,,Maksim Goncharenok,,https://www.pexels.com/@maksgelatin,https://www.pexels.com/photo/covid-vaccines-on-red-surface-5994525/,,https://images.pexels.com/photos/5994525/pexels-photo-5994525.jpeg?auto=compress&cs=tinysrgb&h=650&w=940,https://images.pexels.com/photos/5994525/pexels-photo-5994525.jpeg?auto=compress&cs=tinysrgb&h=130,https://images.pexels.com/photos/5994525/pexels-photo-5994525.jpeg,pexels,success,0.0,0.0,0.95,"['vaccination', 'covid_sign']",unknown,图片中没有显示任何人物或医疗人员，背景是红色的疫苗瓶。,"```json
{
  ""has_people"": 0,
  ""has_protective_medical_staff"": 0,
  ""confidence"": 0.95,
  ""tags"": [""vaccination"", ""covid_sign""],
  ""reason"": ""图片中没有显示任何人物或医疗人员，背景是红色的疫苗瓶。""
}
```",
7337962,covid 19,7337962_Asian_woman_in_white_with_a_face_mask_adorned_with_flowers__artistic_portrait..jpg,data/raw\7337962_Asian_woman_in_white_with_a_face_mask_adorned_with_flowers__artistic_portrait..jpg,"Asian woman in white with a face mask adorned with flowers, artistic portrait.",,2000,3000,#C3C1BD,,,,,Polina Tankilevitch,,https://www.pexels.com/@polina-tankilevitch,https://www.pexels.com/photo/a-woman-with-bangs-wearing-a-face-mask-7337962/,,https://images.pexels.com/photos/7337962/pexels-photo-7337962.jpeg?auto=compress&cs=tinysrgb&h=650&w=940,https://images.pexels.com/photos/7337962/pexels-photo-7337962.jpeg?auto=compress&cs=tinysrgb&h=130,https://images.pexels.com/photos/7337962/pexels-photo-7337962.jpeg,pexels,success,1.0,0.0,0.95,"['medical_staff', 'ppe', 'mask']",unknown,图片中有一个人戴着口罩，但没有明显的防护服或医疗装备。,"```json
{
  ""has_people"": 1,
  ""has_protective_medical_staff"": 0,
  ""confidence"": 0.95,
  ""tags"": [""medical_staff"", ""ppe"", ""mask""],
  ""reason"": ""图片中有一个人戴着口罩，但没有明显的防护服或医疗装备。""
}
```",
3952196,covid 19,3952196_A_man_holds_a_coronavirus_sign_behind_a_plastic_sheet__symbolizing_isolation..jpg,data/raw\3952196_A_man_holds_a_coronavirus_sign_behind_a_plastic_sheet__symbolizing_isolation..jpg,"A man holds a coronavirus sign behind a plastic sheet, symbolizing isolation.",,4000,6000,#AA5248,,,,,cottonbro studio,,https://www.pexels.com/@cottonbro,https://www.pexels.com/photo/man-holding-a-coronavirus-sign-behind-a-plastic-3952196/,,https://images.pexels.com/photos/3952196/pexels-photo-3952196.jpeg?auto=compress&cs=tinysrgb&h=650&w=940,https://images.pexels.com/photos/3952196/pexels-photo-3952196.jpeg?auto=compress&cs=tinysrgb&h=130,https://images.pexels.com/photos/3952196/pexels-photo-3952196.jpeg,pexels,success,1.0,0.0,0.95,"['ppe', 'mask']",unknown,图片中有一个人手持写着'CORONAVIRUS'的白色纸板，背景被红色塑料薄膜包裹，可能暗示着医疗环境或防护措施。,"```json
{
  ""has_people"": 1,
  ""has_protective_medical_staff"": 0,
  ""confidence"": 0.95,
  ""tags"": [""ppe"", ""mask""],
  ""reason"": ""图片中有一个人手持写着'CORONAVIRUS'的白色纸板，背景被红色塑料薄膜包裹，可能暗示着医疗环境或防护措施。""
}
```",
5841949,covid 19,5841949_From_above_of_decorative_cardboard_appliques_of_human_hand_with_virus_near_medical_mask_during_COVID_19_pandemic_on_blue.jpg,data/raw\5841949_From_above_of_decorative_cardboard_appliques_of_human_hand_with_virus_near_medical_mask_during_COVID_19_pandemic_on_blue.jpg,From above of decorative cardboard appliques of human hand with virus near medical mask during COVID 19 pandemic on blue background,,4500,8000,#CBE6DD,,,,,Monstera Production,,https://www.pexels.com/@gabby-k,https://www.pexels.com/photo/cutout-paper-illustration-representing-human-hand-with-virus-and-mask-5841949/,,https://images.pexels.com/photos/5841949/pexels-photo-5841949.jpeg?auto=compress&cs=tinysrgb&h=650&w=940,https://images.pexels.com/photos/5841949/pexels-photo-5841949.jpeg?auto=compress&cs=tinysrgb&h=130,https://images.pexels.com/photos/5841949/pexels-photo-5841949.jpeg,pexels,success,1.0,0.0,0.95,"['ppe', 'mask']",unknown,图片中有手拿着口罩和贴纸，但没有明确显示穿防护服的医务人员。,"```json
{
  ""has_people"": 1,
  ""has_protective_medical_staff"": 0,
  ""confidence"": 0.95,
  ""tags"": [""ppe"", ""mask""],
  ""reason"": ""图片中有手拿着口罩和贴纸，但没有明确显示穿防护服的医务人员。""
}
```",
4235823,covid 19,4235823_Several_test_tubes_labeled_Covid-19_Test_in_a_laboratory_setting__ready_for_biomedical_analysis..jpg,data/raw\4235823_Several_test_tubes_labeled_Covid-19_Test_in_a_laboratory_setting__ready_for_biomedical_analysis..jpg,"Several test tubes labeled Covid-19 Test in a laboratory setting, ready for biomedical analysis.",,3840,2160,#A3A0D5,,,,,Riki Risnandar,,https://www.pexels.com/@riki-risnandar-2265311,https://www.pexels.com/photo/covid-19-test-tube-4235823/,,https://images.pexels.com/photos/4235823/pexels-photo-4235823.jpeg?auto=compress&cs=tinysrgb&h=650&w=940,https://images.pexels.com/photos/4235823/pexels-photo-4235823.jpeg?auto=compress&cs=tinysrgb&h=130,https://images.pexels.com/photos/4235823/pexels-photo-4235823.jpeg,pexels,success,0.0,0.0,0.95,"['testing', 'virus', 'covid_sign']",unknown,图像中没有显示人或医务人员，只有标有'COVID-19 Test'的试管,"```json
{
  ""has_people"": 0,
  ""has_protective_medical_staff"": 0,
  ""confidence"": 0.95,
  ""tags"": [""testing"", ""virus"", ""covid_sign""],
  ""reason"": ""图像中没有显示人或医务人员，只有标有'COVID-19 Test'的试管""
}
```",
5994626,covid 19,5994626_Colorful_tablets_and_COVID-19_vaccine_vial_on_a_red_background_with_syringes__symbolizing_healthcare..jpg,data/raw\5994626_Colorful_tablets_and_COVID-19_vaccine_vial_on_a_red_background_with_syringes__symbolizing_healthcare..jpg,"Colorful tablets and COVID-19 vaccine vial on a red background with syringes, symbolizing healthcare.",,6152,4101,#CE1514,,,,,Maksim Goncharenok,,https://www.pexels.com/@maksgelatin,https://www.pexels.com/photo/pills-and-a-vial-of-vaccine-5994626/,,https://images.pexels.com/photos/5994626/pexels-photo-5994626.jpeg?auto=compress&cs=tinysrgb&h=650&w=940,https://images.pexels.com/photos/5994626/pexels-photo-5994626.jpeg?auto=compress&cs=tinysrgb&h=130,https://images.pexels.com/photos/5994626/pexels-photo-5994626.jpeg,pexels,success,0.0,0.0,0.95,['vaccination'],unknown,图片中没有出现任何人物或医疗人员，主要展示的是疫苗瓶和各种药丸。,"```json
{
  ""has_people"": 0,
  ""has_protective_medical_staff"": 0,
  ""confidence"": 0.95,
  ""tags"": [""vaccination""],
  ""reason"": ""图片中没有出现任何人物或医疗人员，主要展示的是疫苗瓶和各种药丸。""
}
```",
11624147,covid 19,11624147_Close-up_of_a_COVID-19_rapid_antigen_test_kit_with_swab_on_a_white_surface..jpg,data/raw\11624147_Close-up_of_a_COVID-19_rapid_antigen_test_kit_with_swab_on_a_white_surface..jpg,Close-up of a COVID-19 rapid antigen test kit with swab on a white surface.,,4800,3200,#E0DFE5,,,,,adrian vieriu,,https://www.pexels.com/@printexstar,https://www.pexels.com/photo/rapid-antigen-test-on-a-white-surface-11624147/,,https://images.pexels.com/photos/11624147/pexels-photo-11624147.jpeg?auto=compress&cs=tinysrgb&h=650&w=940,https://images.pexels.com/photos/11624147/pexels-photo-11624147.jpeg?auto=compress&cs=tinysrgb&h=130,https://images.pexels.com/photos/11624147/pexels-photo-11624147.jpeg,pexels,success,0.0,0.0,0.95,['testing'],unknown,图片中只有一张新冠病毒抗原检测卡，没有显示任何人体或医务人员。,"```json
{
  ""has_people"": 0,
  ""has_protective_medical_staff"": 0,
  ""confidence"": 0.95,
  ""tags"": [""testing""],
  ""reason"": ""图片中只有一张新冠病毒抗原检测卡，没有显示任何人体或医务人员。""
}
```",
6074915,covid 19,6074915_From_above_of_crop_unrecognizable_female_in_protective_gloves_holding_pile_of_ampoules_of_COVID_19_vaccine_against_pink.jpg,data/raw\6074915_From_above_of_crop_unrecognizable_female_in_protective_gloves_holding_pile_of_ampoules_of_COVID_19_vaccine_against_pink.jpg,From above of crop unrecognizable female in protective gloves holding pile of ampoules of COVID 19 vaccine against pink background,,6240,4160,#E5A8BA,,,,,Alena Shekhovtcova,,https://www.pexels.com/@alena-shekhovtcova,https://www.pexels.com/photo/anonymous-woman-demonstrating-covid-19-vaccine-ampules-in-hands-6074915/,,https://images.pexels.com/photos/6074915/pexels-photo-6074915.jpeg?auto=compress&cs=tinysrgb&h=650&w=940,https://images.pexels.com/photos/6074915/pexels-photo-6074915.jpeg?auto=compress&cs=tinysrgb&h=130,https://images.pexels.com/photos/6074915/pexels-photo-6074915.jpeg,pexels,success,1.0,0.0,0.95,['gloves'],unknown,手上有手套，但没有明显的防护服或口罩等防护装备。,"```json
{
  ""has_people"": 1,
  ""has_protective_medical_staff"": 0,
  ""confidence"": 0.95,
  ""tags"": [""gloves""],
  ""reason"": ""手上有手套，但没有明显的防护服或口罩等防护装备。""
}
```",
5995192,covid 19,5995192_Vaccine_vial_labeled_COVID-19_with_a_syringe_on_a_blue_backdrop_symbolizing_medical_advancements..jpg,data/raw\5995192_Vaccine_vial_labeled_COVID-19_with_a_syringe_on_a_blue_backdrop_symbolizing_medical_advancements..jpg,Vaccine vial labeled COVID-19 with a syringe on a blue backdrop symbolizing medical advancements.,,4350,6525,#77D1EC,,,,,Maksim Goncharenok,,https://www.pexels.com/@maksgelatin,https://www.pexels.com/photo/white-syringe-on-blue-background-5995192/,,https://images.pexels.com/photos/5995192/pexels-photo-5995192.jpeg?auto=compress&cs=tinysrgb&h=650&w=940,https://images.pexels.com/photos/5995192/pexels-photo-5995192.jpeg?auto=compress&cs=tinysrgb&h=130,https://images.pexels.com/photos/5995192/pexels-photo-5995192.jpeg,pexels,success,0.0,0.0,0.95,['vaccination'],unknown,图片中只有一支疫苗注射器和一个疫苗瓶，没有出现任何人体或医务人员。,"```json
{
  ""has_people"": 0,
  ""has_protective_medical_staff"": 0,
  ""confidence"": 0.95,
  ""tags"": [""vaccination""],
  ""reason"": ""图片中只有一支疫苗注射器和一个疫苗瓶，没有出现任何人体或医务人员。""
}
```",
6074941,covid 19,6074941_From_above_doses_of_COVID_19_vaccine_in_glass_transparent_ampoules_placed_on_bright_pink_background_in_neon_light.jpg,data/raw\6074941_From_above_doses_of_COVID_19_vaccine_in_glass_transparent_ampoules_placed_on_bright_pink_background_in_neon_light.jpg,From above doses of COVID 19 vaccine in glass transparent ampoules placed on bright pink background in neon light,,3849,2566,#B3236F,,,,,Alena Shekhovtcova,,https://www.pexels.com/@alena-shekhovtcova,https://www.pexels.com/photo/ampoules-with-coronavirus-vaccine-adjuvants-placed-on-pink-desk-6074941/,,https://images.pexels.com/photos/6074941/pexels-photo-6074941.jpeg?auto=compress&cs=tinysrgb&h=650&w=940,https://images.pexels.com/photos/6074941/pexels-photo-6074941.jpeg?auto=compress&cs=tinysrgb&h=130,https://images.pexels.com/photos/6074941/pexels-photo-6074941.jpeg,pexels,success,0.0,0.0,0.95,['vaccination'],unknown,图片中有疫苗瓶，但没有显示人或医务人员。,"```json
{
  ""has_people"": 0,
  ""has_protective_medical_staff"": 0,
  ""confidence"": 0.95,
  ""tags"": [""vaccination""],
  ""reason"": ""图片中有疫苗瓶，但没有显示人或医务人员。""
}
```",
5994799,covid 19,5994799_Vaccine_vial_and_blood_test_tubes_labeled_COVID-19_on_a_blue_surface__representing_healthcare_progress..jpg,data/raw\5994799_Vaccine_vial_and_blood_test_tubes_labeled_COVID-19_on_a_blue_surface__representing_healthcare_progress..jpg,"Vaccine vial and blood test tubes labeled COVID-19 on a blue surface, representing healthcare progress.",,6310,4207,#66D0E9,,,,,Maksim Goncharenok,,https://www.pexels.com/@maksgelatin,https://www.pexels.com/photo/covid-essentials-on-blue-surface-5994799/,,https://images.pexels.com/photos/5994799/pexels-photo-5994799.jpeg?auto=compress&cs=tinysrgb&h=650&w=940,https://images.pexels.com/photos/5994799/pexels-photo-5994799.jpeg?auto=compress&cs=tinysrgb&h=130,https://images.pexels.com/photos/5994799/pexels-photo-5994799.jpeg,pexels,success,0.0,0.0,0.95,['vaccination'],unknown,图片中只包含疫苗和注射器，没有出现人员或医务人员。,"```json
{
  ""has_people"": 0,
  ""has_protective_medical_staff"": 0,
  ""confidence"": 0.95,
  ""tags"": [""vaccination""],
  ""reason"": ""图片中只包含疫苗和注射器，没有出现人员或医务人员。""
}
```",
5863404,covid 19,5863404_Close-up_of_vaccine_vials_and_thermometer_for_COVID-19_on_black_background..jpg,data/raw\5863404_Close-up_of_vaccine_vials_and_thermometer_for_COVID-19_on_black_background..jpg,Close-up of vaccine vials and thermometer for COVID-19 on black background.,,3711,5566,#07141C,,,,,Nataliya Vaitkevich,,https://www.pexels.com/@n-voitkevich,https://www.pexels.com/photo/two-small-bottle-on-top-of-a-thermometer-5863404/,,https://images.pexels.com/photos/5863404/pexels-photo-5863404.jpeg?auto=compress&cs=tinysrgb&h=650&w=940,https://images.pexels.com/photos/5863404/pexels-photo-5863404.jpeg?auto=compress&cs=tinysrgb&h=130,https://images.pexels.com/photos/5863404/pexels-photo-5863404.jpeg,pexels,success,0.0,0.0,0.95,['testing'],unknown,图像中只有一支体温计和两个疫苗瓶，没有出现任何人体或医务人员。,"```json
{
  ""has_people"": 0,
  ""has_protective_medical_staff"": 0,
  ""confidence"": 0.95,
  ""tags"": [""testing""],
  ""reason"": ""图像中只有一支体温计和两个疫苗瓶，没有出现任何人体或医务人员。""
}
```",
11989310,covid 19,11989310_A_woman_sits_on_an_airplane__wearing_a_face_mask_during_the_flight__representing_the_new_normal_of_air_travel..jpg,data/raw\11989310_A_woman_sits_on_an_airplane__wearing_a_face_mask_during_the_flight__representing_the_new_normal_of_air_travel..jpg,"A woman sits on an airplane, wearing a face mask during the flight, representing the new normal of air travel.",,6240,4160,#7D7D7B,,,,,Pew Nguyen,,https://www.pexels.com/@nguyendesigner,https://www.pexels.com/photo/woman-in-black-shirt-wearing-white-face-mask-11989310/,,https://images.pexels.com/photos/11989310/pexels-photo-11989310.jpeg?auto=compress&cs=tinysrgb&h=650&w=940,https://images.pexels.com/photos/11989310/pexels-photo-11989310.jpeg?auto=compress&cs=tinysrgb&h=130,https://images.pexels.com/photos/11989310/pexels-photo-11989310.jpeg,pexels,success,1.0,0.0,0.95,"['medical_staff', 'ppe', 'mask']",unknown,图片中有一个人戴着口罩，可能是在飞机上，符合医疗或防护人员的特征。,"```json
{
  ""has_people"": 1,
  ""has_protective_medical_staff"": 0,
  ""confidence"": 0.95,
  ""tags"": [""medical_staff"", ""ppe"", ""mask""],
  ""reason"": ""图片中有一个人戴着口罩，可能是在飞机上，符合医疗或防护人员的特征。""
}
```",
5995258,covid 19,5995258_A_gloved_hand_holding_COVID-19_vaccine_vials_against_a_green_backdrop_offers_medical_and_health_protection_imagery..jpg,data/raw\5995258_A_gloved_hand_holding_COVID-19_vaccine_vials_against_a_green_backdrop_offers_medical_and_health_protection_imagery..jpg,A gloved hand holding COVID-19 vaccine vials against a green backdrop offers medical and health protection imagery.,,6214,4143,#109077,,,,,Maksim Goncharenok,,https://www.pexels.com/@maksgelatin,https://www.pexels.com/photo/person-in-blue-and-white-shorts-and-blue-and-white-gloves-5995258/,,https://images.pexels.com/photos/5995258/pexels-photo-5995258.jpeg?auto=compress&cs=tinysrgb&h=650&w=940,https://images.pexels.com/photos/5995258/pexels-photo-5995258.jpeg?auto=compress&cs=tinysrgb&h=130,https://images.pexels.com/photos/5995258/pexels-photo-5995258.jpeg,pexels,success,1.0,1.0,0.95,"['nurse', 'ppe', 'gloves']",unknown,图片中有一只手戴着蓝色手套，背景是绿色的，手套上有“COVID-19”字样，表明这是与疫苗相关的医疗用品。,"```json
{
  ""has_people"": 1,
  ""has_protective_medical_staff"": 1,
  ""confidence"": 0.95,
  ""tags"": [""nurse"", ""ppe"", ""gloves""],
  ""reason"": ""图片中有一只手戴着蓝色手套，背景是绿色的，手套上有“COVID-19”字样，表明这是与疫苗相关的医疗用品。""
}
```",
5994839,covid 19,5994839_Top_view_of_COVID-19_vaccine_vials_arranged_on_a_vivid_red_surface..jpg,data/raw\5994839_Top_view_of_COVID-19_vaccine_vials_arranged_on_a_vivid_red_surface..jpg,Top view of COVID-19 vaccine vials arranged on a vivid red surface.,,6221,4147,#DF513F,,,,,Maksim Goncharenok,,https://www.pexels.com/@maksgelatin,https://www.pexels.com/photo/vaccine-vials-on-a-red-surface-5994839/,,https://images.pexels.com/photos/5994839/pexels-photo-5994839.jpeg?auto=compress&cs=tinysrgb&h=650&w=940,https://images.pexels.com/photos/5994839/pexels-photo-5994839.jpeg?auto=compress&cs=tinysrgb&h=130,https://images.pexels.com/photos/5994839/pexels-photo-5994839.jpeg,pexels,success,0.0,0.0,0.95,['vaccination'],unknown,图片中没有显示任何人物或医疗人员，所有内容都是疫苗瓶。,"```json
{
  ""has_people"": 0,
  ""has_protective_medical_staff"": 0,
  ""confidence"": 0.95,
  ""tags"": [""vaccination""],
  ""reason"": ""图片中没有显示任何人物或医疗人员，所有内容都是疫苗瓶。""
}
```",
11624057,covid 19,11624057_Close-up_of_a_passport_and_PCR_test_for_COVID-19_depicting_travel_and_health_safety_measures..jpg,data/raw\11624057_Close-up_of_a_passport_and_PCR_test_for_COVID-19_depicting_travel_and_health_safety_measures..jpg,Close-up of a passport and PCR test for COVID-19 depicting travel and health safety measures.,,4800,3200,#CFC3CF,,,,,adrian vieriu,,https://www.pexels.com/@printexstar,https://www.pexels.com/photo/passport-near-a-test-tube-on-white-surface-11624057/,,https://images.pexels.com/photos/11624057/pexels-photo-11624057.jpeg?auto=compress&cs=tinysrgb&h=650&w=940,https://images.pexels.com/photos/11624057/pexels-photo-11624057.jpeg?auto=compress&cs=tinysrgb&h=130,https://images.pexels.com/photos/11624057/pexels-photo-11624057.jpeg,pexels,success,0.0,0.0,0.95,"['passport', 'PCR test']",unknown,图像中只包含护照和PCR测试管，没有显示任何人员或医务人员。,"```json
{
  ""has_people"": 0,
  ""has_protective_medical_staff"": 0,
  ""confidence"": 0.95,
  ""tags"": [""passport"", ""PCR test""],
  ""reason"": ""图像中只包含护照和PCR测试管，没有显示任何人员或医务人员。""
}
```",
3786124,covid 19,3786124_Flat_lay_of_medical_supplies_including_face_mask__syringe__pills__and_petri_dish_on_a_vibrant_red_background..jpg,data/raw\3786124_Flat_lay_of_medical_supplies_including_face_mask__syringe__pills__and_petri_dish_on_a_vibrant_red_background..jpg,"Flat lay of medical supplies including face mask, syringe, pills, and petri dish on a vibrant red background.",,4000,6000,#F0452E,,,,,Anna Shvets,,https://www.pexels.com/@shvetsa,https://www.pexels.com/photo/syringe-and-pills-with-petri-dish-3786124/,,https://images.pexels.com/photos/3786124/pexels-photo-3786124.jpeg?auto=compress&cs=tinysrgb&h=650&w=940,https://images.pexels.com/photos/3786124/pexels-photo-3786124.jpeg?auto=compress&cs=tinysrgb&h=130,https://images.pexels.com/photos/3786124/pexels-photo-3786124.jpeg,pexels,success,0.0,0.0,0.95,"['mask', 'vaccination']",unknown,图片中没有可见的人类，但有一个口罩和疫苗接种器，暗示了与医疗相关的活动。,"```json
{
  ""has_people"": 0,
  ""has_protective_medical_staff"": 0,
  ""confidence"": 0.95,
  ""tags"": [""mask"", ""vaccination""],
  ""reason"": ""图片中没有可见的人类，但有一个口罩和疫苗接种器，暗示了与医疗相关的活动。""
}
```",
11624149,covid 19,11624149_Close-up_of_a_passport_and_COVID-19_rapid_antigen_test_kit_on_a_white_background__symbolizing_travel_amid_a_pandemic..jpg,data/raw\11624149_Close-up_of_a_passport_and_COVID-19_rapid_antigen_test_kit_on_a_white_background__symbolizing_travel_amid_a_pandemic..jpg,"Close-up of a passport and COVID-19 rapid antigen test kit on a white background, symbolizing travel amid a pandemic.",,4800,3200,#B7ABB5,,,,,adrian vieriu,,https://www.pexels.com/@printexstar,https://www.pexels.com/photo/a-rapid-antigen-test-on-a-passport-11624149/,,https://images.pexels.com/photos/11624149/pexels-photo-11624149.jpeg?auto=compress&cs=tinysrgb&h=650&w=940,https://images.pexels.com/photos/11624149/pexels-photo-11624149.jpeg?auto=compress&cs=tinysrgb&h=130,https://images.pexels.com/photos/11624149/pexels-photo-11624149.jpeg,pexels,success,0.0,0.0,0.95,['testing'],unknown,图片中只有一张护照和一个快速检测棒，没有出现任何人体或医务人员。,"```json
{
  ""has_people"": 0,
  ""has_protective_medical_staff"": 0,
  ""confidence"": 0.95,
  ""tags"": [""testing""],
  ""reason"": ""图片中只有一张护照和一个快速检测棒，没有出现任何人体或医务人员。""
}
```",
5878524,covid 19,5878524_Gloved_hand_holding_a_COVID-19_vaccine_vial_under_dramatic_lighting__emphasizing_health_awareness..jpg,data/raw\5878524_Gloved_hand_holding_a_COVID-19_vaccine_vial_under_dramatic_lighting__emphasizing_health_awareness..jpg,"Gloved hand holding a COVID-19 vaccine vial under dramatic lighting, emphasizing health awareness.",,5975,3361,#0B8BA1,,,,,Artem Podrez,,https://www.pexels.com/@artempodrez,https://www.pexels.com/photo/close-up-view-of-a-person-holding-a-vaccine-vial-5878524/,,https://images.pexels.com/photos/5878524/pexels-photo-5878524.jpeg?auto=compress&cs=tinysrgb&h=650&w=940,https://images.pexels.com/photos/5878524/pexels-photo-5878524.jpeg?auto=compress&cs=tinysrgb&h=130,https://images.pexels.com/photos/5878524/pexels-photo-5878524.jpeg,pexels,success,1.0,0.0,0.95,"['ppe', 'protective_suit']",unknown,图片中有一只手拿着疫苗瓶，手上有明显的防护手套，符合穿戴防护服的医务人员特征。,"```json
{
  ""has_people"": 1,
  ""has_protective_medical_staff"": 0,
  ""confidence"": 0.95,
  ""tags"": [""ppe"", ""protective_suit""],
  ""reason"": ""图片中有一只手拿着疫苗瓶，手上有明显的防护手套，符合穿戴防护服的医务人员特征。""
}
```",
5994843,covid 19,5994843_A_close-up_of_a_hand_in_a_blue_glove_holding_a_COVID-19_vaccine_vial_against_a_yellow_background..jpg,data/raw\5994843_A_close-up_of_a_hand_in_a_blue_glove_holding_a_COVID-19_vaccine_vial_against_a_yellow_background..jpg,A close-up of a hand in a blue glove holding a COVID-19 vaccine vial against a yellow background.,,4265,6398,#CEC41C,,,,,Maksim Goncharenok,,https://www.pexels.com/@maksgelatin,https://www.pexels.com/photo/hand-of-a-person-in-blue-gloves-holding-an-ampoule-5994843/,,https://images.pexels.com/photos/5994843/pexels-photo-5994843.jpeg?auto=compress&cs=tinysrgb&h=650&w=940,https://images.pexels.com/photos/5994843/pexels-photo-5994843.jpeg?auto=compress&cs=tinysrgb&h=130,https://images.pexels.com/photos/5994843/pexels-photo-5994843.jpeg,pexels,success,1.0,0.0,0.95,"['gloves', 'vaccination']",unknown,图片中有一只戴着蓝色手套的手拿着一个疫苗瓶，背景是黄色的。手套和疫苗瓶通常与医疗相关，但没有明显的防护服或口罩等防护装备。,"```json
{
  ""has_people"": 1,
  ""has_protective_medical_staff"": 0,
  ""confidence"": 0.95,
  ""tags"": [""gloves"", ""vaccination""],
  ""reason"": ""图片中有一只戴着蓝色手套的手拿着一个疫苗瓶，背景是黄色的。手套和疫苗瓶通常与医疗相关，但没有明显的防护服或口罩等防护装备。""
}
```",
5994798,covid 19,5994798_A_COVID-19_vaccine_vial_held_in_a_gloved_hand_on_a_blue_background__symbolizing_health_care_and_protection..jpg,data/raw\5994798_A_COVID-19_vaccine_vial_held_in_a_gloved_hand_on_a_blue_background__symbolizing_health_care_and_protection..jpg,"A COVID-19 vaccine vial held in a gloved hand on a blue background, symbolizing health care and protection.",,6409,4273,#5BB4CE,,,,,Maksim Goncharenok,,https://www.pexels.com/@maksgelatin,https://www.pexels.com/photo/person-holding-white-and-red-labeled-bottle-5994798/,,https://images.pexels.com/photos/5994798/pexels-photo-5994798.jpeg?auto=compress&cs=tinysrgb&h=650&w=940,https://images.pexels.com/photos/5994798/pexels-photo-5994798.jpeg?auto=compress&cs=tinysrgb&h=130,https://images.pexels.com/photos/5994798/pexels-photo-5994798.jpeg,pexels,success,1.0,1.0,0.95,"['doctor', 'ppe', 'gloves']",unknown,图片中显示了一只戴着蓝色手套的手，手套上有“COVID-19疫苗接种”字样，表明这是医疗环境中的一幕。,"```json
{
  ""has_people"": 1,
  ""has_protective_medical_staff"": 1,
  ""confidence"": 0.95,
  ""tags"": [""doctor"", ""ppe"", ""gloves""],
  ""reason"": ""图片中显示了一只戴着蓝色手套的手，手套上有“COVID-19疫苗接种”字样，表明这是医疗环境中的一幕。""
}
```",
6074947,covid 19,6074947_Transparent_ampoules_with_anti_COVID_19_vaccine_arranged_on_purple_desk_in_modern_laboratory.jpg,data/raw\6074947_Transparent_ampoules_with_anti_COVID_19_vaccine_arranged_on_purple_desk_in_modern_laboratory.jpg,Transparent ampoules with anti COVID 19 vaccine arranged on purple desk in modern laboratory,,6240,4160,#C09BF8,,,,,Alena Shekhovtcova,,https://www.pexels.com/@alena-shekhovtcova,https://www.pexels.com/photo/ampoules-containing-pharmaceutical-products-on-purple-surface-6074947/,,https://images.pexels.com/photos/6074947/pexels-photo-6074947.jpeg?auto=compress&cs=tinysrgb&h=650&w=940,https://images.pexels.com/photos/6074947/pexels-photo-6074947.jpeg?auto=compress&cs=tinysrgb&h=130,https://images.pexels.com/photos/6074947/pexels-photo-6074947.jpeg,pexels,success,0.0,0.0,0.95,['vaccination'],unknown,图片中有疫苗瓶，但没有显示人或医务人员。,"```json
{
  ""has_people"": 0,
  ""has_protective_medical_staff"": 0,
  ""confidence"": 0.95,
  ""tags"": [""vaccination""],
  ""reason"": ""图片中有疫苗瓶，但没有显示人或医务人员。""
}
```",
7337974,covid 19,7337974_Portrait_of_an_Asian_woman_wearing_a_floral_face_mask_indoors__embodying_safety_and_elegance..jpg,data/raw\7337974_Portrait_of_an_Asian_woman_wearing_a_floral_face_mask_indoors__embodying_safety_and_elegance..jpg,"Portrait of an Asian woman wearing a floral face mask indoors, embodying safety and elegance.",,2000,3000,#B8BABB,,,,,Polina Tankilevitch,,https://www.pexels.com/@polina-tankilevitch,https://www.pexels.com/photo/a-woman-in-white-sweatshirt-wearing-face-mask-with-her-hands-on-her-chest-7337974/,,https://images.pexels.com/photos/7337974/pexels-photo-7337974.jpeg?auto=compress&cs=tinysrgb&h=650&w=940,https://images.pexels.com/photos/7337974/pexels-photo-7337974.jpeg?auto=compress&cs=tinysrgb&h=130,https://images.pexels.com/photos/7337974/pexels-photo-7337974.jpeg,pexels,success,1.0,0.0,0.95,"['nurse', 'mask', 'indoor']",unknown,图片中有一名女性，她戴着口罩，背景是室内环境。,"```json
{
  ""has_people"": 1,
  ""has_protective_medical_staff"": 0,
  ""confidence"": 0.95,
  ""tags"": [""nurse"", ""mask"", ""indoor""],
  ""reason"": ""图片中有一名女性，她戴着口罩，背景是室内环境。""
}
```",
5995156,covid 19,5995156_A_row_of_COVID-19_vaccine_vials_arranged_on_a_blue_background_illustrating_pandemic_response..jpg,data/raw\5995156_A_row_of_COVID-19_vaccine_vials_arranged_on_a_blue_background_illustrating_pandemic_response..jpg,A row of COVID-19 vaccine vials arranged on a blue background illustrating pandemic response.,,6540,4360,#86C6DB,,,,,Maksim Goncharenok,,https://www.pexels.com/@maksgelatin,https://www.pexels.com/photo/vaccine-bottles-on-blue-background-5995156/,,https://images.pexels.com/photos/5995156/pexels-photo-5995156.jpeg?auto=compress&cs=tinysrgb&h=650&w=940,https://images.pexels.com/photos/5995156/pexels-photo-5995156.jpeg?auto=compress&cs=tinysrgb&h=130,https://images.pexels.com/photos/5995156/pexels-photo-5995156.jpeg,pexels,success,0.0,0.0,0.95,['vaccination'],unknown,图片中没有显示任何人物或医疗人员，只有疫苗瓶。,"```json
{
  ""has_people"": 0,
  ""has_protective_medical_staff"": 0,
  ""confidence"": 0.95,
  ""tags"": [""vaccination""],
  ""reason"": ""图片中没有显示任何人物或医疗人员，只有疫苗瓶。""
}
```",
6075032,covid 19,6075032_From_above_of_glass_bowl_filled_with_pills_and_ampoules_with_vaccine_for_COVID_19_in_pink_bright_neon_light.jpg,data/raw\6075032_From_above_of_glass_bowl_filled_with_pills_and_ampoules_with_vaccine_for_COVID_19_in_pink_bright_neon_light.jpg,From above of glass bowl filled with pills and ampoules with vaccine for COVID 19 in pink bright neon light,,4160,6240,#ED5099,,,,,Alena Shekhovtcova,,https://www.pexels.com/@alena-shekhovtcova,https://www.pexels.com/photo/glass-bowl-with-vaccine-for-coronavirus-6075032/,,https://images.pexels.com/photos/6075032/pexels-photo-6075032.jpeg?auto=compress&cs=tinysrgb&h=650&w=940,https://images.pexels.com/photos/6075032/pexels-photo-6075032.jpeg?auto=compress&cs=tinysrgb&h=130,https://images.pexels.com/photos/6075032/pexels-photo-6075032.jpeg,pexels,success,0.0,0.0,0.95,['vaccination'],unknown,图片中没有可见的人类，因此没有医务人员。疫苗瓶和胶囊可能代表疫苗接种。,"```json
{
  ""has_people"": 0,
  ""has_protective_medical_staff"": 0,
  ""confidence"": 0.95,
  ""tags"": [""vaccination""],
  ""reason"": ""图片中没有可见的人类，因此没有医务人员。疫苗瓶和胶囊可能代表疫苗接种。""
}
```",
5995267,covid 19,5995267_Close-up_of_a_hand_in_medical_gloves_holding_a_COVID-19_vaccine_with_a_syringe_against_a_green_background..jpg,data/raw\5995267_Close-up_of_a_hand_in_medical_gloves_holding_a_COVID-19_vaccine_with_a_syringe_against_a_green_background..jpg,Close-up of a hand in medical gloves holding a COVID-19 vaccine with a syringe against a green background.,,4213,6319,#1B917B,,,,,Maksim Goncharenok,,https://www.pexels.com/@maksgelatin,https://www.pexels.com/photo/a-person-holding-a-vaccine-bottle-5995267/,,https://images.pexels.com/photos/5995267/pexels-photo-5995267.jpeg?auto=compress&cs=tinysrgb&h=650&w=940,https://images.pexels.com/photos/5995267/pexels-photo-5995267.jpeg?auto=compress&cs=tinysrgb&h=130,https://images.pexels.com/photos/5995267/pexels-photo-5995267.jpeg,pexels,success,1.0,1.0,0.95,"['doctor', 'ppe', 'gloves']",unknown,图片中显示了一只戴着蓝色手套的手拿着疫苗和注射器，背景是绿色的，符合医疗环境的特征。,"```json
{
  ""has_people"": 1,
  ""has_protective_medical_staff"": 1,
  ""confidence"": 0.95,
  ""tags"": [""doctor"", ""ppe"", ""gloves""],
  ""reason"": ""图片中显示了一只戴着蓝色手套的手拿着疫苗和注射器，背景是绿色的，符合医疗环境的特征。""
}
```",
5863270,covid 19,5863270_Close-up_of_COVID-19_vaccine_vials_and_syringe_on_pink_backdrop__symbolizing_healthcare..jpg,data/raw\5863270_Close-up_of_COVID-19_vaccine_vials_and_syringe_on_pink_backdrop__symbolizing_healthcare..jpg,"Close-up of COVID-19 vaccine vials and syringe on pink backdrop, symbolizing healthcare.",,3601,5401,#DCABD6,,,,,Nataliya Vaitkevich,,https://www.pexels.com/@n-voitkevich,https://www.pexels.com/photo/two-vials-of-covid-19-vaccine-on-purple-background-5863270/,,https://images.pexels.com/photos/5863270/pexels-photo-5863270.jpeg?auto=compress&cs=tinysrgb&h=650&w=940,https://images.pexels.com/photos/5863270/pexels-photo-5863270.jpeg?auto=compress&cs=tinysrgb&h=130,https://images.pexels.com/photos/5863270/pexels-photo-5863270.jpeg,pexels,success,0.0,0.0,0.95,"['vaccination', 'covid_sign']",unknown,图片中有两个疫苗瓶和一个注射器，没有显示人或医务人员。,"```json
{
  ""has_people"": 0,
  ""has_protective_medical_staff"": 0,
  ""confidence"": 0.95,
  ""tags"": [""vaccination"", ""covid_sign""],
  ""reason"": ""图片中有两个疫苗瓶和一个注射器，没有显示人或医务人员。""
}
```",
5994528,covid 19,5994528_Blue_gloved_hands_holding_COVID-19_vaccine_vials_on_a_blue_background..jpg,data/raw\5994528_Blue_gloved_hands_holding_COVID-19_vaccine_vials_on_a_blue_background..jpg,Blue gloved hands holding COVID-19 vaccine vials on a blue background.,,6001,4001,#3DA2BB,,,,,Maksim Goncharenok,,https://www.pexels.com/@maksgelatin,https://www.pexels.com/photo/person-holding-covid-vaccines-5994528/,,https://images.pexels.com/photos/5994528/pexels-photo-5994528.jpeg?auto=compress&cs=tinysrgb&h=650&w=940,https://images.pexels.com/photos/5994528/pexels-photo-5994528.jpeg?auto=compress&cs=tinysrgb&h=130,https://images.pexels.com/photos/5994528/pexels-photo-5994528.jpeg,pexels,success,1.0,1.0,0.95,"['nurse', 'ppe', 'gloves']",unknown,图片中有双手戴着蓝色手套，背景为浅蓝色，符合医护人员穿着防护服和手套的场景。,"```json
{
  ""has_people"": 1,
  ""has_protective_medical_staff"": 1,
  ""confidence"": 0.95,
  ""tags"": [""nurse"", ""ppe"", ""gloves""],
  ""reason"": ""图片中有双手戴着蓝色手套，背景为浅蓝色，符合医护人员穿着防护服和手套的场景。""
}
```",
6075033,covid 19,6075033_From_above_of_glass_fragile_bowl_with_vaccine_for_COVID_19_and_capsules_in_neon_light.jpg,data/raw\6075033_From_above_of_glass_fragile_bowl_with_vaccine_for_COVID_19_and_capsules_in_neon_light.jpg,From above of glass fragile bowl with vaccine for COVID 19 and capsules in neon light,,4153,2768,#E85B9F,,,,,Alena Shekhovtcova,,https://www.pexels.com/@alena-shekhovtcova,https://www.pexels.com/photo/glass-bowl-with-capsules-and-vaccine-for-coronavirus-6075033/,,https://images.pexels.com/photos/6075033/pexels-photo-6075033.jpeg?auto=compress&cs=tinysrgb&h=650&w=940,https://images.pexels.com/photos/6075033/pexels-photo-6075033.jpeg?auto=compress&cs=tinysrgb&h=130,https://images.pexels.com/photos/6075033/pexels-photo-6075033.jpeg,pexels,success,0.0,0.0,0.95,"['vaccination', 'covid_sign']",unknown,图片中主要展示的是疫苗和新冠疫苗相关的物品，没有显示人或医务人员。,"```json
{
  ""has_people"": 0,
  ""has_protective_medical_staff"": 0,
  ""confidence"": 0.95,
  ""tags"": [""vaccination"", ""covid_sign""],
  ""reason"": ""图片中主要展示的是疫苗和新冠疫苗相关的物品，没有显示人或医务人员。""
}
```",
5994641,covid 19,5994641_Close-up_of_COVID-19_vaccine_vial_with_syringe_and_various_pills_on_a_red_surface..jpg,data/raw\5994641_Close-up_of_COVID-19_vaccine_vial_with_syringe_and_various_pills_on_a_red_surface..jpg,Close-up of COVID-19 vaccine vial with syringe and various pills on a red surface.,,5427,3618,#D41719,,,,,Maksim Goncharenok,,https://www.pexels.com/@maksgelatin,https://www.pexels.com/photo/ampoule-and-syringe-near-tablets-on-red-surface-5994641/,,https://images.pexels.com/photos/5994641/pexels-photo-5994641.jpeg?auto=compress&cs=tinysrgb&h=650&w=940,https://images.pexels.com/photos/5994641/pexels-photo-5994641.jpeg?auto=compress&cs=tinysrgb&h=130,https://images.pexels.com/photos/5994641/pexels-photo-5994641.jpeg,pexels,success,0.0,0.0,0.95,['vaccination'],unknown,图片中没有出现人物，但有一个疫苗瓶和注射器，暗示了疫苗接种的主题。,"```json
{
  ""has_people"": 0,
  ""has_protective_medical_staff"": 0,
  ""confidence"": 0.95,
  ""tags"": [""vaccination""],
  ""reason"": ""图片中没有出现人物，但有一个疫苗瓶和注射器，暗示了疫苗接种的主题。""
}
```",
11623658,covid 19,11623658_Healthcare_professional_administering_a_nasal_swab_test_for_COVID-19_on_a_patient_in_Berlin_clinic..jpg,data/raw\11623658_Healthcare_professional_administering_a_nasal_swab_test_for_COVID-19_on_a_patient_in_Berlin_clinic..jpg,Healthcare professional administering a nasal swab test for COVID-19 on a patient in Berlin clinic.,,4800,3200,#AAB2BF,,,,,adrian vieriu,,https://www.pexels.com/@printexstar,https://www.pexels.com/photo/a-medical-professional-swabbing-a-patient-11623658/,,https://images.pexels.com/photos/11623658/pexels-photo-11623658.jpeg?auto=compress&cs=tinysrgb&h=650&w=940,https://images.pexels.com/photos/11623658/pexels-photo-11623658.jpeg?auto=compress&cs=tinysrgb&h=130,https://images.pexels.com/photos/11623658/pexels-photo-11623658.jpeg,pexels,success,1.0,1.0,0.95,"['doctor', 'ppe', 'mask', 'gloves']",unknown,图片中有医生正在为患者进行操作，穿着防护服和手套。,"```json
{
  ""has_people"": 1,
  ""has_protective_medical_staff"": 1,
  ""confidence"": 0.95,
  ""tags"": [""doctor"", ""ppe"", ""mask"", ""gloves""],
  ""reason"": ""图片中有医生正在为患者进行操作，穿着防护服和手套。""
}
```",
11623595,covid 19,11623595_Close-up_of_a_healthcare_worker_in_PPE_preparing_a_COVID-19_test_kit..jpg,data/raw\11623595_Close-up_of_a_healthcare_worker_in_PPE_preparing_a_COVID-19_test_kit..jpg,Close-up of a healthcare worker in PPE preparing a COVID-19 test kit.,,4800,3200,#C9D3DD,,,,,adrian vieriu,,https://www.pexels.com/@printexstar,https://www.pexels.com/photo/a-person-in-a-ppe-holding-a-nasal-swab-11623595/,,https://images.pexels.com/photos/11623595/pexels-photo-11623595.jpeg?auto=compress&cs=tinysrgb&h=650&w=940,https://images.pexels.com/photos/11623595/pexels-photo-11623595.jpeg?auto=compress&cs=tinysrgb&h=130,https://images.pexels.com/photos/11623595/pexels-photo-11623595.jpeg,pexels,success,1.0,1.0,0.95,"['ppe', 'protective_suit', 'mask', 'face_shield', 'gloves']",unknown,图片中显示了一位穿着防护服和口罩的人员，符合医务人员的标准。,"```json
{
  ""has_people"": 1,
  ""has_protective_medical_staff"": 1,
  ""confidence"": 0.95,
  ""tags"": [""ppe"", ""protective_suit"", ""mask"", ""face_shield"", ""gloves""],
  ""reason"": ""图片中显示了一位穿着防护服和口罩的人员，符合医务人员的标准。""
}
```",
6074969,covid 19,6074969_From_above_of_glass_ampoules_with_COVID_19_vaccine_on_iron_tray_in_bright_violet_and_blue_illumination.jpg,data/raw\6074969_From_above_of_glass_ampoules_with_COVID_19_vaccine_on_iron_tray_in_bright_violet_and_blue_illumination.jpg,From above of glass ampoules with COVID 19 vaccine on iron tray in bright violet and blue illumination,,4160,6240,#9D86DB,,,,,Alena Shekhovtcova,,https://www.pexels.com/@alena-shekhovtcova,https://www.pexels.com/photo/ampoules-with-covid-19-vaccine-on-metal-tray-6074969/,,https://images.pexels.com/photos/6074969/pexels-photo-6074969.jpeg?auto=compress&cs=tinysrgb&h=650&w=940,https://images.pexels.com/photos/6074969/pexels-photo-6074969.jpeg?auto=compress&cs=tinysrgb&h=130,https://images.pexels.com/photos/6074969/pexels-photo-6074969.jpeg,pexels,success,0.0,0.0,0.95,['vaccination'],unknown,图片中显示了疫苗瓶和注射器，没有出现人员或防护服。,"```json
{
  ""has_people"": 0,
  ""has_protective_medical_staff"": 0,
  ""confidence"": 0.95,
  ""tags"": [""vaccination""],
  ""reason"": ""图片中显示了疫苗瓶和注射器，没有出现人员或防护服。""
}
```",
6075008,covid 19,6075008_Glass_ampoule_with_vaccine_for_COVID_19_near_flask_with_fluid_in_ultraviolet_light.jpg,data/raw\6075008_Glass_ampoule_with_vaccine_for_COVID_19_near_flask_with_fluid_in_ultraviolet_light.jpg,Glass ampoule with vaccine for COVID 19 near flask with fluid in ultraviolet light,,2321,3482,#2938A2,,,,,Alena Shekhovtcova,,https://www.pexels.com/@alena-shekhovtcova,https://www.pexels.com/photo/ampoule-with-vaccine-for-coronavirus-near-flask-with-liquid-6075008/,,https://images.pexels.com/photos/6075008/pexels-photo-6075008.jpeg?auto=compress&cs=tinysrgb&h=650&w=940,https://images.pexels.com/photos/6075008/pexels-photo-6075008.jpeg?auto=compress&cs=tinysrgb&h=130,https://images.pexels.com/photos/6075008/pexels-photo-6075008.jpeg,pexels,success,0.0,0.0,0.95,['vaccination'],unknown,图片中只有一个疫苗瓶，没有显示任何人体或医务人员。,"```json
{
  ""has_people"": 0,
  ""has_protective_medical_staff"": 0,
  ""confidence"": 0.95,
  ""tags"": [""vaccination""],
  ""reason"": ""图片中只有一个疫苗瓶，没有显示任何人体或医务人员。""
}
```",
8830655,covid 19,8830655_Smartphone_displaying_EU_Digital_Green_Pass_alongside_COVID-19_vaccine_vials_and_certificate..jpg,data/raw\8830655_Smartphone_displaying_EU_Digital_Green_Pass_alongside_COVID-19_vaccine_vials_and_certificate..jpg,Smartphone displaying EU Digital Green Pass alongside COVID-19 vaccine vials and certificate.,,4124,6186,#AABED6,,,,,Nataliya Vaitkevich,,https://www.pexels.com/@n-voitkevich,https://www.pexels.com/photo/black-mobile-phone-near-ampoules-8830655/,,https://images.pexels.com/photos/8830655/pexels-photo-8830655.jpeg?auto=compress&cs=tinysrgb&h=650&w=940,https://images.pexels.com/photos/8830655/pexels-photo-8830655.jpeg?auto=compress&cs=tinysrgb&h=130,https://images.pexels.com/photos/8830655/pexels-photo-8830655.jpeg,pexels,success,0.0,0.0,0.95,['vaccination'],unknown,图片中没有显示人，但有疫苗接种相关的物品和欧盟数字疫苗证书。,"```json
{
  ""has_people"": 0,
  ""has_protective_medical_staff"": 0,
  ""confidence"": 0.95,
  ""tags"": [""vaccination""],
  ""reason"": ""图片中没有显示人，但有疫苗接种相关的物品和欧盟数字疫苗证书。""
}
```",
4031867,covid 19,4031867_Creative_depiction_of_COVID-19_using_pills_and_virus_models_on_a_red_backdrop..jpg,data/raw\4031867_Creative_depiction_of_COVID-19_using_pills_and_virus_models_on_a_red_backdrop..jpg,Creative depiction of COVID-19 using pills and virus models on a red backdrop.,,8252,5501,#91212C,,,,,Edward Jenner,,https://www.pexels.com/@edward-jenner,https://www.pexels.com/photo/concept-of-covid-19-in-red-background-4031867/,,https://images.pexels.com/photos/4031867/pexels-photo-4031867.jpeg?auto=compress&cs=tinysrgb&h=650&w=940,https://images.pexels.com/photos/4031867/pexels-photo-4031867.jpeg?auto=compress&cs=tinysrgb&h=130,https://images.pexels.com/photos/4031867/pexels-photo-4031867.jpeg,pexels,success,0.0,0.0,0.95,"['virus', 'covid_sign']",unknown,图片中没有出现人物或医务人员，只有与COVID-19相关的病毒模型和文字。,"```json
{
  ""has_people"": 0,
  ""has_protective_medical_staff"": 0,
  ""confidence"": 0.95,
  ""tags"": [""virus"", ""covid_sign""],
  ""reason"": ""图片中没有出现人物或医务人员，只有与COVID-19相关的病毒模型和文字。""
}
```",
8830695,covid 19,8830695_Essential_travel_safety_items_including_mask__syringe__and_passport_for_a_pandemic-ready_journey..jpg,data/raw\8830695_Essential_travel_safety_items_including_mask__syringe__and_passport_for_a_pandemic-ready_journey..jpg,"Essential travel safety items including mask, syringe, and passport for a pandemic-ready journey.",,4160,6240,#E8CF7D,,,,,Nataliya Vaitkevich,,https://www.pexels.com/@n-voitkevich,https://www.pexels.com/photo/passport-a-face-mask-a-vaccine-and-beads-spelling-out-safe-travel-wishes-8830695/,,https://images.pexels.com/photos/8830695/pexels-photo-8830695.jpeg?auto=compress&cs=tinysrgb&h=650&w=940,https://images.pexels.com/photos/8830695/pexels-photo-8830695.jpeg?auto=compress&cs=tinysrgb&h=130,https://images.pexels.com/photos/8830695/pexels-photo-8830695.jpeg,pexels,success,0.0,0.0,0.95,['vaccination'],unknown,图片中没有出现人体，因此没有人员。疫苗瓶和注射器暗示了疫苗接种场景，但没有医务人员或防护装备。,"```json
{
  ""has_people"": 0,
  ""has_protective_medical_staff"": 0,
  ""confidence"": 0.95,
  ""tags"": [""vaccination""],
  ""reason"": ""图片中没有出现人体，因此没有人员。疫苗瓶和注射器暗示了疫苗接种场景，但没有医务人员或防护装备。""
}
```",
5863358,covid 19,5863358_Close-up_of_medical_syringe__vials__and_ampoules_on_a_teal_surface_showcasing_healthcare_essentials..jpg,data/raw\5863358_Close-up_of_medical_syringe__vials__and_ampoules_on_a_teal_surface_showcasing_healthcare_essentials..jpg,"Close-up of medical syringe, vials, and ampoules on a teal surface showcasing healthcare essentials.",,4160,6240,#8BB7C0,,,,,Nataliya Vaitkevich,,https://www.pexels.com/@n-voitkevich,https://www.pexels.com/photo/covid-19-vaccine-ampoules-and-syringe-5863358/,,https://images.pexels.com/photos/5863358/pexels-photo-5863358.jpeg?auto=compress&cs=tinysrgb&h=650&w=940,https://images.pexels.com/photos/5863358/pexels-photo-5863358.jpeg?auto=compress&cs=tinysrgb&h=130,https://images.pexels.com/photos/5863358/pexels-photo-5863358.jpeg,pexels,success,0.0,0.0,0.95,['vaccination'],unknown,图片中有疫苗注射器和药瓶，通常与疫苗接种相关。,"```json
{
  ""has_people"": 0,
  ""has_protective_medical_staff"": 0,
  ""confidence"": 0.95,
  ""tags"": [""vaccination""],
  ""reason"": ""图片中有疫苗注射器和药瓶，通常与疫苗接种相关。""
}
```",
11624158,covid 19,11624158_Isolated_COVID-19_rapid_antigen_test_on_a_white_background__showing_test_and_control_lines..jpg,data/raw\11624158_Isolated_COVID-19_rapid_antigen_test_on_a_white_background__showing_test_and_control_lines..jpg,"Isolated COVID-19 rapid antigen test on a white background, showing test and control lines.",,4800,3200,#E2E3E8,,,,,adrian vieriu,,https://www.pexels.com/@printexstar,https://www.pexels.com/photo/a-white-rapid-antigen-test-sample-11624158/,,https://images.pexels.com/photos/11624158/pexels-photo-11624158.jpeg?auto=compress&cs=tinysrgb&h=650&w=940,https://images.pexels.com/photos/11624158/pexels-photo-11624158.jpeg?auto=compress&cs=tinysrgb&h=130,https://images.pexels.com/photos/11624158/pexels-photo-11624158.jpeg,pexels,success,0.0,0.0,0.95,['testing'],unknown,图像中没有显示人或医务人员，只显示了一个测试条形码。,"```json
{
  ""has_people"": 0,
  ""has_protective_medical_staff"": 0,
  ""confidence"": 0.95,
  ""tags"": [""testing""],
  ""reason"": ""图像中没有显示人或医务人员，只显示了一个测试条形码。""
}
```",
11272433,covid 19,11272433_Healthcare_professional_measuring_patient_s_blood_pressure_in_a_medical_setting..jpg,data/raw\11272433_Healthcare_professional_measuring_patient_s_blood_pressure_in_a_medical_setting..jpg,Healthcare professional measuring patient's blood pressure in a medical setting.,,3984,2656,#717167,,,,,Mufid Majnun,,https://www.pexels.com/@mufidpwt,https://www.pexels.com/photo/man-in-brown-button-up-shirt-wearing-black-framed-eyeglasses-11272433/,,https://images.pexels.com/photos/11272433/pexels-photo-11272433.jpeg?auto=compress&cs=tinysrgb&h=650&w=940,https://images.pexels.com/photos/11272433/pexels-photo-11272433.jpeg?auto=compress&cs=tinysrgb&h=130,https://images.pexels.com/photos/11272433/pexels-photo-11272433.jpeg,pexels,success,1.0,1.0,0.95,"['doctor', 'nurse', 'medical_staff', 'ppe', 'protective_suit', 'mask', 'face_shield']",unknown,图片中有两名穿着防护服和口罩的人员，其中一人正在给另一人测量血压，符合医务人员的特征。,"```json
{
  ""has_people"": 1,
  ""has_protective_medical_staff"": 1,
  ""confidence"": 0.95,
  ""tags"": [""doctor"", ""nurse"", ""medical_staff"", ""ppe"", ""protective_suit"", ""mask"", ""face_shield""],
  ""reason"": ""图片中有两名穿着防护服和口罩的人员，其中一人正在给另一人测量血压，符合医务人员的特征。""
}
```",
11623665,covid 19,11623665_Medical_professional_conducts_COVID-19_swab_test_with_protective_gear..jpg,data/raw\11623665_Medical_professional_conducts_COVID-19_swab_test_with_protective_gear..jpg,Medical professional conducts COVID-19 swab test with protective gear.,,4800,3200,#A9B1BE,,,,,adrian vieriu,,https://www.pexels.com/@printexstar,https://www.pexels.com/photo/a-medical-professional-swabbing-a-patient-11623665/,,https://images.pexels.com/photos/11623665/pexels-photo-11623665.jpeg?auto=compress&cs=tinysrgb&h=650&w=940,https://images.pexels.com/photos/11623665/pexels-photo-11623665.jpeg?auto=compress&cs=tinysrgb&h=130,https://images.pexels.com/photos/11623665/pexels-photo-11623665.jpeg,pexels,success,1.0,1.0,0.95,"['doctor', 'nurse', 'medical_staff', 'ppe', 'protective_suit', 'mask', 'face_shield', 'gloves']",unknown,图片中有穿着防护服和口罩的医务人员正在对患者进行检查。,"```json
{
  ""has_people"": 1,
  ""has_protective_medical_staff"": 1,
  ""confidence"": 0.95,
  ""tags"": [""doctor"", ""nurse"", ""medical_staff"", ""ppe"", ""protective_suit"", ""mask"", ""face_shield"", ""gloves""],
  ""reason"": ""图片中有穿着防护服和口罩的医务人员正在对患者进行检查。""
}
```",
6075025,covid 19,6075025_From_above_of_vaccine_for_coronavirus_in_ampoules_near_glass_bottles_with_liquid_in_laboratory.jpg,data/raw\6075025_From_above_of_vaccine_for_coronavirus_in_ampoules_near_glass_bottles_with_liquid_in_laboratory.jpg,From above of vaccine for coronavirus in ampoules near glass bottles with liquid in laboratory,,4153,2768,#72329C,,,,,Alena Shekhovtcova,,https://www.pexels.com/@alena-shekhovtcova,https://www.pexels.com/photo/ampoules-with-vaccine-for-covid-19-near-glass-flasks-6075025/,,https://images.pexels.com/photos/6075025/pexels-photo-6075025.jpeg?auto=compress&cs=tinysrgb&h=650&w=940,https://images.pexels.com/photos/6075025/pexels-photo-6075025.jpeg?auto=compress&cs=tinysrgb&h=130,https://images.pexels.com/photos/6075025/pexels-photo-6075025.jpeg,pexels,success,0.0,0.0,0.95,['vaccination'],unknown,图片中展示的是疫苗瓶和注射器，没有显示人或医务人员。,"```json
{
  ""has_people"": 0,
  ""has_protective_medical_staff"": 0,
  ""confidence"": 0.95,
  ""tags"": [""vaccination""],
  ""reason"": ""图片中展示的是疫苗瓶和注射器，没有显示人或医务人员。""
}
```",
8926691,covid 19,8926691_Erlenmeyer_flask_with_red_liquid_labeled__COVID_KILLER__surrounded_by_fog_in_a_laboratory_setting..jpg,data/raw\8926691_Erlenmeyer_flask_with_red_liquid_labeled__COVID_KILLER__surrounded_by_fog_in_a_laboratory_setting..jpg,Erlenmeyer flask with red liquid labeled 'COVID KILLER' surrounded by fog in a laboratory setting.,,4065,2710,#DBD3D1,,,,,cottonbro studio,,https://www.pexels.com/@cottonbro,https://www.pexels.com/photo/erlenmeyer-flask-on-a-white-surface-8926691/,,https://images.pexels.com/photos/8926691/pexels-photo-8926691.jpeg?auto=compress&cs=tinysrgb&h=650&w=940,https://images.pexels.com/photos/8926691/pexels-photo-8926691.jpeg?auto=compress&cs=tinysrgb&h=130,https://images.pexels.com/photos/8926691/pexels-photo-8926691.jpeg,pexels,success,0.0,0.0,0.95,['covid_sign'],unknown,图片中只有一个标有 'COVID KILLER' 的瓶子，没有显示任何人体或医务人员。,"```json
{
  ""has_people"": 0,
  ""has_protective_medical_staff"": 0,
  ""confidence"": 0.95,
  ""tags"": [""covid_sign""],
  ""reason"": ""图片中只有一个标有 'COVID KILLER' 的瓶子，没有显示任何人体或医务人员。""
}
```",
3989284,covid 19,3989284_Vibrant_image_of_gloved_hand_holding_spray_bottle_with__Stay_Home_Save_Lives__message..jpg,data/raw\3989284_Vibrant_image_of_gloved_hand_holding_spray_bottle_with__Stay_Home_Save_Lives__message..jpg,Vibrant image of gloved hand holding spray bottle with 'Stay Home Save Lives' message.,,3172,5640,#DDC228,,,,,Aleksandar Pasaric,,https://www.pexels.com/@apasaric,https://www.pexels.com/photo/person-holding-yellow-and-white-labeled-bottle-3989284/,,https://images.pexels.com/photos/3989284/pexels-photo-3989284.jpeg?auto=compress&cs=tinysrgb&h=650&w=940,https://images.pexels.com/photos/3989284/pexels-photo-3989284.jpeg?auto=compress&cs=tinysrgb&h=130,https://images.pexels.com/photos/3989284/pexels-photo-3989284.jpeg,pexels,success,1.0,0.0,0.95,"['nurse', 'ppe', 'gloves']",unknown,"图片中有一只戴着蓝色手套的手拿着一瓶消毒液，瓶身上有护士形象和文字 'Stay Home, Save Lives'，因此可以推断出这是在进行卫生防护工作。","```json
{
  ""has_people"": 1,
  ""has_protective_medical_staff"": 0,
  ""confidence"": 0.95,
  ""tags"": [""nurse"", ""ppe"", ""gloves""],
  ""reason"": ""图片中有一只戴着蓝色手套的手拿着一瓶消毒液，瓶身上有护士形象和文字 'Stay Home, Save Lives'，因此可以推断出这是在进行卫生防护工作。""
}
```",
6285366,covid 19,6285366_Gloved_hands_holding_a_labeled_coronavirus_vaccine_vial__representing_healthcare_and_laboratory_research..jpg,data/raw\6285366_Gloved_hands_holding_a_labeled_coronavirus_vaccine_vial__representing_healthcare_and_laboratory_research..jpg,"Gloved hands holding a labeled coronavirus vaccine vial, representing healthcare and laboratory research.",,5760,3840,#989E8B,,,,,Gustavo Fring,,https://www.pexels.com/@gustavo-fring,https://www.pexels.com/photo/person-in-surgical-gloves-holding-tubes-in-a-laboratory-6285366/,,https://images.pexels.com/photos/6285366/pexels-photo-6285366.jpeg?auto=compress&cs=tinysrgb&h=650&w=940,https://images.pexels.com/photos/6285366/pexels-photo-6285366.jpeg?auto=compress&cs=tinysrgb&h=130,https://images.pexels.com/photos/6285366/pexels-photo-6285366.jpeg,pexels,success,1.0,1.0,0.95,"['nurse', 'ppe', 'gloves']",unknown,图片中有穿着防护手套和防护服的人，标签中包含“nurse”、“ppe”和“gloves”，符合医护人员穿着防护装备的特征。,"```json
{
  ""has_people"": 1,
  ""has_protective_medical_staff"": 1,
  ""confidence"": 0.95,
  ""tags"": [""nurse"", ""ppe"", ""gloves""],
  ""reason"": ""图片中有穿着防护手套和防护服的人，标签中包含“nurse”、“ppe”和“gloves”，符合医护人员穿着防护装备的特征。""
}
```",
4702155,covid 19,4702155_Signboard_with_inscription_on_women_toilet_door_indicating_on_Toilets_closed_due_to_coronavirus.jpg,data/raw\4702155_Signboard_with_inscription_on_women_toilet_door_indicating_on_Toilets_closed_due_to_coronavirus.jpg,Signboard with inscription on women toilet door indicating on Toilets closed due to coronavirus,,4347,4096,#3A3631,,,,,Ellie Burgin,,https://www.pexels.com/@ellie-burgin-1661546,https://www.pexels.com/photo/paper-with-notification-on-toilet-door-4702155/,,https://images.pexels.com/photos/4702155/pexels-photo-4702155.jpeg?auto=compress&cs=tinysrgb&h=650&w=940,https://images.pexels.com/photos/4702155/pexels-photo-4702155.jpeg?auto=compress&cs=tinysrgb&h=130,https://images.pexels.com/photos/4702155/pexels-photo-4702155.jpeg,pexels,success,0.0,0.0,0.95,['covid_sign'],unknown,门上贴有“由于冠状病毒关闭厕所”的标志，没有看到人或医务人员。,"```json
{
  ""has_people"": 0,
  ""has_protective_medical_staff"": 0,
  ""confidence"": 0.95,
  ""tags"": [""covid_sign""],
  ""reason"": ""门上贴有“由于冠状病毒关闭厕所”的标志，没有看到人或医务人员。""
}
```",
13035736,covid 19,13035736_Smartphone_with_coronavirus_updates_and_world_map_showing_the_impact_of_COVID-19..jpg,data/raw\13035736_Smartphone_with_coronavirus_updates_and_world_map_showing_the_impact_of_COVID-19..jpg,Smartphone with coronavirus updates and world map showing the impact of COVID-19.,,8320,5210,#CCC6CA,,,,,Obi Onyeador,,https://www.pexels.com/@obi-onyeador-1787470,https://www.pexels.com/photo/a-close-up-shot-of-articles-of-the-novel-coronavirus-13035736/,,https://images.pexels.com/photos/13035736/pexels-photo-13035736.jpeg?auto=compress&cs=tinysrgb&h=650&w=940,https://images.pexels.com/photos/13035736/pexels-photo-13035736.jpeg?auto=compress&cs=tinysrgb&h=130,https://images.pexels.com/photos/13035736/pexels-photo-13035736.jpeg,pexels,success,1.0,0.0,0.95,"['nurse', 'ppe', 'mask']",unknown,图片中有穿防护服的医务人员,"```json
{
  ""has_people"": 1,
  ""has_protective_medical_staff"": 0,
  ""confidence"": 0.95,
  ""tags"": [""nurse"", ""ppe"", ""mask""],
  ""reason"": ""图片中有穿防护服的医务人员""
}
```",
11048535,covid 19,11048535_Close-up_of_a_COVID-19_at-home_test_kit_with_packaging_and_test_components_displayed..jpg,data/raw\11048535_Close-up_of_a_COVID-19_at-home_test_kit_with_packaging_and_test_components_displayed..jpg,Close-up of a COVID-19 at-home test kit with packaging and test components displayed.,,3872,2393,#605A5A,,,,,Sarah Blocksidge,,https://www.pexels.com/@sarah-blocksidge-69426152,https://www.pexels.com/photo/a-covid-19-at-home-test-kit-with-negative-result-11048535/,,https://images.pexels.com/photos/11048535/pexels-photo-11048535.jpeg?auto=compress&cs=tinysrgb&h=650&w=940,https://images.pexels.com/photos/11048535/pexels-photo-11048535.jpeg?auto=compress&cs=tinysrgb&h=130,https://images.pexels.com/photos/11048535/pexels-photo-11048535.jpeg,pexels,success,0.0,0.0,0.95,['testing'],unknown,图片中只显示了新冠病毒检测设备，没有出现人员或医务人员。,"```json
{
  ""has_people"": 0,
  ""has_protective_medical_staff"": 0,
  ""confidence"": 0.95,
  ""tags"": [""testing""],
  ""reason"": ""图片中只显示了新冠病毒检测设备，没有出现人员或医务人员。""
}
```",
5994667,covid 19,5994667_Multiple_vials_of_COVID-19_vaccine_arranged_on_a_blue_background..jpg,data/raw\5994667_Multiple_vials_of_COVID-19_vaccine_arranged_on_a_blue_background..jpg,Multiple vials of COVID-19 vaccine arranged on a blue background.,,4431,6647,#9DD8EF,,,,,Maksim Goncharenok,,https://www.pexels.com/@maksgelatin,https://www.pexels.com/photo/vaccine-vials-on-a-blue-surface-5994667/,,https://images.pexels.com/photos/5994667/pexels-photo-5994667.jpeg?auto=compress&cs=tinysrgb&h=650&w=940,https://images.pexels.com/photos/5994667/pexels-photo-5994667.jpeg?auto=compress&cs=tinysrgb&h=130,https://images.pexels.com/photos/5994667/pexels-photo-5994667.jpeg,pexels,success,0.0,0.0,0.95,['vaccination'],unknown,图片中显示的是疫苗瓶，没有出现人员或防护服。,"```json
{
  ""has_people"": 0,
  ""has_protective_medical_staff"": 0,
  ""confidence"": 0.95,
  ""tags"": [""vaccination""],
  ""reason"": ""图片中显示的是疫苗瓶，没有出现人员或防护服。""
}
```",
5995262,covid 19,5995262_Hands_in_blue_gloves_holding_COVID-19_vaccine_and_syringe_against_a_green_backdrop..jpg,data/raw\5995262_Hands_in_blue_gloves_holding_COVID-19_vaccine_and_syringe_against_a_green_backdrop..jpg,Hands in blue gloves holding COVID-19 vaccine and syringe against a green backdrop.,,2987,4480,#26998C,,,,,Maksim Goncharenok,,https://www.pexels.com/@maksgelatin,https://www.pexels.com/photo/a-person-holding-white-labeled-vaccine-bottle-5995262/,,https://images.pexels.com/photos/5995262/pexels-photo-5995262.jpeg?auto=compress&cs=tinysrgb&h=650&w=940,https://images.pexels.com/photos/5995262/pexels-photo-5995262.jpeg?auto=compress&cs=tinysrgb&h=130,https://images.pexels.com/photos/5995262/pexels-photo-5995262.jpeg,pexels,success,1.0,1.0,0.95,"['doctor', 'nurse', 'medical_staff', 'ppe', 'protective_suit', 'mask', 'face_shield', 'gloves']",unknown,图片中有穿着防护手套和防护服的手，背景是疫苗接种场景。,"```json
{
  ""has_people"": 1,
  ""has_protective_medical_staff"": 1,
  ""confidence"": 0.95,
  ""tags"": [""doctor"", ""nurse"", ""medical_staff"", ""ppe"", ""protective_suit"", ""mask"", ""face_shield"", ""gloves""],
  ""reason"": ""图片中有穿着防护手套和防护服的手，背景是疫苗接种场景。""
}
```",
5995303,covid 19,5995303_COVID-19_vaccine_vial_against_vibrant_red_and_blue_background__studio_shot..jpg,data/raw\5995303_COVID-19_vaccine_vial_against_vibrant_red_and_blue_background__studio_shot..jpg,"COVID-19 vaccine vial against vibrant red and blue background, studio shot.",,4364,6546,#9C444E,,,,,Maksim Goncharenok,,https://www.pexels.com/@maksgelatin,https://www.pexels.com/photo/white-labeled-vaccine-bottle-5995303/,,https://images.pexels.com/photos/5995303/pexels-photo-5995303.jpeg?auto=compress&cs=tinysrgb&h=650&w=940,https://images.pexels.com/photos/5995303/pexels-photo-5995303.jpeg?auto=compress&cs=tinysrgb&h=130,https://images.pexels.com/photos/5995303/pexels-photo-5995303.jpeg,pexels,success,0.0,0.0,0.95,['vaccination'],unknown,图片中只有一个疫苗瓶，没有显示任何人体或医务人员。,"```json
{
  ""has_people"": 0,
  ""has_protective_medical_staff"": 0,
  ""confidence"": 0.95,
  ""tags"": [""vaccination""],
  ""reason"": ""图片中只有一个疫苗瓶，没有显示任何人体或医务人员。""
}
```",
5995257,covid 19,5995257_Medical_professional_holding_a_COVID-19_vaccine_vial__symbolizing_hope_and_healthcare..jpg,data/raw\5995257_Medical_professional_holding_a_COVID-19_vaccine_vial__symbolizing_hope_and_healthcare..jpg,"Medical professional holding a COVID-19 vaccine vial, symbolizing hope and healthcare.",,6577,4385,#489794,,,,,Maksim Goncharenok,,https://www.pexels.com/@maksgelatin,https://www.pexels.com/photo/a-person-holding-a-vaccine-bottle-5995257/,,https://images.pexels.com/photos/5995257/pexels-photo-5995257.jpeg?auto=compress&cs=tinysrgb&h=650&w=940,https://images.pexels.com/photos/5995257/pexels-photo-5995257.jpeg?auto=compress&cs=tinysrgb&h=130,https://images.pexels.com/photos/5995257/pexels-photo-5995257.jpeg,pexels,success,1.0,1.0,0.95,"['doctor', 'nurse', 'medical_staff', 'ppe', 'protective_suit', 'mask', 'face_shield', 'gloves']",unknown,图片中显示了一位穿着防护服和口罩的医务人员，手持疫苗瓶。,"```json
{
  ""has_people"": 1,
  ""has_protective_medical_staff"": 1,
  ""confidence"": 0.95,
  ""tags"": [""doctor"", ""nurse"", ""medical_staff"", ""ppe"", ""protective_suit"", ""mask"", ""face_shield"", ""gloves""],
  ""reason"": ""图片中显示了一位穿着防护服和口罩的医务人员，手持疫苗瓶。""
}
```",
12190237,covid 19,12190237_Medical_professionals_in_protective_gear_near_restroom_in_Shanghai_building..jpg,data/raw\12190237_Medical_professionals_in_protective_gear_near_restroom_in_Shanghai_building..jpg,Medical professionals in protective gear near restroom in Shanghai building.,,3936,2624,#40494E,,,,,Ayder Izzy,,https://www.pexels.com/@izzy,https://www.pexels.com/photo/medical-practitioners-in-their-personal-protective-equipment-12190237/,,https://images.pexels.com/photos/12190237/pexels-photo-12190237.jpeg?auto=compress&cs=tinysrgb&h=650&w=940,https://images.pexels.com/photos/12190237/pexels-photo-12190237.jpeg?auto=compress&cs=tinysrgb&h=130,https://images.pexels.com/photos/12190237/pexels-photo-12190237.jpeg,pexels,success,1.0,1.0,0.98,"['medical_staff', 'ppe', 'mask', 'face_shield']",unknown,图片中有穿着防护服和口罩的人员，符合医务人员的标准。,"```json
{
  ""has_people"": 1,
  ""has_protective_medical_staff"": 1,
  ""confidence"": 0.98,
  ""tags"": [""medical_staff"", ""ppe"", ""mask"", ""face_shield""],
  ""reason"": ""图片中有穿着防护服和口罩的人员，符合医务人员的标准。""
}
```",
7000183,covid 19,7000183_Portrait_of_an_Asian_woman_adjusting_her_face_mask__representing_new_normal_healthcare_practices..jpg,data/raw\7000183_Portrait_of_an_Asian_woman_adjusting_her_face_mask__representing_new_normal_healthcare_practices..jpg,"Portrait of an Asian woman adjusting her face mask, representing new normal healthcare practices.",,4069,6103,#4A4339,,,,,cottonbro studio,,https://www.pexels.com/@cottonbro,https://www.pexels.com/photo/a-woman-wearing-a-face-mask-7000183/,,https://images.pexels.com/photos/7000183/pexels-photo-7000183.jpeg?auto=compress&cs=tinysrgb&h=650&w=940,https://images.pexels.com/photos/7000183/pexels-photo-7000183.jpeg?auto=compress&cs=tinysrgb&h=130,https://images.pexels.com/photos/7000183/pexels-photo-7000183.jpeg,pexels,success,1.0,0.0,0.95,"['ppe', 'mask']",unknown,图片中的人戴着口罩，但没有明显的防护服或医疗装备。,"```json
{
  ""has_people"": 1,
  ""has_protective_medical_staff"": 0,
  ""confidence"": 0.95,
  ""tags"": [""ppe"", ""mask""],
  ""reason"": ""图片中的人戴着口罩，但没有明显的防护服或医疗装备。""
}
```",
5994802,covid 19,5994802_COVID-19_vaccine_vials_aligned_on_a_blue_background_for_healthcare_concept..jpg,data/raw\5994802_COVID-19_vaccine_vials_aligned_on_a_blue_background_for_healthcare_concept..jpg,COVID-19 vaccine vials aligned on a blue background for healthcare concept.,,4480,6720,#89CDE3,,,,,Maksim Goncharenok,,https://www.pexels.com/@maksgelatin,https://www.pexels.com/photo/lined-up-covid-vaccines-on-blue-surface-5994802/,,https://images.pexels.com/photos/5994802/pexels-photo-5994802.jpeg?auto=compress&cs=tinysrgb&h=650&w=940,https://images.pexels.com/photos/5994802/pexels-photo-5994802.jpeg?auto=compress&cs=tinysrgb&h=130,https://images.pexels.com/photos/5994802/pexels-photo-5994802.jpeg,pexels,success,0.0,0.0,0.95,"['vaccine', 'vaccination']",unknown,图片中没有显示任何人体或医务人员，因此没有人员和防护服医务人员。,"```json
{
  ""has_people"": 0,
  ""has_protective_medical_staff"": 0,
  ""confidence"": 0.95,
  ""tags"": [""vaccine"", ""vaccination""],
  ""reason"": ""图片中没有显示任何人体或医务人员，因此没有人员和防护服医务人员。""
}
```",
5994526,covid 19,5994526_Array_of_COVID-19_vaccine_vials_and_various_pills_on_a_vibrant_red_surface__showcasing_medicine_and_healthcare_themes..jpg,data/raw\5994526_Array_of_COVID-19_vaccine_vials_and_various_pills_on_a_vibrant_red_surface__showcasing_medicine_and_healthcare_themes..jpg,"Array of COVID-19 vaccine vials and various pills on a vibrant red surface, showcasing medicine and healthcare themes.",,6720,4480,#CC3431,,,,,Maksim Goncharenok,,https://www.pexels.com/@maksgelatin,https://www.pexels.com/photo/tablets-capsules-and-vials-on-a-red-surface-5994526/,,https://images.pexels.com/photos/5994526/pexels-photo-5994526.jpeg?auto=compress&cs=tinysrgb&h=650&w=940,https://images.pexels.com/photos/5994526/pexels-photo-5994526.jpeg?auto=compress&cs=tinysrgb&h=130,https://images.pexels.com/photos/5994526/pexels-photo-5994526.jpeg,pexels,success,0.0,0.0,0.95,['vaccination'],unknown,图片中没有显示人，但有疫苗瓶和药片，暗示了与疫苗接种相关的场景。,"```json
{
  ""has_people"": 0,
  ""has_protective_medical_staff"": 0,
  ""confidence"": 0.95,
  ""tags"": [""vaccination""],
  ""reason"": ""图片中没有显示人，但有疫苗瓶和药片，暗示了与疫苗接种相关的场景。""
}
```",
8413341,covid 19,8413341_Close-up_of_a_gloved_hand_holding_two_vaccine_vials__emphasizing_medical_readiness..jpg,data/raw\8413341_Close-up_of_a_gloved_hand_holding_two_vaccine_vials__emphasizing_medical_readiness..jpg,"Close-up of a gloved hand holding two vaccine vials, emphasizing medical readiness.",,4000,6000,#ADC0CE,,,,,SHVETS production,,https://www.pexels.com/@shvets-production,https://www.pexels.com/photo/vials-of-vaccine-on-a-hand-8413341/,,https://images.pexels.com/photos/8413341/pexels-photo-8413341.jpeg?auto=compress&cs=tinysrgb&h=650&w=940,https://images.pexels.com/photos/8413341/pexels-photo-8413341.jpeg?auto=compress&cs=tinysrgb&h=130,https://images.pexels.com/photos/8413341/pexels-photo-8413341.jpeg,pexels,success,1.0,1.0,0.95,"['nurse', 'ppe', 'gloves']",unknown,图片中有一只戴着蓝色手套的手，手套上有疫苗的标签，符合医务人员佩戴防护装备和手套的特征。,"```json
{
  ""has_people"": 1,
  ""has_protective_medical_staff"": 1,
  ""confidence"": 0.95,
  ""tags"": [""nurse"", ""ppe"", ""gloves""],
  ""reason"": ""图片中有一只戴着蓝色手套的手，手套上有疫苗的标签，符合医务人员佩戴防护装备和手套的特征。""
}
```",
4098560,covid 19,4098560_Closeup_white_page_of_article_with_black_font_about_coronavirus_pandemic_research_and_economy_impact.jpg,data/raw\4098560_Closeup_white_page_of_article_with_black_font_about_coronavirus_pandemic_research_and_economy_impact.jpg,Closeup white page of article with black font about coronavirus pandemic research and economy impact,,5760,3840,#756A64,,,,,Kelly,,https://www.pexels.com/@kelly,https://www.pexels.com/photo/page-with-text-about-coronavirus-4098560/,,https://images.pexels.com/photos/4098560/pexels-photo-4098560.jpeg?auto=compress&cs=tinysrgb&h=650&w=940,https://images.pexels.com/photos/4098560/pexels-photo-4098560.jpeg?auto=compress&cs=tinysrgb&h=130,https://images.pexels.com/photos/4098560/pexels-photo-4098560.jpeg,pexels,success,0.0,0.0,0.95,"['coronavirus', 'financially struggling']",unknown,图片内容主要关于冠状病毒和财务困境，没有显示任何与医疗或防护相关的元素。,"```json
{
  ""has_people"": 0,
  ""has_protective_medical_staff"": 0,
  ""confidence"": 0.95,
  ""tags"": [""coronavirus"", ""financially struggling""],
  ""reason"": ""图片内容主要关于冠状病毒和财务困境，没有显示任何与医疗或防护相关的元素。""
}
```",
6074917,covid 19,6074917_Top_view_ampoules_of_COVID_19_vaccine_with_syringes_filled_with_remedy_placed_on_pink_surface_near_scattered_pills_and_c.jpg,data/raw\6074917_Top_view_ampoules_of_COVID_19_vaccine_with_syringes_filled_with_remedy_placed_on_pink_surface_near_scattered_pills_and_c.jpg,Top view ampoules of COVID 19 vaccine with syringes filled with remedy placed on pink surface near scattered pills and capsules,,2280,3420,#DD9AAC,,,,,Alena Shekhovtcova,,https://www.pexels.com/@alena-shekhovtcova,https://www.pexels.com/photo/ampoules-and-syringes-of-covid-19-vaccine-arranged-with-drugs-and-vitamins-6074917/,,https://images.pexels.com/photos/6074917/pexels-photo-6074917.jpeg?auto=compress&cs=tinysrgb&h=650&w=940,https://images.pexels.com/photos/6074917/pexels-photo-6074917.jpeg?auto=compress&cs=tinysrgb&h=130,https://images.pexels.com/photos/6074917/pexels-photo-6074917.jpeg,pexels,success,0.0,0.0,0.95,"['vaccination', 'covid_sign']",unknown,图片中没有出现任何人物或医疗人员，主要展示的是疫苗和注射器等疫苗接种相关物品。,"```json
{
  ""has_people"": 0,
  ""has_protective_medical_staff"": 0,
  ""confidence"": 0.95,
  ""tags"": [""vaccination"", ""covid_sign""],
  ""reason"": ""图片中没有出现任何人物或医疗人员，主要展示的是疫苗和注射器等疫苗接种相关物品。""
}
```",
5994657,covid 19,5994657_Macro_shot_of_a_COVID-19_vaccine_vial_labeled__Injection_Only__on_a_blue_backdrop..jpg,data/raw\5994657_Macro_shot_of_a_COVID-19_vaccine_vial_labeled__Injection_Only__on_a_blue_backdrop..jpg,Macro shot of a COVID-19 vaccine vial labeled 'Injection Only' on a blue backdrop.,,2933,4399,#8ED0E8,,,,,Maksim Goncharenok,,https://www.pexels.com/@maksgelatin,https://www.pexels.com/photo/close-up-photo-of-a-covid-vaccine-5994657/,,https://images.pexels.com/photos/5994657/pexels-photo-5994657.jpeg?auto=compress&cs=tinysrgb&h=650&w=940,https://images.pexels.com/photos/5994657/pexels-photo-5994657.jpeg?auto=compress&cs=tinysrgb&h=130,https://images.pexels.com/photos/5994657/pexels-photo-5994657.jpeg,pexels,success,0.0,0.0,0.95,['vaccination'],unknown,图片中有疫苗瓶，但没有显示人或医务人员。,"```json
{
  ""has_people"": 0,
  ""has_protective_medical_staff"": 0,
  ""confidence"": 0.95,
  ""tags"": [""vaccination""],
  ""reason"": ""图片中有疫苗瓶，但没有显示人或医务人员。""
}
```",
5921920,covid 19,5921920_Bold_black__COVID_Guard__text_displayed_against_a_vivid_yellow_backdrop__conveying_health_protection_message..jpg,data/raw\5921920_Bold_black__COVID_Guard__text_displayed_against_a_vivid_yellow_backdrop__conveying_health_protection_message..jpg,"Bold black 'COVID Guard' text displayed against a vivid yellow backdrop, conveying health protection message.",,4457,6685,#FAD76A,,,,,Thirdman,,https://www.pexels.com/@thirdman,https://www.pexels.com/photo/covid-text-5921920/,,https://images.pexels.com/photos/5921920/pexels-photo-5921920.jpeg?auto=compress&cs=tinysrgb&h=650&w=940,https://images.pexels.com/photos/5921920/pexels-photo-5921920.jpeg?auto=compress&cs=tinysrgb&h=130,https://images.pexels.com/photos/5921920/pexels-photo-5921920.jpeg,pexels,success,0.0,0.0,0.95,['covid_sign'],unknown,图片上只有“COVID GUARD”字样，没有显示任何人物或防护装备。,"```json
{
  ""has_people"": 0,
  ""has_protective_medical_staff"": 0,
  ""confidence"": 0.95,
  ""tags"": [""covid_sign""],
  ""reason"": ""图片上只有“COVID GUARD”字样，没有显示任何人物或防护装备。""
}
```",
5994458,covid 19,5994458_Close-up_of_a_COVID-19_vaccine_vial_against_a_vivid_red_surface__symbolizing_health_and_vaccination..jpg,data/raw\5994458_Close-up_of_a_COVID-19_vaccine_vial_against_a_vivid_red_surface__symbolizing_health_and_vaccination..jpg,"Close-up of a COVID-19 vaccine vial against a vivid red surface, symbolizing health and vaccination.",,6281,4187,#E30A07,,,,,Maksim Goncharenok,,https://www.pexels.com/@maksgelatin,https://www.pexels.com/photo/a-vial-on-a-red-surface-5994458/,,https://images.pexels.com/photos/5994458/pexels-photo-5994458.jpeg?auto=compress&cs=tinysrgb&h=650&w=940,https://images.pexels.com/photos/5994458/pexels-photo-5994458.jpeg?auto=compress&cs=tinysrgb&h=130,https://images.pexels.com/photos/5994458/pexels-photo-5994458.jpeg,pexels,success,0.0,0.0,0.95,['vaccination'],unknown,图片中只有一个疫苗瓶，没有显示任何人体或医务人员。,"```json
{
  ""has_people"": 0,
  ""has_protective_medical_staff"": 0,
  ""confidence"": 0.95,
  ""tags"": [""vaccination""],
  ""reason"": ""图片中只有一个疫苗瓶，没有显示任何人体或医务人员。""
}
```",
6074937,covid 19,6074937_Top_view_set_of_small_glass_bottles_of_coronavirus_vaccine_arranged_on_pink_background.jpg,data/raw\6074937_Top_view_set_of_small_glass_bottles_of_coronavirus_vaccine_arranged_on_pink_background.jpg,Top view set of small glass bottles of coronavirus vaccine arranged on pink background,,6240,4160,#FCB0EC,,,,,Alena Shekhovtcova,,https://www.pexels.com/@alena-shekhovtcova,https://www.pexels.com/photo/glass-ampoules-of-covid-vaccine-on-pink-surface-6074937/,,https://images.pexels.com/photos/6074937/pexels-photo-6074937.jpeg?auto=compress&cs=tinysrgb&h=650&w=940,https://images.pexels.com/photos/6074937/pexels-photo-6074937.jpeg?auto=compress&cs=tinysrgb&h=130,https://images.pexels.com/photos/6074937/pexels-photo-6074937.jpeg,pexels,success,0.0,0.0,0.95,['vaccination'],unknown,图片中显示的是疫苗瓶，没有出现任何人体或医务人员。,"```json
{
  ""has_people"": 0,
  ""has_protective_medical_staff"": 0,
  ""confidence"": 0.95,
  ""tags"": [""vaccination""],
  ""reason"": ""图片中显示的是疫苗瓶，没有出现任何人体或医务人员。""
}
```",
9240703,covid 19,9240703_Close-up_of_gloved_hand_holding_a_Moderna_COVID-19_vaccine_vial__symbolizing_immunization_and_protection..jpg,data/raw\9240703_Close-up_of_gloved_hand_holding_a_Moderna_COVID-19_vaccine_vial__symbolizing_immunization_and_protection..jpg,"Close-up of gloved hand holding a Moderna COVID-19 vaccine vial, symbolizing immunization and protection.",,3984,2656,#4E575E,,,,,Mufid Majnun,,https://www.pexels.com/@mufidpwt,https://www.pexels.com/photo/hands-wearing-gloves-while-holding-a-small-bottle-of-vaccine-9240703/,,https://images.pexels.com/photos/9240703/pexels-photo-9240703.jpeg?auto=compress&cs=tinysrgb&h=650&w=940,https://images.pexels.com/photos/9240703/pexels-photo-9240703.jpeg?auto=compress&cs=tinysrgb&h=130,https://images.pexels.com/photos/9240703/pexels-photo-9240703.jpeg,pexels,success,1.0,0.0,0.95,"['nurse', 'gloves']",unknown,图片中显示了一只戴着防护手套的手拿着疫苗瓶，符合医务人员使用防护手套的场景。,"```json
{
  ""has_people"": 1,
  ""has_protective_medical_staff"": 0,
  ""confidence"": 0.95,
  ""tags"": [""nurse"", ""gloves""],
  ""reason"": ""图片中显示了一只戴着防护手套的手拿着疫苗瓶，符合医务人员使用防护手套的场景。""
}
```",
9363416,covid 19,9363416_Moody_portrait_of_a_man_with_a_COVID-19_STOP_projection_on_yellow_background..jpg,data/raw\9363416_Moody_portrait_of_a_man_with_a_COVID-19_STOP_projection_on_yellow_background..jpg,Moody portrait of a man with a COVID-19 STOP projection on yellow background.,,4000,6000,#5E6834,,,,,Lara Jameson,,https://www.pexels.com/@lara-jameson,https://www.pexels.com/photo/man-in-yellow-crew-neck-shirt-9363416/,,https://images.pexels.com/photos/9363416/pexels-photo-9363416.jpeg?auto=compress&cs=tinysrgb&h=650&w=940,https://images.pexels.com/photos/9363416/pexels-photo-9363416.jpeg?auto=compress&cs=tinysrgb&h=130,https://images.pexels.com/photos/9363416/pexels-photo-9363416.jpeg,pexels,success,1.0,0.0,0.95,"['ppe', 'mask', 'covid_sign']",unknown,图片中有一个人坐在地上，背景上有“COVID-19 STOP”的字样，这可能表示该人正在接受新冠病毒检测或与之相关。,"```json
{
  ""has_people"": 1,
  ""has_protective_medical_staff"": 0,
  ""confidence"": 0.95,
  ""tags"": [""ppe"", ""mask"", ""covid_sign""],
  ""reason"": ""图片中有一个人坐在地上，背景上有“COVID-19 STOP”的字样，这可能表示该人正在接受新冠病毒检测或与之相关。""
}
```",
4021262,covid 19,4021262_Blurred_world_map_with_total_number_of_people_infected_by_coronavirus_and_statistics_of_various_countries.jpg,data/raw\4021262_Blurred_world_map_with_total_number_of_people_infected_by_coronavirus_and_statistics_of_various_countries.jpg,Blurred world map with total number of people infected by coronavirus and statistics of various countries,,5954,3969,#503E40,,,,,Anton Uniqueton,,https://www.pexels.com/@uniqueton,https://www.pexels.com/photo/global-coronavirus-map-with-country-statistics-4021262/,,https://images.pexels.com/photos/4021262/pexels-photo-4021262.jpeg?auto=compress&cs=tinysrgb&h=650&w=940,https://images.pexels.com/photos/4021262/pexels-photo-4021262.jpeg?auto=compress&cs=tinysrgb&h=130,https://images.pexels.com/photos/4021262/pexels-photo-4021262.jpeg,pexels,success,0.0,0.0,0.95,['covid_sign'],unknown,图片中显示的是一个显示全球新冠肺炎确诊病例的地图，没有出现任何人员或医务人员。,"```json
{
  ""has_people"": 0,
  ""has_protective_medical_staff"": 0,
  ""confidence"": 0.95,
  ""tags"": [""covid_sign""],
  ""reason"": ""图片中显示的是一个显示全球新冠肺炎确诊病例的地图，没有出现任何人员或医务人员。""
}
```",
5863276,covid 19,5863276_Flat_lay_of_medical_vials_and_syringe_on_pink_background__symbolizing_vaccination_and_healthcare..jpg,data/raw\5863276_Flat_lay_of_medical_vials_and_syringe_on_pink_background__symbolizing_vaccination_and_healthcare..jpg,"Flat lay of medical vials and syringe on pink background, symbolizing vaccination and healthcare.",,3929,5894,#E5B5E2,,,,,Nataliya Vaitkevich,,https://www.pexels.com/@n-voitkevich,https://www.pexels.com/photo/covid-19-vaccine-in-brown-vials-5863276/,,https://images.pexels.com/photos/5863276/pexels-photo-5863276.jpeg?auto=compress&cs=tinysrgb&h=650&w=940,https://images.pexels.com/photos/5863276/pexels-photo-5863276.jpeg?auto=compress&cs=tinysrgb&h=130,https://images.pexels.com/photos/5863276/pexels-photo-5863276.jpeg,pexels,success,0.0,0.0,0.95,['vaccination'],unknown,图片中有疫苗注射器和药瓶，通常与疫苗接种相关。,"```json
{
  ""has_people"": 0,
  ""has_protective_medical_staff"": 0,
  ""confidence"": 0.95,
  ""tags"": [""vaccination""],
  ""reason"": ""图片中有疫苗注射器和药瓶，通常与疫苗接种相关。""
}
```",
3951608,covid 19,3951608_Conceptual_image_of_coronavirus_awareness_with_caution_tape_and_a_sign..jpg,data/raw\3951608_Conceptual_image_of_coronavirus_awareness_with_caution_tape_and_a_sign..jpg,Conceptual image of coronavirus awareness with caution tape and a sign.,,6000,4000,#C4C3B7,,,,,cottonbro studio,,https://www.pexels.com/@cottonbro,https://www.pexels.com/photo/person-holding-sign-3951608/,,https://images.pexels.com/photos/3951608/pexels-photo-3951608.jpeg?auto=compress&cs=tinysrgb&h=650&w=940,https://images.pexels.com/photos/3951608/pexels-photo-3951608.jpeg?auto=compress&cs=tinysrgb&h=130,https://images.pexels.com/photos/3951608/pexels-photo-3951608.jpeg,pexels,success,1.0,0.0,0.95,"['ppe', 'mask']",unknown,图片中有一个人手持一个标有'CORONAVIRUS'的标志牌，周围环绕着黄色的警戒带，这可能暗示该人穿着防护装备。,"```json
{
  ""has_people"": 1,
  ""has_protective_medical_staff"": 0,
  ""confidence"": 0.95,
  ""tags"": [""ppe"", ""mask""],
  ""reason"": ""图片中有一个人手持一个标有'CORONAVIRUS'的标志牌，周围环绕着黄色的警戒带，这可能暗示该人穿着防护装备。""
}
```",
5994788,covid 19,5994788_Close-up_of_COVID-19_vaccine_vials_and_syringe_on_a_blue_background__symbolizing_immunization..jpg,data/raw\5994788_Close-up_of_COVID-19_vaccine_vials_and_syringe_on_a_blue_background__symbolizing_immunization..jpg,"Close-up of COVID-19 vaccine vials and syringe on a blue background, symbolizing immunization.",,4181,6271,#72D0EB,,,,,Maksim Goncharenok,,https://www.pexels.com/@maksgelatin,https://www.pexels.com/photo/covid-vaccine-on-blue-background-5994788/,,https://images.pexels.com/photos/5994788/pexels-photo-5994788.jpeg?auto=compress&cs=tinysrgb&h=650&w=940,https://images.pexels.com/photos/5994788/pexels-photo-5994788.jpeg?auto=compress&cs=tinysrgb&h=130,https://images.pexels.com/photos/5994788/pexels-photo-5994788.jpeg,pexels,success,0.0,0.0,0.95,['vaccination'],unknown,图片中只包含疫苗和注射器，没有出现人员或医务人员。,"```json
{
  ""has_people"": 0,
  ""has_protective_medical_staff"": 0,
  ""confidence"": 0.95,
  ""tags"": [""vaccination""],
  ""reason"": ""图片中只包含疫苗和注射器，没有出现人员或医务人员。""
}
```",
5994567,covid 19,5994567_Hands_in_blue_gloves_holding_COVID-19_vaccine_vials_on_a_blue_background__signifying_immunization_and_healthcare..jpg,data/raw\5994567_Hands_in_blue_gloves_holding_COVID-19_vaccine_vials_on_a_blue_background__signifying_immunization_and_healthcare..jpg,"Hands in blue gloves holding COVID-19 vaccine vials on a blue background, signifying immunization and healthcare.",,4337,2892,#47A0BA,,,,,Maksim Goncharenok,,https://www.pexels.com/@maksgelatin,https://www.pexels.com/photo/people-holding-small-clear-glass-bottles-5994567/,,https://images.pexels.com/photos/5994567/pexels-photo-5994567.jpeg?auto=compress&cs=tinysrgb&h=650&w=940,https://images.pexels.com/photos/5994567/pexels-photo-5994567.jpeg?auto=compress&cs=tinysrgb&h=130,https://images.pexels.com/photos/5994567/pexels-photo-5994567.jpeg,pexels,success,1.0,0.0,0.95,"['nurse', 'gloves']",unknown,图片中有多个戴着蓝色手套的手，手套上可能有医疗标志，但没有明显的防护服或口罩等防护装备。,"```json
{
  ""has_people"": 1,
  ""has_protective_medical_staff"": 0,
  ""confidence"": 0.95,
  ""tags"": [""nurse"", ""gloves""],
  ""reason"": ""图片中有多个戴着蓝色手套的手，手套上可能有医疗标志，但没有明显的防护服或口罩等防护装备。""
}
```",
5995058,covid 19,5995058_Flat_lay_of_COVID-19_vaccine_vial__syringe__and_mask_on_blue_background__highlighting_pandemic_essentials..jpg,data/raw\5995058_Flat_lay_of_COVID-19_vaccine_vial__syringe__and_mask_on_blue_background__highlighting_pandemic_essentials..jpg,"Flat lay of COVID-19 vaccine vial, syringe, and mask on blue background, highlighting pandemic essentials.",,6720,4480,#15A8DD,,,,,Maksim Goncharenok,,https://www.pexels.com/@maksgelatin,https://www.pexels.com/photo/white-face-mask-on-blue-background-5995058/,,https://images.pexels.com/photos/5995058/pexels-photo-5995058.jpeg?auto=compress&cs=tinysrgb&h=650&w=940,https://images.pexels.com/photos/5995058/pexels-photo-5995058.jpeg?auto=compress&cs=tinysrgb&h=130,https://images.pexels.com/photos/5995058/pexels-photo-5995058.jpeg,pexels,success,0.0,0.0,0.95,"['mask', 'vaccination']",unknown,图片中只包含一个口罩和疫苗瓶，没有显示任何人体或医务人员。,"```json
{
  ""has_people"": 0,
  ""has_protective_medical_staff"": 0,
  ""confidence"": 0.95,
  ""tags"": [""mask"", ""vaccination""],
  ""reason"": ""图片中只包含一个口罩和疫苗瓶，没有显示任何人体或医务人员。""
}
```",
4149035,covid 19,4149035_Scientist_in_PPE_examining_test_samples_in_a_laboratory_setting..jpg,data/raw\4149035_Scientist_in_PPE_examining_test_samples_in_a_laboratory_setting..jpg,Scientist in PPE examining test samples in a laboratory setting.,,6000,4000,#BAB6B7,,,,,Gustavo Fring,,https://www.pexels.com/@gustavo-fring,https://www.pexels.com/photo/photo-of-person-wearing-face-mask-and-protective-goggles-4149035/,,https://images.pexels.com/photos/4149035/pexels-photo-4149035.jpeg?auto=compress&cs=tinysrgb&h=650&w=940,https://images.pexels.com/photos/4149035/pexels-photo-4149035.jpeg?auto=compress&cs=tinysrgb&h=130,https://images.pexels.com/photos/4149035/pexels-photo-4149035.jpeg,pexels,success,1.0,1.0,0.95,"['doctor', 'ppe', 'mask', 'gloves']",unknown,图片中显示了一位穿着防护服和口罩的医务人员，正在使用试管进行操作。,"```json
{
  ""has_people"": 1,
  ""has_protective_medical_staff"": 1,
  ""confidence"": 0.95,
  ""tags"": [""doctor"", ""ppe"", ""mask"", ""gloves""],
  ""reason"": ""图片中显示了一位穿着防护服和口罩的医务人员，正在使用试管进行操作。""
}
```",
11623659,covid 19,11623659_Close-up_of_a_gloved_hand_holding_a_passport_with_a_COVID-19_ticket__symbolizing_pandemic_travel..jpg,data/raw\11623659_Close-up_of_a_gloved_hand_holding_a_passport_with_a_COVID-19_ticket__symbolizing_pandemic_travel..jpg,"Close-up of a gloved hand holding a passport with a COVID-19 ticket, symbolizing pandemic travel.",,4800,3200,#A8A5B6,,,,,adrian vieriu,,https://www.pexels.com/@printexstar,https://www.pexels.com/photo/a-close-up-shot-of-a-person-wearing-a-latex-gloves-holding-a-passport-11623659/,,https://images.pexels.com/photos/11623659/pexels-photo-11623659.jpeg?auto=compress&cs=tinysrgb&h=650&w=940,https://images.pexels.com/photos/11623659/pexels-photo-11623659.jpeg?auto=compress&cs=tinysrgb&h=130,https://images.pexels.com/photos/11623659/pexels-photo-11623659.jpeg,pexels,success,1.0,0.0,0.95,"['ppe', 'gloves']",unknown,图片中有一只戴着蓝色手套的手拿着护照，手套上有明显的防护标志。,"```json
{
  ""has_people"": 1,
  ""has_protective_medical_staff"": 0,
  ""confidence"": 0.95,
  ""tags"": [""ppe"", ""gloves""],
  ""reason"": ""图片中有一只戴着蓝色手套的手拿着护照，手套上有明显的防护标志。""
}
```",
9574394,covid 19,9574394_A_laboratory_technician_in_protective_gear_holds_a_rack_of_test_tubes__focusing_on_safety_standards..jpg,data/raw\9574394_A_laboratory_technician_in_protective_gear_holds_a_rack_of_test_tubes__focusing_on_safety_standards..jpg,"A laboratory technician in protective gear holds a rack of test tubes, focusing on safety standards.",,4000,6000,#B5B4BC,,,,,Tima Miroshnichenko,,https://www.pexels.com/@tima-miroshnichenko,https://www.pexels.com/photo/a-person-holding-a-test-tube-rack-while-wearing-face-mask-9574394/,,https://images.pexels.com/photos/9574394/pexels-photo-9574394.jpeg?auto=compress&cs=tinysrgb&h=650&w=940,https://images.pexels.com/photos/9574394/pexels-photo-9574394.jpeg?auto=compress&cs=tinysrgb&h=130,https://images.pexels.com/photos/9574394/pexels-photo-9574394.jpeg,pexels,success,1.0,1.0,0.98,"['doctor', 'nurse', 'medical_staff', 'ppe', 'protective_suit', 'mask', 'face_shield', 'gloves', 'hospital', 'laboratory']",unknown,图片中显示了一位穿着防护服和口罩的医务人员，手持试管架，背景为实验室环境。,"```json
{
  ""has_people"": 1,
  ""has_protective_medical_staff"": 1,
  ""confidence"": 0.98,
  ""tags"": [""doctor"", ""nurse"", ""medical_staff"", ""ppe"", ""protective_suit"", ""mask"", ""face_shield"", ""gloves"", ""hospital"", ""laboratory""],
  ""reason"": ""图片中显示了一位穿着防护服和口罩的医务人员，手持试管架，背景为实验室环境。""
}
```",
5841973,covid 19,5841973_Decorative_cardboard_appliques_of_red_human_figure_near_viruses_during_COVID_19_pandemic_on_green_background.jpg,data/raw\5841973_Decorative_cardboard_appliques_of_red_human_figure_near_viruses_during_COVID_19_pandemic_on_green_background.jpg,Decorative cardboard appliques of red human figure near viruses during COVID 19 pandemic on green background,,8000,4500,#BEE7D9,,,,,Monstera Production,,https://www.pexels.com/@gabby-k,https://www.pexels.com/photo/cutout-paper-composition-of-sick-person-with-viruses-5841973/,,https://images.pexels.com/photos/5841973/pexels-photo-5841973.jpeg?auto=compress&cs=tinysrgb&h=650&w=940,https://images.pexels.com/photos/5841973/pexels-photo-5841973.jpeg?auto=compress&cs=tinysrgb&h=130,https://images.pexels.com/photos/5841973/pexels-photo-5841973.jpeg,pexels,success,1.0,0.0,0.95,"['virus', 'covid_sign']",unknown,图中有一个人形轮廓和两个病毒图标，符合有病毒或冠状病毒的标签要求。,"```json
{
  ""has_people"": 1,
  ""has_protective_medical_staff"": 0,
  ""confidence"": 0.95,
  ""tags"": [""virus"", ""covid_sign""],
  ""reason"": ""图中有一个人形轮廓和两个病毒图标，符合有病毒或冠状病毒的标签要求。""
}
```",
5801696,covid 19,5801696_Healthcare_professionals_in_PPE_suits_with_COVID-19_text__back_view__indoors..jpg,data/raw\5801696_Healthcare_professionals_in_PPE_suits_with_COVID-19_text__back_view__indoors..jpg,"Healthcare professionals in PPE suits with COVID-19 text, back view, indoors.",,4064,2704,#BFB29C,,,,,Helena Jankovičová Kováčová,,https://www.pexels.com/@helen1,https://www.pexels.com/photo/back-view-of-medical-practitioners-wearing-protective-suit-for-covid-19-5801696/,,https://images.pexels.com/photos/5801696/pexels-photo-5801696.jpeg?auto=compress&cs=tinysrgb&h=650&w=940,https://images.pexels.com/photos/5801696/pexels-photo-5801696.jpeg?auto=compress&cs=tinysrgb&h=130,https://images.pexels.com/photos/5801696/pexels-photo-5801696.jpeg,pexels,success,1.0,1.0,0.95,"['medical_staff', 'ppe', 'protective_suit']",unknown,图片中有穿着防护服的人员，符合医务人员的标准。,"```json
{
  ""has_people"": 1,
  ""has_protective_medical_staff"": 1,
  ""confidence"": 0.95,
  ""tags"": [""medical_staff"", ""ppe"", ""protective_suit""],
  ""reason"": ""图片中有穿着防护服的人员，符合医务人员的标准。""
}
```",
4007745,covid 19,4007745_Closeup_of_modern_digital_monitor_with_information_and_graphs_about_different_viruses_during_coronavirus.jpg,data/raw\4007745_Closeup_of_modern_digital_monitor_with_information_and_graphs_about_different_viruses_during_coronavirus.jpg,Closeup of modern digital monitor with information and graphs about different viruses during coronavirus,,4608,3456,#212A38,,,,,Sharad Bhat,,https://www.pexels.com/@sharadbhat,https://www.pexels.com/photo/computer-display-with-statistics-of-covid-19-cases-4007745/,,https://images.pexels.com/photos/4007745/pexels-photo-4007745.jpeg?auto=compress&cs=tinysrgb&h=650&w=940,https://images.pexels.com/photos/4007745/pexels-photo-4007745.jpeg?auto=compress&cs=tinysrgb&h=130,https://images.pexels.com/photos/4007745/pexels-photo-4007745.jpeg,pexels,success,0.0,0.0,0.95,"['virus', 'covid_sign']",unknown,图像内容主要显示了与病毒和COVID-19相关的数据，没有显示任何人员或医务人员。,"```json
{
  ""has_people"": 0,
  ""has_protective_medical_staff"": 0,
  ""confidence"": 0.95,
  ""tags"": [""virus"", ""covid_sign""],
  ""reason"": ""图像内容主要显示了与病毒和COVID-19相关的数据，没有显示任何人员或医务人员。""
}
```",
5995152,covid 19,5995152_Collection_of_COVID-19_vaccine_vials_arranged_on_a_blue_backdrop__perfect_for_medical_or_scientific_themes..jpg,data/raw\5995152_Collection_of_COVID-19_vaccine_vials_arranged_on_a_blue_backdrop__perfect_for_medical_or_scientific_themes..jpg,"Collection of COVID-19 vaccine vials arranged on a blue backdrop, perfect for medical or scientific themes.",,3195,4793,#84C3D6,,,,,Maksim Goncharenok,,https://www.pexels.com/@maksgelatin,https://www.pexels.com/photo/ampoules-on-a-blue-surface-5995152/,,https://images.pexels.com/photos/5995152/pexels-photo-5995152.jpeg?auto=compress&cs=tinysrgb&h=650&w=940,https://images.pexels.com/photos/5995152/pexels-photo-5995152.jpeg?auto=compress&cs=tinysrgb&h=130,https://images.pexels.com/photos/5995152/pexels-photo-5995152.jpeg,pexels,success,0.0,0.0,0.95,['vaccination'],unknown,图片中展示的是疫苗瓶，没有显示人或医务人员。,"```json
{
  ""has_people"": 0,
  ""has_protective_medical_staff"": 0,
  ""confidence"": 0.95,
  ""tags"": [""vaccination""],
  ""reason"": ""图片中展示的是疫苗瓶，没有显示人或医务人员。""
}
```",
6074923,covid 19,6074923_Top_view_of_various_medicine_capsules_scattered_on_pink_table_with_syringes_and_ampoules_of_COVID_19_vaccine.jpg,data/raw\6074923_Top_view_of_various_medicine_capsules_scattered_on_pink_table_with_syringes_and_ampoules_of_COVID_19_vaccine.jpg,Top view of various medicine capsules scattered on pink table with syringes and ampoules of COVID 19 vaccine,,6240,4160,#E0A0B1,,,,,Alena Shekhovtcova,,https://www.pexels.com/@alena-shekhovtcova,https://www.pexels.com/photo/ampoules-and-syringes-with-coronavirus-vaccine-scattered-on-ping-table-with-pills-6074923/,,https://images.pexels.com/photos/6074923/pexels-photo-6074923.jpeg?auto=compress&cs=tinysrgb&h=650&w=940,https://images.pexels.com/photos/6074923/pexels-photo-6074923.jpeg?auto=compress&cs=tinysrgb&h=130,https://images.pexels.com/photos/6074923/pexels-photo-6074923.jpeg,pexels,success,0.0,0.0,0.95,['vaccination'],unknown,图片中主要展示的是疫苗瓶和注射器，没有出现任何人物或医务人员。,"```json
{
  ""has_people"": 0,
  ""has_protective_medical_staff"": 0,
  ""confidence"": 0.95,
  ""tags"": [""vaccination""],
  ""reason"": ""图片中主要展示的是疫苗瓶和注射器，没有出现任何人物或医务人员。""
}
```",
5994572,covid 19,5994572_Multiple_COVID-19_vaccine_vials_on_a_bright_red_background_representing_healthcare_and_vaccination..jpg,data/raw\5994572_Multiple_COVID-19_vaccine_vials_on_a_bright_red_background_representing_healthcare_and_vaccination..jpg,Multiple COVID-19 vaccine vials on a bright red background representing healthcare and vaccination.,,5098,3399,#BE2728,,,,,Maksim Goncharenok,,https://www.pexels.com/@maksgelatin,https://www.pexels.com/photo/covid-19-vaccines-on-red-surface-5994572/,,https://images.pexels.com/photos/5994572/pexels-photo-5994572.jpeg?auto=compress&cs=tinysrgb&h=650&w=940,https://images.pexels.com/photos/5994572/pexels-photo-5994572.jpeg?auto=compress&cs=tinysrgb&h=130,https://images.pexels.com/photos/5994572/pexels-photo-5994572.jpeg,pexels,success,0.0,0.0,0.95,"['vaccination', 'covid_sign']",unknown,图片中没有显示任何人物或医疗人员，所有内容都是疫苗瓶。,"```json
{
  ""has_people"": 0,
  ""has_protective_medical_staff"": 0,
  ""confidence"": 0.95,
  ""tags"": [""vaccination"", ""covid_sign""],
  ""reason"": ""图片中没有显示任何人物或医疗人员，所有内容都是疫苗瓶。""
}
```",
11624156,covid 19,11624156_Close-up_of_a_COVID-19_rapid_antigen_test_kit_with_a_dropper_and_swab_on_a_white_surface..jpg,data/raw\11624156_Close-up_of_a_COVID-19_rapid_antigen_test_kit_with_a_dropper_and_swab_on_a_white_surface..jpg,Close-up of a COVID-19 rapid antigen test kit with a dropper and swab on a white surface.,,4800,3200,#D5D8E1,,,,,adrian vieriu,,https://www.pexels.com/@printexstar,https://www.pexels.com/photo/a-rapid-antigen-test-on-a-white-surface-11624156/,,https://images.pexels.com/photos/11624156/pexels-photo-11624156.jpeg?auto=compress&cs=tinysrgb&h=650&w=940,https://images.pexels.com/photos/11624156/pexels-photo-11624156.jpeg?auto=compress&cs=tinysrgb&h=130,https://images.pexels.com/photos/11624156/pexels-photo-11624156.jpeg,pexels,success,0.0,0.0,0.95,['testing'],unknown,图片中只显示了一个测试设备，没有出现任何人体或医务人员。,"```json
{
  ""has_people"": 0,
  ""has_protective_medical_staff"": 0,
  ""confidence"": 0.95,
  ""tags"": [""testing""],
  ""reason"": ""图片中只显示了一个测试设备，没有出现任何人体或医务人员。""
}
```",
11623664,covid 19,11623664_Medical_professional_administering_a_COVID-19_swab_test_to_a_patient..jpg,data/raw\11623664_Medical_professional_administering_a_COVID-19_swab_test_to_a_patient..jpg,Medical professional administering a COVID-19 swab test to a patient.,,4800,3200,#ABA9AC,,,,,adrian vieriu,,https://www.pexels.com/@printexstar,https://www.pexels.com/photo/a-medical-professional-swabbing-a-patient-11623664/,,https://images.pexels.com/photos/11623664/pexels-photo-11623664.jpeg?auto=compress&cs=tinysrgb&h=650&w=940,https://images.pexels.com/photos/11623664/pexels-photo-11623664.jpeg?auto=compress&cs=tinysrgb&h=130,https://images.pexels.com/photos/11623664/pexels-photo-11623664.jpeg,pexels,success,1.0,1.0,0.95,"['doctor', 'nurse', 'medical_staff', 'ppe', 'protective_suit', 'mask', 'face_shield', 'gloves']",unknown,图片中有穿着防护服和口罩的医务人员正在对患者进行检查。,"```json
{
  ""has_people"": 1,
  ""has_protective_medical_staff"": 1,
  ""confidence"": 0.95,
  ""tags"": [""doctor"", ""nurse"", ""medical_staff"", ""ppe"", ""protective_suit"", ""mask"", ""face_shield"", ""gloves""],
  ""reason"": ""图片中有穿着防护服和口罩的医务人员正在对患者进行检查。""
}
```",
11017494,covid 19,11017494_A_couple_walks_down_a_city_street_wearing_face_masks_during_the_pandemic..jpg,data/raw\11017494_A_couple_walks_down_a_city_street_wearing_face_masks_during_the_pandemic..jpg,A couple walks down a city street wearing face masks during the pandemic.,,4000,6000,#787473,,,,,Chu Cuong,,https://www.pexels.com/@chu-cuong-172080595,https://www.pexels.com/photo/a-couple-wearing-face-masks-walking-on-the-sidewalk-11017494/,,https://images.pexels.com/photos/11017494/pexels-photo-11017494.jpeg?auto=compress&cs=tinysrgb&h=650&w=940,https://images.pexels.com/photos/11017494/pexels-photo-11017494.jpeg?auto=compress&cs=tinysrgb&h=130,https://images.pexels.com/photos/11017494/pexels-photo-11017494.jpeg,pexels,success,1.0,0.0,0.95,"['medical_staff', 'ppe', 'mask']",unknown,图中有两个人，其中一人戴着口罩，符合医疗防护要求。,"```json
{
  ""has_people"": 1,
  ""has_protective_medical_staff"": 0,
  ""confidence"": 0.95,
  ""tags"": [""medical_staff"", ""ppe"", ""mask""],
  ""reason"": ""图中有两个人，其中一人戴着口罩，符合医疗防护要求。""
}
```",
5994797,covid 19,5994797_A_hand_in_blue_gloves_handling_a_COVID-19_vaccine_vial_against_a_blue_background..jpg,data/raw\5994797_A_hand_in_blue_gloves_handling_a_COVID-19_vaccine_vial_against_a_blue_background..jpg,A hand in blue gloves handling a COVID-19 vaccine vial against a blue background.,,4266,6399,#71BED2,,,,,Maksim Goncharenok,,https://www.pexels.com/@maksgelatin,https://www.pexels.com/photo/person-holding-white-and-red-labeled-bottle-5994797/,,https://images.pexels.com/photos/5994797/pexels-photo-5994797.jpeg?auto=compress&cs=tinysrgb&h=650&w=940,https://images.pexels.com/photos/5994797/pexels-photo-5994797.jpeg?auto=compress&cs=tinysrgb&h=130,https://images.pexels.com/photos/5994797/pexels-photo-5994797.jpeg,pexels,success,1.0,0.0,0.95,"['ppe', 'gloves']",unknown,图片中有一只戴着蓝色手套的手，手套上有明显的防护标识。,"```json
{
  ""has_people"": 1,
  ""has_protective_medical_staff"": 0,
  ""confidence"": 0.95,
  ""tags"": [""ppe"", ""gloves""],
  ""reason"": ""图片中有一只戴着蓝色手套的手，手套上有明显的防护标识。""
}
```",
7108775,covid 19,7108775_Wooden_signboard_with_Open_inscription_hanging_on_door_of_cafe_with_various_instruction_preventing_spread_of_COVID_19.jpg,data/raw\7108775_Wooden_signboard_with_Open_inscription_hanging_on_door_of_cafe_with_various_instruction_preventing_spread_of_COVID_19.jpg,Wooden signboard with Open inscription hanging on door of cafe with various instruction preventing spread of COVID 19,,3421,5131,#4A4B4C,,,,,Mathias Reding,,https://www.pexels.com/@matreding,https://www.pexels.com/photo/signboard-with-open-inscription-hanging-on-door-during-coronavirus-pandemic-7108775/,,https://images.pexels.com/photos/7108775/pexels-photo-7108775.jpeg?auto=compress&cs=tinysrgb&h=650&w=940,https://images.pexels.com/photos/7108775/pexels-photo-7108775.jpeg?auto=compress&cs=tinysrgb&h=130,https://images.pexels.com/photos/7108775/pexels-photo-7108775.jpeg,pexels,success,0.0,0.0,0.95,['mask'],unknown,图片中没有可见的人影，因此没有人员存在。,"```json
{
  ""has_people"": 0,
  ""has_protective_medical_staff"": 0,
  ""confidence"": 0.95,
  ""tags"": [""mask""],
  ""reason"": ""图片中没有可见的人影，因此没有人员存在。""
}
```",
5841968,covid 19,5841968_Decorative_cardboard_illustration_of_antiseptic_gel_between_viruses_and_bacteria_during_coronavirus_pandemic_on_green_ba.jpg,data/raw\5841968_Decorative_cardboard_illustration_of_antiseptic_gel_between_viruses_and_bacteria_during_coronavirus_pandemic_on_green_ba.jpg,Decorative cardboard illustration of antiseptic gel between viruses and bacteria during coronavirus pandemic on green background,,8000,4500,#C5E9C8,,,,,Monstera Production,,https://www.pexels.com/@gabby-k,https://www.pexels.com/photo/cutout-paper-composition-of-sanitizer-between-viruses-and-microbes-5841968/,,https://images.pexels.com/photos/5841968/pexels-photo-5841968.jpeg?auto=compress&cs=tinysrgb&h=650&w=940,https://images.pexels.com/photos/5841968/pexels-photo-5841968.jpeg?auto=compress&cs=tinysrgb&h=130,https://images.pexels.com/photos/5841968/pexels-photo-5841968.jpeg,pexels,success,0.0,0.0,0.95,['virus'],unknown,图片中没有出现人物或医务人员，主要展示的是洗手液和多种病毒图标。,"```json
{
  ""has_people"": 0,
  ""has_protective_medical_staff"": 0,
  ""confidence"": 0.95,
  ""tags"": [""virus""],
  ""reason"": ""图片中没有出现人物或医务人员，主要展示的是洗手液和多种病毒图标。""
}
```",
7009486,covid 19,7009486_Flat_lay_of_travel_essentials_during_Covid-19_pandemic__map__black_mask__and_passport..jpg,data/raw\7009486_Flat_lay_of_travel_essentials_during_Covid-19_pandemic__map__black_mask__and_passport..jpg,"Flat lay of travel essentials during Covid-19 pandemic: map, black mask, and passport.",,3780,5670,#B7AEA6,,,,,Tima Miroshnichenko,,https://www.pexels.com/@tima-miroshnichenko,https://www.pexels.com/photo/a-covid-19-placard-beside-face-mask-and-passport-on-a-map-7009486/,,https://images.pexels.com/photos/7009486/pexels-photo-7009486.jpeg?auto=compress&cs=tinysrgb&h=650&w=940,https://images.pexels.com/photos/7009486/pexels-photo-7009486.jpeg?auto=compress&cs=tinysrgb&h=130,https://images.pexels.com/photos/7009486/pexels-photo-7009486.jpeg,pexels,success,0.0,0.0,0.95,['covid_sign'],unknown,图片中有一个标有 'COVID-19' 的纸板和一个口罩，但没有显示人或医务人员。,"```json
{
  ""has_people"": 0,
  ""has_protective_medical_staff"": 0,
  ""confidence"": 0.95,
  ""tags"": [""covid_sign""],
  ""reason"": ""图片中有一个标有 'COVID-19' 的纸板和一个口罩，但没有显示人或医务人员。""
}
```",
5994639,covid 19,5994639_A_COVID-19_vaccine_vial_with_a_syringe_and_pills_on_a_vibrant_red_background..jpg,data/raw\5994639_A_COVID-19_vaccine_vial_with_a_syringe_and_pills_on_a_vibrant_red_background..jpg,A COVID-19 vaccine vial with a syringe and pills on a vibrant red background.,,4027,6041,#D11412,,,,,Maksim Goncharenok,,https://www.pexels.com/@maksgelatin,https://www.pexels.com/photo/photo-of-covid-vaccine-and-medicines-5994639/,,https://images.pexels.com/photos/5994639/pexels-photo-5994639.jpeg?auto=compress&cs=tinysrgb&h=650&w=940,https://images.pexels.com/photos/5994639/pexels-photo-5994639.jpeg?auto=compress&cs=tinysrgb&h=130,https://images.pexels.com/photos/5994639/pexels-photo-5994639.jpeg,pexels,success,0.0,0.0,0.95,['vaccination'],unknown,图片中没有出现任何人物或医疗人员，主要展示的是疫苗和各种药物。,"```json
{
  ""has_people"": 0,
  ""has_protective_medical_staff"": 0,
  ""confidence"": 0.95,
  ""tags"": [""vaccination""],
  ""reason"": ""图片中没有出现任何人物或医疗人员，主要展示的是疫苗和各种药物。""
}
```",
11299011,covid 19,11299011_A_group_of_adults_wearing_masks_in_a_prayer_setting__illustrating_faith_in_pandemic_times..jpg,data/raw\11299011_A_group_of_adults_wearing_masks_in_a_prayer_setting__illustrating_faith_in_pandemic_times..jpg,"A group of adults wearing masks in a prayer setting, illustrating faith in pandemic times.",,5847,3898,#34292F,,,,,Luis Quintero,,https://www.pexels.com/@jibarofoto,https://www.pexels.com/photo/a-woman-in-black-shirt-wearing-facemask-praying-11299011/,,https://images.pexels.com/photos/11299011/pexels-photo-11299011.jpeg?auto=compress&cs=tinysrgb&h=650&w=940,https://images.pexels.com/photos/11299011/pexels-photo-11299011.jpeg?auto=compress&cs=tinysrgb&h=130,https://images.pexels.com/photos/11299011/pexels-photo-11299011.jpeg,pexels,success,1.0,0.0,0.95,"['nurse', 'ppe', 'mask', 'gloves']",unknown,图片中有多个戴着口罩和手套的人，但没有明显的防护服或医疗装备。,"```json
{
  ""has_people"": 1,
  ""has_protective_medical_staff"": 0,
  ""confidence"": 0.95,
  ""tags"": [""nurse"", ""ppe"", ""mask"", ""gloves""],
  ""reason"": ""图片中有多个戴着口罩和手套的人，但没有明显的防护服或医疗装备。""
}
```",
5428704,covid 19,5428704_From_above_white_sign_of_feet_and_inscription_Stay_Safe_Stay_Apart_painted_on_asphalt_road_during_coronavirus_outbreak.jpg,data/raw\5428704_From_above_white_sign_of_feet_and_inscription_Stay_Safe_Stay_Apart_painted_on_asphalt_road_during_coronavirus_outbreak.jpg,From above white sign of feet and inscription Stay Safe Stay Apart painted on asphalt road during coronavirus outbreak,,5184,3456,#676355,,,,,Ethan Wilkinson,,https://www.pexels.com/@ethanrwilkinson,https://www.pexels.com/photo/asphalt-road-with-inscription-stay-safe-stay-apart-5428704/,,https://images.pexels.com/photos/5428704/pexels-photo-5428704.jpeg?auto=compress&cs=tinysrgb&h=650&w=940,https://images.pexels.com/photos/5428704/pexels-photo-5428704.jpeg?auto=compress&cs=tinysrgb&h=130,https://images.pexels.com/photos/5428704/pexels-photo-5428704.jpeg,pexels,success,0.0,0.0,0.95,"['Stay Safe', 'Stay apart']",unknown,图像中没有显示任何人体或医疗人员，只有指示保持安全距离和保持距离的标志。,"```json
{
  ""has_people"": 0,
  ""has_protective_medical_staff"": 0,
  ""confidence"": 0.95,
  ""tags"": [""Stay Safe"", ""Stay apart""],
  ""reason"": ""图像中没有显示任何人体或医疗人员，只有指示保持安全距离和保持距离的标志。""
}
```",
3952188,covid 19,3952188_A_man_holding_a_coronavirus_sign_and_a_woman_in_front_of_a_plastic_barrier..jpg,data/raw\3952188_A_man_holding_a_coronavirus_sign_and_a_woman_in_front_of_a_plastic_barrier..jpg,A man holding a coronavirus sign and a woman in front of a plastic barrier.,,6000,4000,#C57869,,,,,cottonbro studio,,https://www.pexels.com/@cottonbro,https://www.pexels.com/photo/man-in-white-shirt-holding-a-sign-of-coronavirus-3952188/,,https://images.pexels.com/photos/3952188/pexels-photo-3952188.jpeg?auto=compress&cs=tinysrgb&h=650&w=940,https://images.pexels.com/photos/3952188/pexels-photo-3952188.jpeg?auto=compress&cs=tinysrgb&h=130,https://images.pexels.com/photos/3952188/pexels-photo-3952188.jpeg,pexels,success,1.0,0.0,0.95,['coronavirus'],unknown,图片中有一个人手持写着'CORONAVIRUS'的标志牌，背景被塑料膜覆盖，可能表示与冠状病毒相关的活动或宣传。,"```json
{
  ""has_people"": 1,
  ""has_protective_medical_staff"": 0,
  ""confidence"": 0.95,
  ""tags"": [""coronavirus""],
  ""reason"": ""图片中有一个人手持写着'CORONAVIRUS'的标志牌，背景被塑料膜覆盖，可能表示与冠状病毒相关的活动或宣传。""
}
```",
5737621,covid 19,5737621_Red_sign_with_distancing_message___6_ft._Be_Smart_-_Stay_Apart__on_a_door..jpg,data/raw\5737621_Red_sign_with_distancing_message___6_ft._Be_Smart_-_Stay_Apart__on_a_door..jpg,Red sign with distancing message: '6 ft. Be Smart - Stay Apart' on a door.,,7785,5190,#552226,,,,,Tim Mossholder,,https://www.pexels.com/@timmossholder,https://www.pexels.com/photo/red-warning-sign-with-arrows-5737621/,,https://images.pexels.com/photos/5737621/pexels-photo-5737621.jpeg?auto=compress&cs=tinysrgb&h=650&w=940,https://images.pexels.com/photos/5737621/pexels-photo-5737621.jpeg?auto=compress&cs=tinysrgb&h=130,https://images.pexels.com/photos/5737621/pexels-photo-5737621.jpeg,pexels,success,0.0,0.0,0.95,['covid_sign'],unknown,图片中没有显示任何人物或医疗人员，只有一块指示保持社交距离的标志牌。,"```json
{
  ""has_people"": 0,
  ""has_protective_medical_staff"": 0,
  ""confidence"": 0.95,
  ""tags"": [""covid_sign""],
  ""reason"": ""图片中没有显示任何人物或医疗人员，只有一块指示保持社交距离的标志牌。""
}
```",
4666321,covid 19,4666321_Red_sign_with_social_distancing_and_safety_messages_for_public_spaces..jpg,data/raw\4666321_Red_sign_with_social_distancing_and_safety_messages_for_public_spaces..jpg,Red sign with social distancing and safety messages for public spaces.,,3024,4032,#A37E7C,,,,,Bimal Gajmer,,https://www.pexels.com/@bimal-gajmer-905010,https://www.pexels.com/photo/red-and-white-sign-on-wall-4666321/,,https://images.pexels.com/photos/4666321/pexels-photo-4666321.jpeg?auto=compress&cs=tinysrgb&h=650&w=940,https://images.pexels.com/photos/4666321/pexels-photo-4666321.jpeg?auto=compress&cs=tinysrgb&h=130,https://images.pexels.com/photos/4666321/pexels-photo-4666321.jpeg,pexels,success,1.0,0.0,0.95,['covid_sign'],unknown,图片中有“保持6英尺距离”的标志，提示人们保持社交距离以保护自己和他人。,"```json
{
  ""has_people"": 1,
  ""has_protective_medical_staff"": 0,
  ""confidence"": 0.95,
  ""tags"": [""covid_sign""],
  ""reason"": ""图片中有“保持6英尺距离”的标志，提示人们保持社交距离以保护自己和他人。""
}
```",
8830693,covid 19,8830693_Flat_lay_of_pandemic_essentials__mask__vaccine_vials__digital_pass__medical_blister_packs__and_syringe_on_a_yellow_backg.jpg,data/raw\8830693_Flat_lay_of_pandemic_essentials__mask__vaccine_vials__digital_pass__medical_blister_packs__and_syringe_on_a_yellow_backg.jpg,"Flat lay of pandemic essentials: mask, vaccine vials, digital pass, medical blister packs, and syringe on a yellow background.",,4160,6240,#D5C48E,,,,,Nataliya Vaitkevich,,https://www.pexels.com/@n-voitkevich,https://www.pexels.com/photo/blister-packs-on-white-surgical-mask-8830693/,,https://images.pexels.com/photos/8830693/pexels-photo-8830693.jpeg?auto=compress&cs=tinysrgb&h=650&w=940,https://images.pexels.com/photos/8830693/pexels-photo-8830693.jpeg?auto=compress&cs=tinysrgb&h=130,https://images.pexels.com/photos/8830693/pexels-photo-8830693.jpeg,pexels,success,0.0,0.0,0.95,['vaccination'],unknown,图片中没有出现任何人体或医疗人员，主要展示的是疫苗、口罩和手机上的绿色通行证。,"```json
{
  ""has_people"": 0,
  ""has_protective_medical_staff"": 0,
  ""confidence"": 0.95,
  ""tags"": [""vaccination""],
  ""reason"": ""图片中没有出现任何人体或医疗人员，主要展示的是疫苗、口罩和手机上的绿色通行证。""
}
```",
4149047,covid 19,4149047_Focused_young_male_in_protective_suit_and_gloves_holding_tube_of_blood_sample_with_positive_COVID_19_results.jpg,data/raw\4149047_Focused_young_male_in_protective_suit_and_gloves_holding_tube_of_blood_sample_with_positive_COVID_19_results.jpg,Focused young male in protective suit and gloves holding tube of blood sample with positive COVID 19 results,,6000,4000,#C0BEC0,,,,,Gustavo Fring,,https://www.pexels.com/@gustavo-fring,https://www.pexels.com/photo/crop-scientist-holding-test-tube-with-positive-coronavirus-result-4149047/,,https://images.pexels.com/photos/4149047/pexels-photo-4149047.jpeg?auto=compress&cs=tinysrgb&h=650&w=940,https://images.pexels.com/photos/4149047/pexels-photo-4149047.jpeg?auto=compress&cs=tinysrgb&h=130,https://images.pexels.com/photos/4149047/pexels-photo-4149047.jpeg,pexels,success,1.0,1.0,0.95,"['doctor', 'ppe', 'mask', 'gloves']",unknown,图片中显示了一位穿着防护服和手套的医务人员，正在处理医疗样本管。,"```json
{
  ""has_people"": 1,
  ""has_protective_medical_staff"": 1,
  ""confidence"": 0.95,
  ""tags"": [""doctor"", ""ppe"", ""mask"", ""gloves""],
  ""reason"": ""图片中显示了一位穿着防护服和手套的医务人员，正在处理医疗样本管。""
}
```",
5994670,covid 19,5994670_Close-up_of_COVID-19_vaccine_vials_with_label_and_liquid_on_a_light_blue_background..jpg,data/raw\5994670_Close-up_of_COVID-19_vaccine_vials_with_label_and_liquid_on_a_light_blue_background..jpg,Close-up of COVID-19 vaccine vials with label and liquid on a light blue background.,,3667,2445,#A4D0E1,,,,,Maksim Goncharenok,,https://www.pexels.com/@maksgelatin,https://www.pexels.com/photo/vaccine-ampoules-on-flat-surface-5994670/,,https://images.pexels.com/photos/5994670/pexels-photo-5994670.jpeg?auto=compress&cs=tinysrgb&h=650&w=940,https://images.pexels.com/photos/5994670/pexels-photo-5994670.jpeg?auto=compress&cs=tinysrgb&h=130,https://images.pexels.com/photos/5994670/pexels-photo-5994670.jpeg,pexels,success,0.0,0.0,0.95,['vaccination'],unknown,图片中有疫苗瓶，但没有显示人或医务人员。,"```json
{
  ""has_people"": 0,
  ""has_protective_medical_staff"": 0,
  ""confidence"": 0.95,
  ""tags"": [""vaccination""],
  ""reason"": ""图片中有疫苗瓶，但没有显示人或医务人员。""
}
```",
3951354,covid 19,3951354_Person_in_yellow_protective_suit_reading_a_newspaper_while_holding_a_coffee_mug_on_a_pink_background..jpg,data/raw\3951354_Person_in_yellow_protective_suit_reading_a_newspaper_while_holding_a_coffee_mug_on_a_pink_background..jpg,Person in yellow protective suit reading a newspaper while holding a coffee mug on a pink background.,,4000,6000,#BF846F,,,,,cottonbro studio,,https://www.pexels.com/@cottonbro,https://www.pexels.com/photo/man-in-yellow-protective-suit-reading-the-newspaper-3951354/,,https://images.pexels.com/photos/3951354/pexels-photo-3951354.jpeg?auto=compress&cs=tinysrgb&h=650&w=940,https://images.pexels.com/photos/3951354/pexels-photo-3951354.jpeg?auto=compress&cs=tinysrgb&h=130,https://images.pexels.com/photos/3951354/pexels-photo-3951354.jpeg,pexels,success,1.0,0.0,0.95,"['ppe', 'protective_suit', 'mask', 'face_shield']",unknown,图片中有一个人穿着黄色防护服和口罩，看起来像是在阅读报纸。,"```json
{
  ""has_people"": 1,
  ""has_protective_medical_staff"": 0,
  ""confidence"": 0.95,
  ""tags"": [""ppe"", ""protective_suit"", ""mask"", ""face_shield""],
  ""reason"": ""图片中有一个人穿着黄色防护服和口罩，看起来像是在阅读报纸。""
}
```",
5994800,covid 19,5994800_Flat_lay_of_COVID-19_vaccine_vials__syringes__and_blood_samples_on_a_blue_background..jpg,data/raw\5994800_Flat_lay_of_COVID-19_vaccine_vials__syringes__and_blood_samples_on_a_blue_background..jpg,"Flat lay of COVID-19 vaccine vials, syringes, and blood samples on a blue background.",,6397,4265,#52B5D2,,,,,Maksim Goncharenok,,https://www.pexels.com/@maksgelatin,https://www.pexels.com/photo/covid-essentials-on-blue-surface-5994800/,,https://images.pexels.com/photos/5994800/pexels-photo-5994800.jpeg?auto=compress&cs=tinysrgb&h=650&w=940,https://images.pexels.com/photos/5994800/pexels-photo-5994800.jpeg?auto=compress&cs=tinysrgb&h=130,https://images.pexels.com/photos/5994800/pexels-photo-5994800.jpeg,pexels,success,0.0,0.0,0.95,['vaccination'],unknown,图片中有疫苗和注射器，但没有显示人或医务人员。,"```json
{
  ""has_people"": 0,
  ""has_protective_medical_staff"": 0,
  ""confidence"": 0.95,
  ""tags"": [""vaccination""],
  ""reason"": ""图片中有疫苗和注射器，但没有显示人或医务人员。""
}
```",
5863275,covid 19,5863275_COVID-19_vaccine_box_and_syringes_arranged_on_a_pink_surface__symbolizing_vaccination_efforts..jpg,data/raw\5863275_COVID-19_vaccine_box_and_syringes_arranged_on_a_pink_surface__symbolizing_vaccination_efforts..jpg,"COVID-19 vaccine box and syringes arranged on a pink surface, symbolizing vaccination efforts.",,4074,6111,#D8AACD,,,,,Nataliya Vaitkevich,,https://www.pexels.com/@n-voitkevich,https://www.pexels.com/photo/covid-19-vaccine-in-white-and-red-labeled-box-5863275/,,https://images.pexels.com/photos/5863275/pexels-photo-5863275.jpeg?auto=compress&cs=tinysrgb&h=650&w=940,https://images.pexels.com/photos/5863275/pexels-photo-5863275.jpeg?auto=compress&cs=tinysrgb&h=130,https://images.pexels.com/photos/5863275/pexels-photo-5863275.jpeg,pexels,success,0.0,0.0,0.95,['vaccination'],unknown,图片中只有一支疫苗注射器和一个疫苗包装盒，没有出现任何人体或医务人员。,"```json
{
  ""has_people"": 0,
  ""has_protective_medical_staff"": 0,
  ""confidence"": 0.95,
  ""tags"": [""vaccination""],
  ""reason"": ""图片中只有一支疫苗注射器和一个疫苗包装盒，没有出现任何人体或医务人员。""
}
```",
4127440,covid 19,4127440_Side_view_of_young_guy_in_medical_mask_and_disposable_glove_standing_on_sidewalk_near_shop_and_holding_door_handle_while.jpg,data/raw\4127440_Side_view_of_young_guy_in_medical_mask_and_disposable_glove_standing_on_sidewalk_near_shop_and_holding_door_handle_while.jpg,Side view of young guy in medical mask and disposable glove standing on sidewalk near shop and holding door handle while entering,,6720,4480,#877F79,,,,,Gustavo Fring,,https://www.pexels.com/@gustavo-fring,https://www.pexels.com/photo/young-man-in-mask-standing-near-shop-on-street-4127440/,,https://images.pexels.com/photos/4127440/pexels-photo-4127440.jpeg?auto=compress&cs=tinysrgb&h=650&w=940,https://images.pexels.com/photos/4127440/pexels-photo-4127440.jpeg?auto=compress&cs=tinysrgb&h=130,https://images.pexels.com/photos/4127440/pexels-photo-4127440.jpeg,pexels,success,1.0,0.0,0.95,"['ppe', 'mask', 'gloves']",unknown,图中有一个人戴着口罩和手套，但没有明显的防护服或医务人员标志。,"```json
{
  ""has_people"": 1,
  ""has_protective_medical_staff"": 0,
  ""confidence"": 0.95,
  ""tags"": [""ppe"", ""mask"", ""gloves""],
  ""reason"": ""图中有一个人戴着口罩和手套，但没有明显的防护服或医务人员标志。""
}
```",
5994840,covid 19,5994840_Close-up_of_COVID-19_vaccine_vial_held_in_a_blue_gloved_hand_against_yellow_background..jpg,data/raw\5994840_Close-up_of_COVID-19_vaccine_vial_held_in_a_blue_gloved_hand_against_yellow_background..jpg,Close-up of COVID-19 vaccine vial held in a blue gloved hand against yellow background.,,5541,3694,#C0C82D,,,,,Maksim Goncharenok,,https://www.pexels.com/@maksgelatin,https://www.pexels.com/photo/person-holding-a-vial-5994840/,,https://images.pexels.com/photos/5994840/pexels-photo-5994840.jpeg?auto=compress&cs=tinysrgb&h=650&w=940,https://images.pexels.com/photos/5994840/pexels-photo-5994840.jpeg?auto=compress&cs=tinysrgb&h=130,https://images.pexels.com/photos/5994840/pexels-photo-5994840.jpeg,pexels,success,1.0,0.0,0.95,"['ppe', 'gloves']",unknown,手部戴着蓝色手套，背景为黄色，可能表示疫苗接种场景。,"```json
{
  ""has_people"": 1,
  ""has_protective_medical_staff"": 0,
  ""confidence"": 0.95,
  ""tags"": [""ppe"", ""gloves""],
  ""reason"": ""手部戴着蓝色手套，背景为黄色，可能表示疫苗接种场景。""
}
```",
5994791,covid 19,5994791_Close-up_of_a_COVID-19_vaccine_vial_held_by_a_hand_in_blue_gloves_against_a_blue_background..jpg,data/raw\5994791_Close-up_of_a_COVID-19_vaccine_vial_held_by_a_hand_in_blue_gloves_against_a_blue_background..jpg,Close-up of a COVID-19 vaccine vial held by a hand in blue gloves against a blue background.,,4117,2745,#5FB5D3,,,,,Maksim Goncharenok,,https://www.pexels.com/@maksgelatin,https://www.pexels.com/photo/close-up-photo-of-a-person-holding-covid-vaccine-5994791/,,https://images.pexels.com/photos/5994791/pexels-photo-5994791.jpeg?auto=compress&cs=tinysrgb&h=650&w=940,https://images.pexels.com/photos/5994791/pexels-photo-5994791.jpeg?auto=compress&cs=tinysrgb&h=130,https://images.pexels.com/photos/5994791/pexels-photo-5994791.jpeg,pexels,success,1.0,0.0,0.95,['vaccination'],unknown,图片中显示一只手拿着一个疫苗瓶，标签上写着'COVID-19疫苗'，表明这是一个与疫苗相关的场景。,"```json
{
  ""has_people"": 1,
  ""has_protective_medical_staff"": 0,
  ""confidence"": 0.95,
  ""tags"": [""vaccination""],
  ""reason"": ""图片中显示一只手拿着一个疫苗瓶，标签上写着'COVID-19疫苗'，表明这是一个与疫苗相关的场景。""
}
```",
8830717,covid 19,8830717_Top_view_of_COVID-19_vaccine_vials_and_box_on_a_yellow_background_with_a_face_mask..jpg,data/raw\8830717_Top_view_of_COVID-19_vaccine_vials_and_box_on_a_yellow_background_with_a_face_mask..jpg,Top view of COVID-19 vaccine vials and box on a yellow background with a face mask.,,4160,6240,#DEC068,,,,,Nataliya Vaitkevich,,https://www.pexels.com/@n-voitkevich,https://www.pexels.com/photo/bottles-with-vaccines-lying-on-yellow-background-8830717/,,https://images.pexels.com/photos/8830717/pexels-photo-8830717.jpeg?auto=compress&cs=tinysrgb&h=650&w=940,https://images.pexels.com/photos/8830717/pexels-photo-8830717.jpeg?auto=compress&cs=tinysrgb&h=130,https://images.pexels.com/photos/8830717/pexels-photo-8830717.jpeg,pexels,success,0.0,0.0,0.95,['vaccine'],unknown,图片中没有出现任何人物或医疗人员，只有疫苗和口罩。,"```json
{
  ""has_people"": 0,
  ""has_protective_medical_staff"": 0,
  ""confidence"": 0.95,
  ""tags"": [""vaccine""],
  ""reason"": ""图片中没有出现任何人物或医疗人员，只有疫苗和口罩。""
}
```",
4008619,covid 19,4008619_A_person_holds_a_sign_saying__We_will_survive_coronavirus___conveying_hope_during_the_pandemic..jpg,data/raw\4008619_A_person_holds_a_sign_saying__We_will_survive_coronavirus___conveying_hope_during_the_pandemic..jpg,"A person holds a sign saying 'We will survive coronavirus,' conveying hope during the pandemic.",,5391,3594,#DBD3CE,,,,,Polina Zimmerman,,https://www.pexels.com/@polina-zimmerman,https://www.pexels.com/photo/woman-holding-plastic-with-text-4008619/,,https://images.pexels.com/photos/4008619/pexels-photo-4008619.jpeg?auto=compress&cs=tinysrgb&h=650&w=940,https://images.pexels.com/photos/4008619/pexels-photo-4008619.jpeg?auto=compress&cs=tinysrgb&h=130,https://images.pexels.com/photos/4008619/pexels-photo-4008619.jpeg,pexels,success,1.0,0.0,0.95,"['ppe', 'mask']",unknown,图片中有一个人手持纸张遮挡面部，但无法清晰辨认其身份和穿着。,"```json
{
  ""has_people"": 1,
  ""has_protective_medical_staff"": 0,
  ""confidence"": 0.95,
  ""tags"": [""ppe"", ""mask""],
  ""reason"": ""图片中有一个人手持纸张遮挡面部，但无法清晰辨认其身份和穿着。""
}
```",
8770709,covid 19,8770709_A_healthcare_professional_with_gloves_and_mask_prepares_a_COVID-19_vaccine_for_administration..jpg,data/raw\8770709_A_healthcare_professional_with_gloves_and_mask_prepares_a_COVID-19_vaccine_for_administration..jpg,A healthcare professional with gloves and mask prepares a COVID-19 vaccine for administration.,,4000,6000,#C3BFBE,,,,,Gustavo Fring,,https://www.pexels.com/@gustavo-fring,https://www.pexels.com/photo/man-holding-a-syringe-and-a-vaccine-bottle-8770709/,,https://images.pexels.com/photos/8770709/pexels-photo-8770709.jpeg?auto=compress&cs=tinysrgb&h=650&w=940,https://images.pexels.com/photos/8770709/pexels-photo-8770709.jpeg?auto=compress&cs=tinysrgb&h=130,https://images.pexels.com/photos/8770709/pexels-photo-8770709.jpeg,pexels,success,1.0,1.0,0.95,"['doctor', 'nurse', 'medical_staff', 'ppe', 'protective_suit', 'mask', 'face_shield', 'gloves']",unknown,图片中显示了一位穿着防护服和口罩的医务人员正在操作疫苗注射器。,"```json
{
  ""has_people"": 1,
  ""has_protective_medical_staff"": 1,
  ""confidence"": 0.95,
  ""tags"": [""doctor"", ""nurse"", ""medical_staff"", ""ppe"", ""protective_suit"", ""mask"", ""face_shield"", ""gloves""],
  ""reason"": ""图片中显示了一位穿着防护服和口罩的医务人员正在操作疫苗注射器。""
}
```",
7867251,covid 19,7867251_Detailed_view_of_a_SARS-CoV-2_antigen_rapid_test_kit_with_result_indicators..jpg,data/raw\7867251_Detailed_view_of_a_SARS-CoV-2_antigen_rapid_test_kit_with_result_indicators..jpg,Detailed view of a SARS-CoV-2 antigen rapid test kit with result indicators.,,3607,5411,#89B2B6,,,,,Diana ✨,,https://www.pexels.com/@didsss,https://www.pexels.com/photo/close-up-photo-of-a-sars-cov-2-antigen-rapid-test-kit-7867251/,,https://images.pexels.com/photos/7867251/pexels-photo-7867251.jpeg?auto=compress&cs=tinysrgb&h=650&w=940,https://images.pexels.com/photos/7867251/pexels-photo-7867251.jpeg?auto=compress&cs=tinysrgb&h=130,https://images.pexels.com/photos/7867251/pexels-photo-7867251.jpeg,pexels,success,0.0,0.0,0.95,['SARS-CoV-2 Antigen Rapid Test Kit'],unknown,图片中没有显示任何人体或医疗人员，因此没有人员和防护服医务人员。,"```json
{
  ""has_people"": 0,
  ""has_protective_medical_staff"": 0,
  ""confidence"": 0.95,
  ""tags"": [""SARS-CoV-2 Antigen Rapid Test Kit""],
  ""reason"": ""图片中没有显示任何人体或医疗人员，因此没有人员和防护服医务人员。""
}
```",
5842062,covid 19,5842062_Top_view_of_textured_backdrop_representing_cutout_paper_appliques_of_orange_viruses_in_rows.jpg,data/raw\5842062_Top_view_of_textured_backdrop_representing_cutout_paper_appliques_of_orange_viruses_in_rows.jpg,Top view of textured backdrop representing cutout paper appliques of orange viruses in rows,,4500,8000,#D0E99E,,,,,Monstera Production,,https://www.pexels.com/@gabby-k,https://www.pexels.com/photo/decorative-cardboard-illustration-of-viruses-on-green-background-5842062/,,https://images.pexels.com/photos/5842062/pexels-photo-5842062.jpeg?auto=compress&cs=tinysrgb&h=650&w=940,https://images.pexels.com/photos/5842062/pexels-photo-5842062.jpeg?auto=compress&cs=tinysrgb&h=130,https://images.pexels.com/photos/5842062/pexels-photo-5842062.jpeg,pexels,success,0.0,0.0,0.95,"['virus', 'covid_sign']",unknown,图片中没有出现任何人物或医疗人员，背景是绿色带有橙色图案。,"```json
{
  ""has_people"": 0,
  ""has_protective_medical_staff"": 0,
  ""confidence"": 0.95,
  ""tags"": [""virus"", ""covid_sign""],
  ""reason"": ""图片中没有出现任何人物或医疗人员，背景是绿色带有橙色图案。""
}
```",
5994637,covid 19,5994637_Vaccine_vial_and_syringe_surrounded_by_colorful_pills_on_vivid_red_surface..jpg,data/raw\5994637_Vaccine_vial_and_syringe_surrounded_by_colorful_pills_on_vivid_red_surface..jpg,Vaccine vial and syringe surrounded by colorful pills on vivid red surface.,,6361,4241,#D5100E,,,,,Maksim Goncharenok,,https://www.pexels.com/@maksgelatin,https://www.pexels.com/photo/a-vial-and-syringe-surrounded-by-pills-5994637/,,https://images.pexels.com/photos/5994637/pexels-photo-5994637.jpeg?auto=compress&cs=tinysrgb&h=650&w=940,https://images.pexels.com/photos/5994637/pexels-photo-5994637.jpeg?auto=compress&cs=tinysrgb&h=130,https://images.pexels.com/photos/5994637/pexels-photo-5994637.jpeg,pexels,success,0.0,0.0,0.95,['vaccination'],unknown,图片中主要展示的是疫苗和各种药丸，没有出现任何人物或医务人员。,"```json
{
  ""has_people"": 0,
  ""has_protective_medical_staff"": 0,
  ""confidence"": 0.95,
  ""tags"": [""vaccination""],
  ""reason"": ""图片中主要展示的是疫苗和各种药丸，没有出现任何人物或医务人员。""
}
```",
5910766,covid 19,5910766_Pink_letter_tiles_spelling_out__COVID_GO_AWAY__against_a_white_background__conveying_a_health-related_message..jpg,data/raw\5910766_Pink_letter_tiles_spelling_out__COVID_GO_AWAY__against_a_white_background__conveying_a_health-related_message..jpg,"Pink letter tiles spelling out 'COVID GO AWAY' against a white background, conveying a health-related message.",,3500,2333,#F7EEF5,,,,,Anna Tarazevich,,https://www.pexels.com/@anntarazevich,https://www.pexels.com/photo/scrabble-tiles-on-white-surface-5910766/,,https://images.pexels.com/photos/5910766/pexels-photo-5910766.jpeg?auto=compress&cs=tinysrgb&h=650&w=940,https://images.pexels.com/photos/5910766/pexels-photo-5910766.jpeg?auto=compress&cs=tinysrgb&h=130,https://images.pexels.com/photos/5910766/pexels-photo-5910766.jpeg,pexels,success,0.0,0.0,0.95,['covid_sign'],unknown,图片中没有出现任何人物或医疗人员，只有拼写出'COVID'和'G.O.A.W.A.Y'的磁性字母块。,"```json
{
  ""has_people"": 0,
  ""has_protective_medical_staff"": 0,
  ""confidence"": 0.95,
  ""tags"": [""covid_sign""],
  ""reason"": ""图片中没有出现任何人物或医疗人员，只有拼写出'COVID'和'G.O.A.W.A.Y'的磁性字母块。""
}
```",
9574531,covid 19,9574531_Scientist_in_protective_gear_walking_through_a_sterile_laboratory_hallway..jpg,data/raw\9574531_Scientist_in_protective_gear_walking_through_a_sterile_laboratory_hallway..jpg,Scientist in protective gear walking through a sterile laboratory hallway.,,3902,5853,#B9B8B6,,,,,Tima Miroshnichenko,,https://www.pexels.com/@tima-miroshnichenko,https://www.pexels.com/photo/man-technology-white-zoom-9574531/,,https://images.pexels.com/photos/9574531/pexels-photo-9574531.jpeg?auto=compress&cs=tinysrgb&h=650&w=940,https://images.pexels.com/photos/9574531/pexels-photo-9574531.jpeg?auto=compress&cs=tinysrgb&h=130,https://images.pexels.com/photos/9574531/pexels-photo-9574531.jpeg,pexels,success,1.0,1.0,0.98,"['medical_staff', 'ppe', 'mask', 'gloves']",unknown,图片中有一名穿着防护服和口罩的人在走廊行走，符合医务人员的标准。,"```json
{
  ""has_people"": 1,
  ""has_protective_medical_staff"": 1,
  ""confidence"": 0.98,
  ""tags"": [""medical_staff"", ""ppe"", ""mask"", ""gloves""],
  ""reason"": ""图片中有一名穿着防护服和口罩的人在走廊行走，符合医务人员的标准。""
}
```",
3936360,covid 19,3936360_Conceptual_image_featuring_gold_pills_and_syringes_forming_the_word__virus__on_a_dark_backdrop..jpg,data/raw\3936360_Conceptual_image_featuring_gold_pills_and_syringes_forming_the_word__virus__on_a_dark_backdrop..jpg,Conceptual image featuring gold pills and syringes forming the word 'virus' on a dark backdrop.,,5874,3774,#312B27,,,,,Miguel Á. Padriñán,,https://www.pexels.com/@padrinan,https://www.pexels.com/photo/syringe-and-pills-on-blue-background-3936360/,,https://images.pexels.com/photos/3936360/pexels-photo-3936360.jpeg?auto=compress&cs=tinysrgb&h=650&w=940,https://images.pexels.com/photos/3936360/pexels-photo-3936360.jpeg?auto=compress&cs=tinysrgb&h=130,https://images.pexels.com/photos/3936360/pexels-photo-3936360.jpeg,pexels,success,0.0,0.0,0.95,['virus'],unknown,图片中没有出现人物或医务人员，主要元素是与病毒相关的符号和医疗用品。,"```json
{
  ""has_people"": 0,
  ""has_protective_medical_staff"": 0,
  ""confidence"": 0.95,
  ""tags"": [""virus""],
  ""reason"": ""图片中没有出现人物或医务人员，主要元素是与病毒相关的符号和医疗用品。""
}
```",
7338026,covid 19,7338026_A_woman_with_short_blonde_hair_adjusts_her_black_face_mask_indoors_for_safety..jpg,data/raw\7338026_A_woman_with_short_blonde_hair_adjusts_her_black_face_mask_indoors_for_safety..jpg,A woman with short blonde hair adjusts her black face mask indoors for safety.,,3000,2000,#A29787,,,,,Polina Tankilevitch,,https://www.pexels.com/@polina-tankilevitch,https://www.pexels.com/photo/a-woman-in-black-shirt-removing-her-face-mask-7338026/,,https://images.pexels.com/photos/7338026/pexels-photo-7338026.jpeg?auto=compress&cs=tinysrgb&h=650&w=940,https://images.pexels.com/photos/7338026/pexels-photo-7338026.jpeg?auto=compress&cs=tinysrgb&h=130,https://images.pexels.com/photos/7338026/pexels-photo-7338026.jpeg,pexels,success,1.0,0.0,0.95,"['ppe', 'mask']",unknown,图片中的人正在佩戴口罩，但没有明显的防护服或医疗装备。,"```json
{
  ""has_people"": 1,
  ""has_protective_medical_staff"": 0,
  ""confidence"": 0.95,
  ""tags"": [""ppe"", ""mask""],
  ""reason"": ""图片中的人正在佩戴口罩，但没有明显的防护服或医疗装备。""
}
```",
3952201,covid 19,3952201_A_worried_person_standing_in_front_of_a_transparent_barrier_with__Coronavirus__sign__illustrating_pandemic_anxiety..jpg,data/raw\3952201_A_worried_person_standing_in_front_of_a_transparent_barrier_with__Coronavirus__sign__illustrating_pandemic_anxiety..jpg,"A worried person standing in front of a transparent barrier with 'Coronavirus' sign, illustrating pandemic anxiety.",,5929,3953,#C37768,,,,,cottonbro studio,,https://www.pexels.com/@cottonbro,https://www.pexels.com/photo/woman-in-white-crew-neck-t-shirt-with-fear-in-her-face-3952201/,,https://images.pexels.com/photos/3952201/pexels-photo-3952201.jpeg?auto=compress&cs=tinysrgb&h=650&w=940,https://images.pexels.com/photos/3952201/pexels-photo-3952201.jpeg?auto=compress&cs=tinysrgb&h=130,https://images.pexels.com/photos/3952201/pexels-photo-3952201.jpeg,pexels,success,1.0,0.0,0.95,"['nurse', 'virus', 'covid_sign']",unknown,图片中有一个人手持写着'CORONAVIRUS'的牌子，背景模糊不清，无法确认是否为医务人员或防护服。,"```json
{
  ""has_people"": 1,
  ""has_protective_medical_staff"": 0,
  ""confidence"": 0.95,
  ""tags"": [""nurse"", ""virus"", ""covid_sign""],
  ""reason"": ""图片中有一个人手持写着'CORONAVIRUS'的牌子，背景模糊不清，无法确认是否为医务人员或防护服。""
}
```",
11624070,covid 19,11624070_Travel_essentials_during_the_pandemic__a_COVID-19_PCR_test_and_a_passport..jpg,data/raw\11624070_Travel_essentials_during_the_pandemic__a_COVID-19_PCR_test_and_a_passport..jpg,Travel essentials during the pandemic: a COVID-19 PCR test and a passport.,,4800,3200,#CBBFC9,,,,,adrian vieriu,,https://www.pexels.com/@printexstar,https://www.pexels.com/photo/passport-beside-a-covid-test-11624070/,,https://images.pexels.com/photos/11624070/pexels-photo-11624070.jpeg?auto=compress&cs=tinysrgb&h=650&w=940,https://images.pexels.com/photos/11624070/pexels-photo-11624070.jpeg?auto=compress&cs=tinysrgb&h=130,https://images.pexels.com/photos/11624070/pexels-photo-11624070.jpeg,pexels,success,0.0,0.0,0.95,['testing'],unknown,图片中只有一支新冠PCR测试管和一本护照，没有出现任何人体或医务人员。,"```json
{
  ""has_people"": 0,
  ""has_protective_medical_staff"": 0,
  ""confidence"": 0.95,
  ""tags"": [""testing""],
  ""reason"": ""图片中只有一支新冠PCR测试管和一本护照，没有出现任何人体或医务人员。""
}
```",
5994625,covid 19,5994625_Medical_supplies_and_medications_displayed_on_a_red_background__emphasizing_healthcare_essentials..jpg,data/raw\5994625_Medical_supplies_and_medications_displayed_on_a_red_background__emphasizing_healthcare_essentials..jpg,"Medical supplies and medications displayed on a red background, emphasizing healthcare essentials.",,6147,4098,#CF6161,,,,,Maksim Goncharenok,,https://www.pexels.com/@maksgelatin,https://www.pexels.com/photo/covid-essentials-on-red-surface-5994625/,,https://images.pexels.com/photos/5994625/pexels-photo-5994625.jpeg?auto=compress&cs=tinysrgb&h=650&w=940,https://images.pexels.com/photos/5994625/pexels-photo-5994625.jpeg?auto=compress&cs=tinysrgb&h=130,https://images.pexels.com/photos/5994625/pexels-photo-5994625.jpeg,pexels,success,0.0,0.0,0.95,"['medical_staff', 'ppe', 'mask']",unknown,图片中没有可见的人类形象，但有医疗相关的物品如口罩和疫苗注射器等。,"```json
{
  ""has_people"": 0,
  ""has_protective_medical_staff"": 0,
  ""confidence"": 0.95,
  ""tags"": [""medical_staff"", ""ppe"", ""mask""],
  ""reason"": ""图片中没有可见的人类形象，但有医疗相关的物品如口罩和疫苗注射器等。""
}
```",
8442570,covid 19,8442570_Red_sign_warning_of_COVID-19_affected_zone__advising_not_to_enter..jpg,data/raw\8442570_Red_sign_warning_of_COVID-19_affected_zone__advising_not_to_enter..jpg,"Red sign warning of COVID-19 affected zone, advising not to enter.",,3466,5192,#C2A5A7,,,,,Pavel Danilyuk,,https://www.pexels.com/@pavel-danilyuk,https://www.pexels.com/photo/covid-19-affected-zone-warning-on-red-sign-8442570/,,https://images.pexels.com/photos/8442570/pexels-photo-8442570.jpeg?auto=compress&cs=tinysrgb&h=650&w=940,https://images.pexels.com/photos/8442570/pexels-photo-8442570.jpeg?auto=compress&cs=tinysrgb&h=130,https://images.pexels.com/photos/8442570/pexels-photo-8442570.jpeg,pexels,success,0.0,0.0,0.95,['covid_sign'],unknown,"图片中只有一张红色的标志贴纸，上面写着'COVID-19 AFFECTED ZONE Please, DON'T ENTER'，没有显示有人员或医务人员。","```json
{
  ""has_people"": 0,
  ""has_protective_medical_staff"": 0,
  ""confidence"": 0.95,
  ""tags"": [""covid_sign""],
  ""reason"": ""图片中只有一张红色的标志贴纸，上面写着'COVID-19 AFFECTED ZONE Please, DON'T ENTER'，没有显示有人员或医务人员。""
}
```",
5994671,covid 19,5994671_Top_view_of_COVID-19_vaccine_vials_arranged_on_a_blue_surface..jpg,data/raw\5994671_Top_view_of_COVID-19_vaccine_vials_arranged_on_a_blue_surface..jpg,Top view of COVID-19 vaccine vials arranged on a blue surface.,,3527,5290,#87C3D5,,,,,Maksim Goncharenok,,https://www.pexels.com/@maksgelatin,https://www.pexels.com/photo/vials-on-a-blue-surface-5994671/,,https://images.pexels.com/photos/5994671/pexels-photo-5994671.jpeg?auto=compress&cs=tinysrgb&h=650&w=940,https://images.pexels.com/photos/5994671/pexels-photo-5994671.jpeg?auto=compress&cs=tinysrgb&h=130,https://images.pexels.com/photos/5994671/pexels-photo-5994671.jpeg,pexels,success,0.0,0.0,0.95,['vaccination'],unknown,图片中有疫苗瓶，但没有显示人或医务人员。,"```json
{
  ""has_people"": 0,
  ""has_protective_medical_staff"": 0,
  ""confidence"": 0.95,
  ""tags"": [""vaccination""],
  ""reason"": ""图片中有疫苗瓶，但没有显示人或医务人员。""
}
```",
11624167,covid 19,11624167_Flat_lay_of_a_travel_passport__face_mask__and_COVID-19_QR_code_on_a_white_surface__symbolizing_pandemic_travel..jpg,data/raw\11624167_Flat_lay_of_a_travel_passport__face_mask__and_COVID-19_QR_code_on_a_white_surface__symbolizing_pandemic_travel..jpg,"Flat lay of a travel passport, face mask, and COVID-19 QR code on a white surface, symbolizing pandemic travel.",,4800,3200,#D0C9D1,,,,,adrian vieriu,,https://www.pexels.com/@printexstar,https://www.pexels.com/photo/a-passport-and-a-face-mask-o-a-white-surface-11624167/,,https://images.pexels.com/photos/11624167/pexels-photo-11624167.jpeg?auto=compress&cs=tinysrgb&h=650&w=940,https://images.pexels.com/photos/11624167/pexels-photo-11624167.jpeg?auto=compress&cs=tinysrgb&h=130,https://images.pexels.com/photos/11624167/pexels-photo-11624167.jpeg,pexels,success,0.0,0.0,0.95,"['passport', 'mask']",unknown,图片中只包含护照和口罩，没有显示任何人体或医务人员。,"```json
{
  ""has_people"": 0,
  ""has_protective_medical_staff"": 0,
  ""confidence"": 0.95,
  ""tags"": [""passport"", ""mask""],
  ""reason"": ""图片中只包含护照和口罩，没有显示任何人体或医务人员。""
}
```",
5994654,covid 19,5994654_Close-up_image_of_Covid-19_vaccine_vials_with_labels_on_a_light_blue_background..jpg,data/raw\5994654_Close-up_image_of_Covid-19_vaccine_vials_with_labels_on_a_light_blue_background..jpg,Close-up image of Covid-19 vaccine vials with labels on a light blue background.,,6647,4431,#98D5EB,,,,,Maksim Goncharenok,,https://www.pexels.com/@maksgelatin,https://www.pexels.com/photo/ampoules-on-light-blue-background-5994654/,,https://images.pexels.com/photos/5994654/pexels-photo-5994654.jpeg?auto=compress&cs=tinysrgb&h=650&w=940,https://images.pexels.com/photos/5994654/pexels-photo-5994654.jpeg?auto=compress&cs=tinysrgb&h=130,https://images.pexels.com/photos/5994654/pexels-photo-5994654.jpeg,pexels,success,0.0,0.0,0.95,['vaccination'],unknown,图片中显示的是疫苗瓶，没有出现人员或防护服。,"```json
{
  ""has_people"": 0,
  ""has_protective_medical_staff"": 0,
  ""confidence"": 0.95,
  ""tags"": [""vaccination""],
  ""reason"": ""图片中显示的是疫苗瓶，没有出现人员或防护服。""
}
```",
5995266,covid 19,5995266_COVID-19_vaccine_vial__syringe__and_test_tube_arranged_on_a_red_background__symbolizing_healthcare..jpg,data/raw\5995266_COVID-19_vaccine_vial__syringe__and_test_tube_arranged_on_a_red_background__symbolizing_healthcare..jpg,"COVID-19 vaccine vial, syringe, and test tube arranged on a red background, symbolizing healthcare.",,3309,2206,#F12409,,,,,Maksim Goncharenok,,https://www.pexels.com/@maksgelatin,https://www.pexels.com/photo/vaccine-bottle-on-red-background-5995266/,,https://images.pexels.com/photos/5995266/pexels-photo-5995266.jpeg?auto=compress&cs=tinysrgb&h=650&w=940,https://images.pexels.com/photos/5995266/pexels-photo-5995266.jpeg?auto=compress&cs=tinysrgb&h=130,https://images.pexels.com/photos/5995266/pexels-photo-5995266.jpeg,pexels,success,0.0,0.0,0.95,['vaccination'],unknown,图片中只包含疫苗瓶和注射器，没有出现人员或防护装备。,"```json
{
  ""has_people"": 0,
  ""has_protective_medical_staff"": 0,
  ""confidence"": 0.95,
  ""tags"": [""vaccination""],
  ""reason"": ""图片中只包含疫苗瓶和注射器，没有出现人员或防护装备。""
}
```",
5994655,covid 19,5994655_Close-up_of_COVID-19_vaccine_vials_on_a_blue_background__highlighting_vaccination_themes..jpg,data/raw\5994655_Close-up_of_COVID-19_vaccine_vials_on_a_blue_background__highlighting_vaccination_themes..jpg,"Close-up of COVID-19 vaccine vials on a blue background, highlighting vaccination themes.",,4221,6331,#91D4ED,,,,,Maksim Goncharenok,,https://www.pexels.com/@maksgelatin,https://www.pexels.com/photo/close-up-shot-of-vials-of-vaccines-5994655/,,https://images.pexels.com/photos/5994655/pexels-photo-5994655.jpeg?auto=compress&cs=tinysrgb&h=650&w=940,https://images.pexels.com/photos/5994655/pexels-photo-5994655.jpeg?auto=compress&cs=tinysrgb&h=130,https://images.pexels.com/photos/5994655/pexels-photo-5994655.jpeg,pexels,success,0.0,0.0,0.95,['vaccination'],unknown,图片中有疫苗瓶，但没有显示人或医务人员。,"```json
{
  ""has_people"": 0,
  ""has_protective_medical_staff"": 0,
  ""confidence"": 0.95,
  ""tags"": [""vaccination""],
  ""reason"": ""图片中有疫苗瓶，但没有显示人或医务人员。""
}
```",
4127430,covid 19,4127430_Optimistic_family_in_protective_masks_and_casual_clothes_standing_together_on_street_and_showing_thumbs_up_gesture_while.jpg,data/raw\4127430_Optimistic_family_in_protective_masks_and_casual_clothes_standing_together_on_street_and_showing_thumbs_up_gesture_while.jpg,Optimistic family in protective masks and casual clothes standing together on street and showing thumbs up gesture while looking at camera,,6720,4480,#988B82,,,,,Gustavo Fring,,https://www.pexels.com/@gustavo-fring,https://www.pexels.com/photo/happy-family-in-medical-masks-on-city-street-4127430/,,https://images.pexels.com/photos/4127430/pexels-photo-4127430.jpeg?auto=compress&cs=tinysrgb&h=650&w=940,https://images.pexels.com/photos/4127430/pexels-photo-4127430.jpeg?auto=compress&cs=tinysrgb&h=130,https://images.pexels.com/photos/4127430/pexels-photo-4127430.jpeg,pexels,success,1.0,0.0,0.95,"['ppe', 'mask', 'gloves']",unknown,图片中有四个人，其中三个人戴着口罩和手套，但没有明显的防护服或医务人员。,"```json
{
  ""has_people"": 1,
  ""has_protective_medical_staff"": 0,
  ""confidence"": 0.95,
  ""tags"": [""ppe"", ""mask"", ""gloves""],
  ""reason"": ""图片中有四个人，其中三个人戴着口罩和手套，但没有明显的防护服或医务人员。""
}
```",
5552806,covid 19,5552806_COVID_spelled_with_autumn_leaves_and_face_mask_on_grass__representing_pandemic_season..jpg,data/raw\5552806_COVID_spelled_with_autumn_leaves_and_face_mask_on_grass__representing_pandemic_season..jpg,"COVID spelled with autumn leaves and face mask on grass, representing pandemic season.",,6604,4403,#525129,,,,,Maksim Goncharenok,,https://www.pexels.com/@maksgelatin,https://www.pexels.com/photo/yellow-flowers-on-green-grass-field-5552806/,,https://images.pexels.com/photos/5552806/pexels-photo-5552806.jpeg?auto=compress&cs=tinysrgb&h=650&w=940,https://images.pexels.com/photos/5552806/pexels-photo-5552806.jpeg?auto=compress&cs=tinysrgb&h=130,https://images.pexels.com/photos/5552806/pexels-photo-5552806.jpeg,pexels,success,0.0,0.0,0.95,"['ppe', 'mask']",unknown,图片中没有出现任何人体或医疗人员，只有口罩和树叶组成的'COVID'字样。,"```json
{
  ""has_people"": 0,
  ""has_protective_medical_staff"": 0,
  ""confidence"": 0.95,
  ""tags"": [""ppe"", ""mask""],
  ""reason"": ""图片中没有出现任何人体或医疗人员，只有口罩和树叶组成的'COVID'字样。""
}
```",
5994568,covid 19,5994568_Hands_in_blue_gloves_holding_COVID-19_vaccine_vials_against_a_blue_background..jpg,data/raw\5994568_Hands_in_blue_gloves_holding_COVID-19_vaccine_vials_against_a_blue_background..jpg,Hands in blue gloves holding COVID-19 vaccine vials against a blue background.,,3945,2630,#3F9BB8,,,,,Maksim Goncharenok,,https://www.pexels.com/@maksgelatin,https://www.pexels.com/photo/hands-holding-vials-5994568/,,https://images.pexels.com/photos/5994568/pexels-photo-5994568.jpeg?auto=compress&cs=tinysrgb&h=650&w=940,https://images.pexels.com/photos/5994568/pexels-photo-5994568.jpeg?auto=compress&cs=tinysrgb&h=130,https://images.pexels.com/photos/5994568/pexels-photo-5994568.jpeg,pexels,success,1.0,1.0,0.95,"['nurse', 'ppe', 'gloves']",unknown,图片中有穿着防护手套的手，表明有医务人员在场。,"```json
{
  ""has_people"": 1,
  ""has_protective_medical_staff"": 1,
  ""confidence"": 0.95,
  ""tags"": [""nurse"", ""ppe"", ""gloves""],
  ""reason"": ""图片中有穿着防护手套的手，表明有医务人员在场。""
}
```",
8588646,covid 19,8588646_Top_view_of_mask_labeled__corona_virus__surrounded_by_pills_on_a_blue_background..jpg,data/raw\8588646_Top_view_of_mask_labeled__corona_virus__surrounded_by_pills_on_a_blue_background..jpg,Top view of mask labeled 'corona virus' surrounded by pills on a blue background.,,4592,3064,#9AD0E8,,,,,Towfiqu barbhuiya,,https://www.pexels.com/@towfiqu-barbhuiya-3440682,https://www.pexels.com/photo/pills-around-mask-with-corona-virus-text-8588646/,,https://images.pexels.com/photos/8588646/pexels-photo-8588646.jpeg?auto=compress&cs=tinysrgb&h=650&w=940,https://images.pexels.com/photos/8588646/pexels-photo-8588646.jpeg?auto=compress&cs=tinysrgb&h=130,https://images.pexels.com/photos/8588646/pexels-photo-8588646.jpeg,pexels,success,0.0,0.0,0.95,"['corona virus', 'mask']",unknown,图片中没有出现人物，也没有明显的防护服和医疗装备。,"```json
{
  ""has_people"": 0,
  ""has_protective_medical_staff"": 0,
  ""confidence"": 0.95,
  ""tags"": [""corona virus"", ""mask""],
  ""reason"": ""图片中没有出现人物，也没有明显的防护服和医疗装备。""
}
```",
6074919,covid 19,6074919_Crop_unrecognizable_female_medical_specialist_in_protective_gloves_filling_syringe_with_COVID_19_vaccine_against_pink_ba.jpg,data/raw\6074919_Crop_unrecognizable_female_medical_specialist_in_protective_gloves_filling_syringe_with_COVID_19_vaccine_against_pink_ba.jpg,Crop unrecognizable female medical specialist in protective gloves filling syringe with COVID 19 vaccine against pink background,,4160,6240,#DF99B5,,,,,Alena Shekhovtcova,,https://www.pexels.com/@alena-shekhovtcova,https://www.pexels.com/photo/anonymous-doctor-preparing-injection-of-coronavirus-vaccine-6074919/,,https://images.pexels.com/photos/6074919/pexels-photo-6074919.jpeg?auto=compress&cs=tinysrgb&h=650&w=940,https://images.pexels.com/photos/6074919/pexels-photo-6074919.jpeg?auto=compress&cs=tinysrgb&h=130,https://images.pexels.com/photos/6074919/pexels-photo-6074919.jpeg,pexels,success,1.0,1.0,0.95,"['nurse', 'ppe', 'gloves']",unknown,图片中有穿着防护手套的手，表明有医务人员在操作疫苗注射器。,"```json
{
  ""has_people"": 1,
  ""has_protective_medical_staff"": 1,
  ""confidence"": 0.95,
  ""tags"": [""nurse"", ""ppe"", ""gloves""],
  ""reason"": ""图片中有穿着防护手套的手，表明有医务人员在操作疫苗注射器。""
}
```",
4149042,covid 19,4149042_Close-up_of_a_gloved_hand_holding_a_coronavirus_test_sample_tube_in_a_lab..jpg,data/raw\4149042_Close-up_of_a_gloved_hand_holding_a_coronavirus_test_sample_tube_in_a_lab..jpg,Close-up of a gloved hand holding a coronavirus test sample tube in a lab.,,3936,2624,#B5B5B8,,,,,Gustavo Fring,,https://www.pexels.com/@gustavo-fring,https://www.pexels.com/photo/person-holding-test-tube-and-syringe-4149042/,,https://images.pexels.com/photos/4149042/pexels-photo-4149042.jpeg?auto=compress&cs=tinysrgb&h=650&w=940,https://images.pexels.com/photos/4149042/pexels-photo-4149042.jpeg?auto=compress&cs=tinysrgb&h=130,https://images.pexels.com/photos/4149042/pexels-photo-4149042.jpeg,pexels,success,1.0,1.0,0.95,"['medical_staff', 'ppe', 'gloves']",unknown,图片中有穿着防护服的手套，表明有医务人员在进行医疗操作。,"```json
{
  ""has_people"": 1,
  ""has_protective_medical_staff"": 1,
  ""confidence"": 0.95,
  ""tags"": [""medical_staff"", ""ppe"", ""gloves""],
  ""reason"": ""图片中有穿着防护服的手套，表明有医务人员在进行医疗操作。""
}
```",
4108225,covid 19,4108225_Shadowed_text_saying__We_will_survive_coronavirus__symbolizing_hope_and_resilience..jpg,data/raw\4108225_Shadowed_text_saying__We_will_survive_coronavirus__symbolizing_hope_and_resilience..jpg,Shadowed text saying 'We will survive coronavirus' symbolizing hope and resilience.,,4147,6220,#CECDD2,,,,,Polina Zimmerman,,https://www.pexels.com/@polina-zimmerman,https://www.pexels.com/photo/covid-19-related-text-on-white-background-4108225/,,https://images.pexels.com/photos/4108225/pexels-photo-4108225.jpeg?auto=compress&cs=tinysrgb&h=650&w=940,https://images.pexels.com/photos/4108225/pexels-photo-4108225.jpeg?auto=compress&cs=tinysrgb&h=130,https://images.pexels.com/photos/4108225/pexels-photo-4108225.jpeg,pexels,success,0.0,0.0,0.95,['coronavirus'],unknown,图片内容为'我们将会在冠状病毒中生存',"```json
{
  ""has_people"": 0,
  ""has_protective_medical_staff"": 0,
  ""confidence"": 0.95,
  ""tags"": [""coronavirus""],
  ""reason"": ""图片内容为'我们将会在冠状病毒中生存'""
}
```",
11624148,covid 19,11624148_Close-up_of_a_COVID-19_rapid_antigen_test_kit_featuring_a_swab__dropper__and_test_strip_on_a_white_surface..jpg,data/raw\11624148_Close-up_of_a_COVID-19_rapid_antigen_test_kit_featuring_a_swab__dropper__and_test_strip_on_a_white_surface..jpg,"Close-up of a COVID-19 rapid antigen test kit featuring a swab, dropper, and test strip on a white surface.",,4800,3200,#D7DAE3,,,,,adrian vieriu,,https://www.pexels.com/@printexstar,https://www.pexels.com/photo/rapid-antigen-test-kit-on-a-flat-white-surface-11624148/,,https://images.pexels.com/photos/11624148/pexels-photo-11624148.jpeg?auto=compress&cs=tinysrgb&h=650&w=940,https://images.pexels.com/photos/11624148/pexels-photo-11624148.jpeg?auto=compress&cs=tinysrgb&h=130,https://images.pexels.com/photos/11624148/pexels-photo-11624148.jpeg,pexels,success,0.0,0.0,0.95,['testing'],unknown,图片中只有一支新冠抗原快速检测试剂盒，没有显示有人员或防护服的医务人员。,"```json
{
  ""has_people"": 0,
  ""has_protective_medical_staff"": 0,
  ""confidence"": 0.95,
  ""tags"": [""testing""],
  ""reason"": ""图片中只有一支新冠抗原快速检测试剂盒，没有显示有人员或防护服的医务人员。""
}
```",
3952183,covid 19,3952183_Portrait_of_a_man_wearing_a_mask_holding_a_coronavirus_sign_in_front_of_a_red_background..jpg,data/raw\3952183_Portrait_of_a_man_wearing_a_mask_holding_a_coronavirus_sign_in_front_of_a_red_background..jpg,Portrait of a man wearing a mask holding a coronavirus sign in front of a red background.,,4000,6000,#B58783,,,,,cottonbro studio,,https://www.pexels.com/@cottonbro,https://www.pexels.com/photo/man-with-face-mask-holding-a-poster-with-coronavirus-text-3952183/,,https://images.pexels.com/photos/3952183/pexels-photo-3952183.jpeg?auto=compress&cs=tinysrgb&h=650&w=940,https://images.pexels.com/photos/3952183/pexels-photo-3952183.jpeg?auto=compress&cs=tinysrgb&h=130,https://images.pexels.com/photos/3952183/pexels-photo-3952183.jpeg,pexels,success,1.0,0.0,0.95,"['ppe', 'mask']",unknown,图片中有一个人戴着口罩，但没有明显的防护服或医疗装备。,"```json
{
  ""has_people"": 1,
  ""has_protective_medical_staff"": 0,
  ""confidence"": 0.95,
  ""tags"": [""ppe"", ""mask""],
  ""reason"": ""图片中有一个人戴着口罩，但没有明显的防护服或医疗装备。""
}
```",
