search_query,title,image_url,filename,save_path,download_status,has_people,has_plague_doctor,has_grim_reaper,confidence,tags,reason,error
plague doctor,pinterest_plague doctor_1,https://i.pinimg.com/60x60/9e/be/e0/9ebee0170c7232b0a3ff28532e44d095.jpg,plague_doctor_1775741852_pinterest_plague_doctor_1.jpg,pinterest_data\raw\plague_doctor_1775741852_pinterest_plague_doctor_1.jpg,success,1,0,0,0.95,"['plague_doctor', 'mask', 'beak_mask']",图片中的人物穿着黑色长袍，戴着鸟嘴形状的面具，符合‘鸟嘴医生’的特征。,
plague doctor,pinterest_plague doctor_2,https://i.pinimg.com/60x60/e9/2e/3d/e92e3db0fe886a38de46f59a4d8a826d.jpg,plague_doctor_1775741854_pinterest_plague_doctor_2.jpg,pinterest_data\raw\plague_doctor_1775741854_pinterest_plague_doctor_2.jpg,success,0,0,0,0.95,"['mask', 'beak_mask']",图像中没有可见的人物，因此无法识别'鸟嘴医生'和'死神'的形象。,
plague doctor,pinterest_plague doctor_3,https://i.pinimg.com/60x60/c9/8f/1a/c98f1a1b507525879953c6adcaaefbaa.jpg,plague_doctor_1775741855_pinterest_plague_doctor_3.jpg,pinterest_data\raw\plague_doctor_1775741855_pinterest_plague_doctor_3.jpg,success,1,1,0,0.95,"['plague_doctor', 'mask', 'beak_mask']",图片中的人物穿着黑色长袍，戴着鸟嘴形状的面具，符合‘鸟嘴医生’的特征。,
plague doctor,pinterest_plague doctor_4,https://i.pinimg.com/60x60/ae/87/13/ae8713b61f1f998692c7a7dbc0f5560b.jpg,plague_doctor_1775741856_pinterest_plague_doctor_4.jpg,pinterest_data\raw\plague_doctor_1775741856_pinterest_plague_doctor_4.jpg,success,0,0,0,0.95,"['robe', 'mask', 'beak_mask']",图片中没有可见的人物形象。,
plague doctor,pinterest_plague doctor_5,https://i.pinimg.com/60x60/77/8b/02/778b02fb3fa98fce4a9f9dd2fa20faa0.jpg,plague_doctor_1775741857_pinterest_plague_doctor_5.jpg,pinterest_data\raw\plague_doctor_1775741857_pinterest_plague_doctor_5.jpg,success,1,0,0,0.95,"['robe', 'mask', 'beak_mask']",图片中的人物穿着黑色长袍，戴着类似鸟嘴形状的面具，符合'鸟嘴医生'的特征。,
plague doctor,pinterest_plague doctor_6,https://i.pinimg.com/60x60/45/83/27/458327d1249f50f51614bb88a559d097.jpg,plague_doctor_1775741859_pinterest_plague_doctor_6.jpg,pinterest_data\raw\plague_doctor_1775741859_pinterest_plague_doctor_6.jpg,success,1,0,0,0.95,"['robe', 'mask', 'beak_mask']",图片中的人物穿着黑色长袍，戴着鸟嘴形状的面具，符合'鸟嘴医生'的特征。,
plague doctor,pinterest_plague doctor_7,https://i.pinimg.com/60x60/fc/c1/71/fcc171495a8d96199878efb3b7ae523b.jpg,plague_doctor_1775741860_pinterest_plague_doctor_7.jpg,pinterest_data\raw\plague_doctor_1775741860_pinterest_plague_doctor_7.jpg,success,1,0,0,0.95,"['plague_doctor', 'robe', 'mask', 'beak_mask']",图片中的人物穿着黑色长袍，戴着鸟嘴形状的面具，符合‘鸟嘴医生’的特征。,
plague doctor,pinterest_plague doctor_8,https://i.pinimg.com/60x60/85/da/84/85da8473d72a3e53cfee6ce3871fcaa4.jpg,plague_doctor_1775741861_pinterest_plague_doctor_8.jpg,pinterest_data\raw\plague_doctor_1775741861_pinterest_plague_doctor_8.jpg,success,1,0,0,0.95,"['plague_doctor', 'mask', 'beak_mask']",图片中的人物穿着黑色长袍，戴着鸟嘴形状的面具，符合'鸟嘴医生'的特征。,
plague doctor,pinterest_plague doctor_9,https://i.pinimg.com/60x60/20/eb/a6/20eba601f383edf04036d16bd9fb7146.jpg,plague_doctor_1775741862_pinterest_plague_doctor_9.jpg,pinterest_data\raw\plague_doctor_1775741862_pinterest_plague_doctor_9.jpg,success,1,0,0,0.95,"['plague_doctor', 'mask', 'beak_mask']",图中有一个人物，穿着黑色长袍，戴着鸟嘴形状的面具。,
plague doctor,pinterest_plague doctor_10,https://i.pinimg.com/60x60/d5/6c/d7/d56cd7e02e9e726909c0ce1accb87595.jpg,plague_doctor_1775741863_pinterest_plague_doctor_10.jpg,pinterest_data\raw\plague_doctor_1775741863_pinterest_plague_doctor_10.jpg,success,1,1,0,0.95,"['plague_doctor', 'mask', 'beak_mask']",图片中有两个穿着黑色长袍和戴有鸟嘴形状面具的人物，符合'鸟嘴医生'的特征。,
plague doctor,pinterest_plague doctor_11,https://i.pinimg.com/60x60/9b/7f/88/9b7f8818eb173799e51a24b61a08c23a.jpg,plague_doctor_1775741865_pinterest_plague_doctor_11.jpg,pinterest_data\raw\plague_doctor_1775741865_pinterest_plague_doctor_11.jpg,success,1,0,0,0.95,"['plague_doctor', 'mask', 'beak_mask']",图片中的人物穿着黑色长袍，戴着鸟嘴形状的面具，符合‘鸟嘴医生’的特征。,
plague doctor,pinterest_plague doctor_12,https://i.pinimg.com/60x60/dd/2c/b8/dd2cb819530c8bef23366fece1a57822.jpg,plague_doctor_1775741866_pinterest_plague_doctor_12.jpg,pinterest_data\raw\plague_doctor_1775741866_pinterest_plague_doctor_12.jpg,success,1,0,0,0.95,"['plague_doctor', 'mask', 'beak_mask']",图片中的人物穿着黑色长袍，戴着鸟嘴形状的面具，符合'鸟嘴医生'的特征。,
plague doctor,pinterest_plague doctor_13,https://i.pinimg.com/60x60/f4/26/8a/f4268a64ab16e059a778e4ec17235f77.jpg,plague_doctor_1775741867_pinterest_plague_doctor_13.jpg,pinterest_data\raw\plague_doctor_1775741867_pinterest_plague_doctor_13.jpg,success,0,0,0,0.95,"['robe', 'mask']",图片中没有可见的人物形象。,
plague doctor,pinterest_plague doctor_14,https://i.pinimg.com/60x60/4d/60/cf/4d60cfe94de3770af50ec3cef7d750eb.jpg,plague_doctor_1775741868_pinterest_plague_doctor_14.jpg,pinterest_data\raw\plague_doctor_1775741868_pinterest_plague_doctor_14.jpg,success,1,0,0,0.95,"['plague_doctor', 'mask', 'beak_mask']",图像中有一个穿着黑色长袍并戴着鸟嘴形状面具的人物，符合'鸟嘴医生'的特征。,
plague doctor,pinterest_plague doctor_15,https://i.pinimg.com/60x60/34/08/05/340805e7c08e1af92f8735ee6661b561.jpg,plague_doctor_1775741869_pinterest_plague_doctor_15.jpg,pinterest_data\raw\plague_doctor_1775741869_pinterest_plague_doctor_15.jpg,success,1,0,1,0.95,"['plague_doctor', 'grim_reaper', 'skeleton', 'scythe', 'robe', 'mask', 'beak_mask', 'medieval', 'historical', 'outdoor']",图中有一个人穿着黑色长袍和鸟嘴形状的面具，符合‘鸟嘴医生’的特征。同时，这个人还穿着骷髅头和骨镰，符合‘死神’的特征。,
plague doctor,pinterest_plague doctor_16,https://i.pinimg.com/60x60/85/fb/b5/85fbb5315fb04c5b7d3c00c0ef51a4c2.jpg,plague_doctor_1775741870_pinterest_plague_doctor_16.jpg,pinterest_data\raw\plague_doctor_1775741870_pinterest_plague_doctor_16.jpg,success,1,0,0,0.95,"['plague_doctor', 'mask', 'beak_mask']",图片中有一个人物，穿着黑色长袍，戴着鸟嘴形状的面具。,
plague doctor,pinterest_plague doctor_17,https://i.pinimg.com/60x60/20/e0/4f/20e04fd08c1f909da131f2e3642af787.jpg,plague_doctor_1775741871_pinterest_plague_doctor_17.jpg,pinterest_data\raw\plague_doctor_1775741871_pinterest_plague_doctor_17.jpg,success,0,0,0,0.95,"['robe', 'mask', 'beak_mask']",图片中没有人物出现。,
plague doctor,pinterest_plague doctor_18,https://i.pinimg.com/60x60/d8/62/79/d862799d4bde6d30f526fc7de54c948d.jpg,plague_doctor_1775741872_pinterest_plague_doctor_18.jpg,pinterest_data\raw\plague_doctor_1775741872_pinterest_plague_doctor_18.jpg,success,1,0,1,0.95,"['plague_doctor', 'grim_reaper', 'skeleton', 'scythe', 'robe', 'mask', 'beak_mask', 'medieval', 'historical']",图中人物穿着黑色长袍，戴着鸟嘴形状的面具，手持骷髅，符合死神的特征。,
plague doctor,pinterest_plague doctor_19,https://i.pinimg.com/60x60/5a/c9/b4/5ac9b472cae8c022488945dff090f687.jpg,plague_doctor_1775741873_pinterest_plague_doctor_19.jpg,pinterest_data\raw\plague_doctor_1775741873_pinterest_plague_doctor_19.jpg,success,1,0,0,0.95,"['plague_doctor', 'mask', 'beak_mask']",图中人物穿着黑色长袍，戴着鸟嘴形状的面具，符合'鸟嘴医生'的特征。,
plague doctor,pinterest_plague doctor_20,https://i.pinimg.com/60x60/2e/01/11/2e0111e58948013f1b36b7af14c77867.jpg,plague_doctor_1775741874_pinterest_plague_doctor_20.jpg,pinterest_data\raw\plague_doctor_1775741874_pinterest_plague_doctor_20.jpg,success,1,0,1,0.95,"['plague_doctor', 'grim_reaper', 'skeleton', 'scythe', 'robe', 'mask', 'beak_mask', 'medieval', 'historical']",图中人物符合死神的特征，即骷髅骨架、身披黑袍和手持镰刀。,
plague doctor,pinterest_plague doctor_21,https://i.pinimg.com/60x60/7e/50/24/7e5024aedd6f1922c687f3a474cb64f7.jpg,plague_doctor_1775741875_pinterest_plague_doctor_21.jpg,pinterest_data\raw\plague_doctor_1775741875_pinterest_plague_doctor_21.jpg,success,1,0,0,0.95,"['plague_doctor', 'mask', 'beak_mask']",图片中的人物穿着黑色长袍，戴着鸟嘴形状的面具，符合'鸟嘴医生'的特征。,
plague doctor,pinterest_plague doctor_22,https://i.pinimg.com/60x60/0a/15/2e/0a152e6ac9b777597f32731db1972d39.jpg,plague_doctor_1775741877_pinterest_plague_doctor_22.jpg,pinterest_data\raw\plague_doctor_1775741877_pinterest_plague_doctor_22.jpg,success,1,1,0,0.95,"['plague_doctor', 'mask', 'beak_mask']",图片中的人物穿着黑色长袍，戴着鸟嘴形状的面具，符合‘鸟嘴医生’的特征。,
plague doctor,pinterest_plague doctor_23,https://i.pinimg.com/60x60/13/5b/2c/135b2cc99be96165de0584a488d2411f.jpg,plague_doctor_1775741878_pinterest_plague_doctor_23.jpg,pinterest_data\raw\plague_doctor_1775741878_pinterest_plague_doctor_23.jpg,success,1,0,0,0.95,"['robe', 'mask', 'beak_mask']",图片中的人物穿着黑色长袍，戴着鸟嘴形状的面具，符合'鸟嘴医生'的特征。,
plague doctor,"a woman dressed in black holding a wine glass and a bird on her arm, while wearing a top hat",https://i.pinimg.com/236x/ef/00/a0/ef00a0fb2ed849f3e6229fa96e76e875.jpg,plague_doctor_1775741879_a_woman_dressed_in_black_holding_a_wine_glass_and_a_bird_on_her_arm__while_wearing_a_top_hat.jpg,pinterest_data\raw\plague_doctor_1775741879_a_woman_dressed_in_black_holding_a_wine_glass_and_a_bird_on_her_arm__while_wearing_a_top_hat.jpg,success,1,1,0,0.95,"['plague_doctor', 'mask', 'beak_mask', 'medieval']",人物穿着黑色长袍，戴着鸟嘴形状的面具，符合‘鸟嘴医生’的特征。,
plague doctor,其中包括图片：,https://i.pinimg.com/videos/thumbnails/originals/c7/fa/89/c7fa898c461c735cb6430af3530a8972.0000000.jpg,plague_doctor_1775741880_其中包括图片.jpg,pinterest_data\raw\plague_doctor_1775741880_其中包括图片.jpg,success,1,1,0,0.95,"['plague_doctor', 'mask', 'beak_mask']",图片中的人物穿着黑色长袍，戴着鸟嘴形状的面具，符合‘鸟嘴医生’的特征。,
plague doctor,"幻想生物, 万圣节, 涂鸦, 綠色",https://i.pinimg.com/236x/f3/57/af/f357af7c0690834a62457a982e1a756c.jpg,plague_doctor_1775741881_幻想生物__万圣节__涂鸦__綠色.jpg,pinterest_data\raw\plague_doctor_1775741881_幻想生物__万圣节__涂鸦__綠色.jpg,success,1,1,0,0.95,"['plague_doctor', 'mask', 'beak_mask']",图中人物穿着黑色长袍，戴着鸟嘴形状的面具，符合‘鸟嘴医生’的特征。,
plague doctor,the concept art for an animated character,https://i.pinimg.com/236x/6d/ca/eb/6dcaebf8024c6237a201bcb0ee1180b2.jpg,plague_doctor_1775741883_the_concept_art_for_an_animated_character.jpg,pinterest_data\raw\plague_doctor_1775741883_the_concept_art_for_an_animated_character.jpg,success,1,1,0,0.95,"['plague_doctor', 'mask', 'beak_mask']",图中有穿着黑色长袍和戴有鸟嘴形状面具的人物，符合'鸟嘴医生'的特征。,
plague doctor,a black bag with a bird wearing a top hat and holding a light in its hand,https://i.pinimg.com/236x/dd/7e/d2/dd7ed22f723807135ab8785203c5f03b.jpg,plague_doctor_1775741884_a_black_bag_with_a_bird_wearing_a_top_hat_and_holding_a_light_in_its_hand.jpg,pinterest_data\raw\plague_doctor_1775741884_a_black_bag_with_a_bird_wearing_a_top_hat_and_holding_a_light_in_its_hand.jpg,success,1,1,0,0.95,"['plague_doctor', 'mask', 'beak_mask']",图片中的人物穿着黑色长袍，戴着鸟嘴形状的面具，符合‘鸟嘴医生’的特征。,
plague doctor,a drawing of a man in a top hat and long coat with a bird on his shoulder,https://i.pinimg.com/236x/02/b5/08/02b50838f4dd9b392a50ba1fbf6062dd.jpg,plague_doctor_1775741885_a_drawing_of_a_man_in_a_top_hat_and_long_coat_with_a_bird_on_his_shoulder.jpg,pinterest_data\raw\plague_doctor_1775741885_a_drawing_of_a_man_in_a_top_hat_and_long_coat_with_a_bird_on_his_shoulder.jpg,success,1,1,0,0.95,"['plague_doctor', 'mask', 'beak_mask']",图中有两个穿着黑色长袍和戴有鸟嘴面具的人物，符合'鸟嘴医生'的特征。,
plague doctor,"a bird wearing a black hat and holding a bunch of flowers in its beak, against a blue background",https://i.pinimg.com/236x/68/6b/9c/686b9c5201aea9265b872f26939b4a39.jpg,plague_doctor_1775741887_a_bird_wearing_a_black_hat_and_holding_a_bunch_of_flowers_in_its_beak__against_a_blue_background.jpg,pinterest_data\raw\plague_doctor_1775741887_a_bird_wearing_a_black_hat_and_holding_a_bunch_of_flowers_in_its_beak__against_a_blue_background.jpg,success,1,1,0,0.95,"['plague_doctor', 'mask', 'beak_mask', 'medieval']",图片中的人物穿着黑色长袍，戴着鸟嘴形状的面具，符合‘鸟嘴医生’的特征。,
plague doctor,a drawing of a woman standing next to a dog wearing a hat and holding a flower in it's mouth,https://i.pinimg.com/236x/04/19/a6/0419a608464e2de113acaa25bc9d69bb.jpg,plague_doctor_1775741888_a_drawing_of_a_woman_standing_next_to_a_dog_wearing_a_hat_and_holding_a_flower_in_it_s_mouth.jpg,pinterest_data\raw\plague_doctor_1775741888_a_drawing_of_a_woman_standing_next_to_a_dog_wearing_a_hat_and_holding_a_flower_in_it_s_mouth.jpg,success,1,1,0,0.95,"['plague_doctor', 'mask', 'beak_mask']",图中有一个人物，穿着黑色长袍和鸟嘴形状的面具，符合'鸟嘴医生'的特征。,
plague doctor,a man in a top hat and trench coat standing next to a tiled wall with red eyes,https://i.pinimg.com/236x/8a/bc/ec/8abcece5567888912468c1e537fdaa85.jpg,plague_doctor_1775741889_a_man_in_a_top_hat_and_trench_coat_standing_next_to_a_tiled_wall_with_red_eyes.jpg,pinterest_data\raw\plague_doctor_1775741889_a_man_in_a_top_hat_and_trench_coat_standing_next_to_a_tiled_wall_with_red_eyes.jpg,success,1,1,0,0.95,"['plague_doctor', 'mask', 'beak_mask']",该人物穿着黑色长袍，戴着带有红色眼睛的鸟嘴形状面具，符合‘鸟嘴医生’的特征。,
plague doctor,其中包括图片：Lord Of The Rings,https://i.pinimg.com/videos/thumbnails/originals/bc/01/54/bc015480cad2f7f63e9ce1b2db0e3139.0000000.jpg,plague_doctor_1775741890_其中包括图片_Lord_Of_The_Rings.jpg,pinterest_data\raw\plague_doctor_1775741890_其中包括图片_Lord_Of_The_Rings.jpg,success,1,1,0,0.95,"['plague_doctor', 'mask', 'beak_mask']",图片中的人物穿着黑色长袍，戴着鸟嘴形状的面具，符合'鸟嘴医生'的特征。,
plague doctor,a black bird wearing a top hat and standing next to a man,https://i.pinimg.com/236x/c9/a6/a2/c9a6a271dca0bdac9291bdf590e16b5a.jpg,plague_doctor_1775741891_a_black_bird_wearing_a_top_hat_and_standing_next_to_a_man.jpg,pinterest_data\raw\plague_doctor_1775741891_a_black_bird_wearing_a_top_hat_and_standing_next_to_a_man.jpg,success,1,1,0,0.95,"['plague_doctor', 'mask', 'beak_mask', 'medieval', 'historical']",图片中的人物穿着黑色长袍，戴着鸟嘴形状的面具，符合‘鸟嘴医生’的特征。,
plague doctor,a black and white drawing of a raven wearing a hooded jacket with large round eyes,https://i.pinimg.com/236x/7d/31/3b/7d313b1070e0ae38566934fc83872379.jpg,plague_doctor_1775741893_a_black_and_white_drawing_of_a_raven_wearing_a_hooded_jacket_with_large_round_eyes.jpg,pinterest_data\raw\plague_doctor_1775741893_a_black_and_white_drawing_of_a_raven_wearing_a_hooded_jacket_with_large_round_eyes.jpg,success,1,1,0,0.95,"['plague_doctor', 'mask', 'beak_mask']",图像中的人物穿着黑色长袍，戴着鸟嘴形状的面具，符合‘鸟嘴医生’的特征。,
plague doctor,其中包括图片：Plague doctor cough meme x JoJo,https://i.pinimg.com/videos/thumbnails/originals/01/2e/4a/012e4ab9d5e00bb3639788b0fca52367.0000000.jpg,plague_doctor_1775741894_其中包括图片_Plague_doctor_cough_meme_x_JoJo.jpg,pinterest_data\raw\plague_doctor_1775741894_其中包括图片_Plague_doctor_cough_meme_x_JoJo.jpg,success,1,0,0,0.95,"['plague_doctor', 'robe', 'mask', 'beak_mask']",图片中有一个穿着黑色长袍，戴着鸟嘴形状面具的人。,
plague doctor,其中包括图片：,https://i.pinimg.com/videos/thumbnails/originals/e1/db/60/e1db6044883f770297de18131b9111e3.0000000.jpg,plague_doctor_1775741895_其中包括图片.jpg,pinterest_data\raw\plague_doctor_1775741895_其中包括图片.jpg,success,1,1,0,0.95,"['plague_doctor', 'mask', 'beak_mask', 'medieval', 'historical', 'indoor']",图片中的人物穿着黑色长袍，戴着鸟嘴形状的面具，符合‘鸟嘴医生’的特征。,
plague doctor,a man with crows on his head standing in front of some trees and red lights,https://i.pinimg.com/236x/de/29/09/de29096b18b2f64cdedfb6d5543eaeba.jpg,plague_doctor_1775741896_a_man_with_crows_on_his_head_standing_in_front_of_some_trees_and_red_lights.jpg,pinterest_data\raw\plague_doctor_1775741896_a_man_with_crows_on_his_head_standing_in_front_of_some_trees_and_red_lights.jpg,success,1,0,0,0.95,"['plague_doctor', 'mask', 'beak_mask']",图中人物穿着黑色长袍，戴着鸟嘴形状的面具，符合‘鸟嘴医生’的特征。,
plague doctor,a painting of a man in a top hat and cape with two figures behind him,https://i.pinimg.com/236x/db/ff/d3/dbffd3750a67c17547586331278ea57c.jpg,plague_doctor_1775741897_a_painting_of_a_man_in_a_top_hat_and_cape_with_two_figures_behind_him.jpg,pinterest_data\raw\plague_doctor_1775741897_a_painting_of_a_man_in_a_top_hat_and_cape_with_two_figures_behind_him.jpg,success,1,1,0,0.95,"['plague_doctor', 'mask', 'beak_mask']",图中有穿着黑色长袍和戴有鸟嘴面具的人物，符合'鸟嘴医生'的特征。,
plague doctor,an image of a man in black outfit and hat,https://i.pinimg.com/236x/19/3f/66/193f66cc2c0b2115927b4e8eb95d304b.jpg,plague_doctor_1775741898_an_image_of_a_man_in_black_outfit_and_hat.jpg,pinterest_data\raw\plague_doctor_1775741898_an_image_of_a_man_in_black_outfit_and_hat.jpg,success,1,0,0,0.95,"['plague_doctor', 'mask', 'beak_mask']",图中有一个人物，穿着黑色长袍和鸟嘴形状的面具，符合'鸟嘴医生'的特征。,
plague doctor,a penguin wearing a top hat with the words person coughs,https://i.pinimg.com/236x/01/03/25/010325962ab19c8a8b94482d98601887.jpg,plague_doctor_1775741900_a_penguin_wearing_a_top_hat_with_the_words_person_coughs.jpg,pinterest_data\raw\plague_doctor_1775741900_a_penguin_wearing_a_top_hat_with_the_words_person_coughs.jpg,success,1,1,0,0.95,"['plague_doctor', 'mask', 'beak_mask']",图片中的人物穿着黑色长袍，戴着鸟嘴形状的面具，符合'鸟嘴医生'的特征。,
plague doctor,two different views of the head and neck of a man with a knife in his mouth,https://i.pinimg.com/236x/da/70/4d/da704d39eb0e0d94af9c1c2ccc69ebe5.jpg,plague_doctor_1775741901_two_different_views_of_the_head_and_neck_of_a_man_with_a_knife_in_his_mouth.jpg,pinterest_data\raw\plague_doctor_1775741901_two_different_views_of_the_head_and_neck_of_a_man_with_a_knife_in_his_mouth.jpg,success,1,1,0,0.95,"['plague_doctor', 'mask', 'beak_mask']",图中有穿着黑色长袍、戴有鸟嘴形状面具的人物，符合‘鸟嘴医生’的特征。,
plague doctor,a group of people dressed in black standing next to each other,https://i.pinimg.com/236x/f0/b7/46/f0b746d44ba61f1a84392c4b854e47e3.jpg,plague_doctor_1775741902_a_group_of_people_dressed_in_black_standing_next_to_each_other.jpg,pinterest_data\raw\plague_doctor_1775741902_a_group_of_people_dressed_in_black_standing_next_to_each_other.jpg,success,1,1,0,0.95,"['plague_doctor', 'mask', 'beak_mask']",图中有两个穿着黑色长袍和戴有鸟嘴面具的人物，符合‘鸟嘴医生’的特征。没有明显的死亡象征，因此不符合‘死神’的特征。,
plague doctor,a black mask with two holes in the middle and an eye patch at the bottom,https://i.pinimg.com/236x/f0/ed/fe/f0edfe818b5408a4467ea14f4ba9635f.jpg,plague_doctor_1775741903_a_black_mask_with_two_holes_in_the_middle_and_an_eye_patch_at_the_bottom.jpg,pinterest_data\raw\plague_doctor_1775741903_a_black_mask_with_two_holes_in_the_middle_and_an_eye_patch_at_the_bottom.jpg,success,0,0,0,0.95,"['mask', 'beak_mask']",图像中没有可见的人物，但有一个鸟嘴形状的面具。,
plague doctor,a drawing of a person wearing a plague mask and holding their hands to his face,https://i.pinimg.com/236x/ae/85/ea/ae85eaacb3e9d5cc31426ed74f4481bd.jpg,plague_doctor_1775741905_a_drawing_of_a_person_wearing_a_plague_mask_and_holding_their_hands_to_his_face.jpg,pinterest_data\raw\plague_doctor_1775741905_a_drawing_of_a_person_wearing_a_plague_mask_and_holding_their_hands_to_his_face.jpg,success,1,1,0,0.95,"['plague_doctor', 'mask', 'beak_mask']",该角色穿着黑色长袍，戴着鸟嘴形状的面具，符合‘鸟嘴医生’的特征。,
plague doctor,pinterest_plague doctor_46,https://i.pinimg.com/236x/bb/76/9b/bb769b6c04a1bf2b07730ee86f828159.jpg,plague_doctor_1775741906_pinterest_plague_doctor_46.jpg,pinterest_data\raw\plague_doctor_1775741906_pinterest_plague_doctor_46.jpg,success,1,1,0,0.95,"['plague_doctor', 'mask', 'beak_mask']",图中人物穿着黑色长袍，戴着鸟嘴形状的面具，符合‘鸟嘴医生’的特征。,
plague doctor,the different types of masks that are used in video games and tv screenshots,https://i.pinimg.com/236x/da/f7/f0/daf7f0f828c4f4f933e707072a03303d.jpg,plague_doctor_1775741908_the_different_types_of_masks_that_are_used_in_video_games_and_tv_screenshots.jpg,pinterest_data\raw\plague_doctor_1775741908_the_different_types_of_masks_that_are_used_in_video_games_and_tv_screenshots.jpg,success,0,0,0,0.95,"['plague_doctor', 'grim_reaper', 'skeleton', 'scythe', 'robe', 'mask', 'beak_mask', 'medieval', 'historical', 'crowd', 'indoor', 'outdoor']",图片中没有人物形象，因此无法判断是否包含'死神'或'鸟嘴医生'的形象。,
plague doctor,"ペスト医師,Plague doctor,ペストマスク,plague mask,煮付,Nitsuke",https://i.pinimg.com/236x/14/a6/ab/14a6abd7dc524d77067843f1a105b4a5.jpg,plague_doctor_1775741909_ペスト医師_Plague_doctor_ペストマスク_plague_mask_煮付_Nitsuke.jpg,pinterest_data\raw\plague_doctor_1775741909_ペスト医師_Plague_doctor_ペストマスク_plague_mask_煮付_Nitsuke.jpg,success,1,0,0,0.95,"['plague_doctor', 'mask', 'beak_mask']",图中人物穿着黑色长袍，戴着鸟嘴形状的面具，符合‘鸟嘴医生’的特征。,
plague doctor,a person with a hat on standing in front of a full moon and some feathers,https://i.pinimg.com/236x/7d/71/f3/7d71f301a307e4b58911011dfc4d350d.jpg,plague_doctor_1775741910_a_person_with_a_hat_on_standing_in_front_of_a_full_moon_and_some_feathers.jpg,pinterest_data\raw\plague_doctor_1775741910_a_person_with_a_hat_on_standing_in_front_of_a_full_moon_and_some_feathers.jpg,success,1,1,0,0.95,"['plague_doctor', 'mask', 'beak_mask']",图中人物穿着黑色长袍，戴着鸟嘴形状的面具，符合‘鸟嘴医生’的特征。,
plague doctor,其中包括图片：piggy unboxing in a nutshell,https://i.pinimg.com/videos/thumbnails/originals/01/c3/2f/01c32f1bbd824bae9d4427e33b51c6b7.0000000.jpg,plague_doctor_1775741911_其中包括图片_piggy_unboxing_in_a_nutshell.jpg,pinterest_data\raw\plague_doctor_1775741911_其中包括图片_piggy_unboxing_in_a_nutshell.jpg,success,1,1,0,0.95,"['plague_doctor', 'mask', 'beak_mask']",图片中的人物穿着黑色长袍，戴着鸟嘴形状的面具，符合‘鸟嘴医生’的特征。,
plague doctor,a drawing of a bird wearing a top hat with a knife in it's beak,https://i.pinimg.com/236x/cc/14/f8/cc14f8d652f60de1de052cd17158aa4b.jpg,plague_doctor_1775741914_a_drawing_of_a_bird_wearing_a_top_hat_with_a_knife_in_it_s_beak.jpg,pinterest_data\raw\plague_doctor_1775741914_a_drawing_of_a_bird_wearing_a_top_hat_with_a_knife_in_it_s_beak.jpg,success,1,0,1,0.95,"['plague_doctor', 'grim_reaper', 'skeleton', 'scythe', 'robe', 'mask', 'beak_mask', 'medieval', 'historical']",图中人物有鸟嘴形状的面具和骷髅头，符合死神的特征。,
plague doctor,a black and white drawing of a woman wearing a hat with a bird on her head,https://i.pinimg.com/236x/fd/ae/32/fdae32589ae920cc59cbb472dcd6fbd7.jpg,plague_doctor_1775741915_a_black_and_white_drawing_of_a_woman_wearing_a_hat_with_a_bird_on_her_head.jpg,pinterest_data\raw\plague_doctor_1775741915_a_black_and_white_drawing_of_a_woman_wearing_a_hat_with_a_bird_on_her_head.jpg,success,1,1,0,0.95,"['plague_doctor', 'mask', 'beak_mask']",图中有一个人物，穿着黑色长袍，戴着鸟嘴形状的面具，符合‘鸟嘴医生’的特征。,
plague doctor,a man in a hat and coat with his arms crossed,https://i.pinimg.com/236x/bc/1c/8f/bc1c8f13b50d9741b9de617d16ccbe5d.jpg,plague_doctor_1775741917_a_man_in_a_hat_and_coat_with_his_arms_crossed.jpg,pinterest_data\raw\plague_doctor_1775741917_a_man_in_a_hat_and_coat_with_his_arms_crossed.jpg,success,1,1,0,0.95,"['plague_doctor', 'mask', 'beak_mask']",人物穿着深色长袍，戴着鸟嘴形状的面具，符合‘鸟嘴医生’的特征。,
plague doctor,the anatomy of a plague doctor,https://i.pinimg.com/236x/bc/13/d5/bc13d55f936c54056cc6d45ba1cb21ec.jpg,plague_doctor_1775741918_the_anatomy_of_a_plague_doctor.jpg,pinterest_data\raw\plague_doctor_1775741918_the_anatomy_of_a_plague_doctor.jpg,success,1,1,0,0.95,"['plague_doctor', 'mask', 'beak_mask', 'medieval', 'historical']",图片中的人物穿着深色长袍，戴着鸟嘴形状的面具，符合‘鸟嘴医生’的特征。,
plague doctor,a drawing of a woman holding some balloons,https://i.pinimg.com/236x/2d/5a/96/2d5a96915bae8d1a1939c9b267e0b81f.jpg,plague_doctor_1775741919_a_drawing_of_a_woman_holding_some_balloons.jpg,pinterest_data\raw\plague_doctor_1775741919_a_drawing_of_a_woman_holding_some_balloons.jpg,success,1,1,0,0.95,"['plague_doctor', 'mask', 'beak_mask']",人物穿着黑色长袍和鸟嘴面具，符合'鸟嘴医生'的特征。,
plague doctor,"幻想生物, 面具, 动漫, 建筑, 插畫",https://i.pinimg.com/236x/03/44/eb/0344eb3f767169fbb9f62fd0349af1b3.jpg,plague_doctor_1775741923_幻想生物__面具__动漫__建筑__插畫.jpg,pinterest_data\raw\plague_doctor_1775741923_幻想生物__面具__动漫__建筑__插畫.jpg,success,1,1,0,0.95,"['plague_doctor', 'mask', 'beak_mask']",图中人物穿着黑色长袍，戴着鸟嘴形状的面具，符合‘鸟嘴医生’的特征。,
plague doctor,"女性角色设计, 角色设计",https://i.pinimg.com/236x/09/aa/80/09aa804a6cd1f4130dd546814cb43f5e.jpg,plague_doctor_1775741924_女性角色设计__角色设计.jpg,pinterest_data\raw\plague_doctor_1775741924_女性角色设计__角色设计.jpg,success,1,1,0,0.95,"['plague_doctor', 'mask', 'beak_mask']",该角色穿着黑色长袍，戴着鸟嘴形状的面具，符合‘鸟嘴医生’的特征。,
plague doctor,"an image of a man dressed in black with feathers on his coat and hat, standing",https://i.pinimg.com/236x/8a/92/0e/8a920e6996c05964a3f91357f395f123.jpg,plague_doctor_1775741925_an_image_of_a_man_dressed_in_black_with_feathers_on_his_coat_and_hat__standing.jpg,pinterest_data\raw\plague_doctor_1775741925_an_image_of_a_man_dressed_in_black_with_feathers_on_his_coat_and_hat__standing.jpg,success,1,0,0,0.95,"['plague_doctor', 'robe', 'mask', 'beak_mask']",该人物穿着黑色长袍，带有鸟嘴形状的面具，符合‘鸟嘴医生’的特征。,
plague doctor,a drawing of a person wearing a hat with a bird on it's head,https://i.pinimg.com/236x/b3/41/3c/b3413c7914bc4c4001d013e58a3d3520.jpg,plague_doctor_1775741927_a_drawing_of_a_person_wearing_a_hat_with_a_bird_on_it_s_head.jpg,pinterest_data\raw\plague_doctor_1775741927_a_drawing_of_a_person_wearing_a_hat_with_a_bird_on_it_s_head.jpg,success,1,0,0,0.95,"['plague_doctor', 'mask', 'beak_mask']",图中人物穿着深色长袍，戴着鸟嘴形状的面具，符合‘鸟嘴医生’的特征。,
plague doctor,其中包括图片：😂😷,https://i.pinimg.com/videos/thumbnails/originals/2f/0c/c3/2f0cc3a156929a1a9ecb71123281368b.0000000.jpg,plague_doctor_1775741928_其中包括图片.jpg,pinterest_data\raw\plague_doctor_1775741928_其中包括图片.jpg,success,1,1,0,0.95,"['plague_doctor', 'mask', 'beak_mask']",图片中的人物穿着黑色长袍，戴着鸟嘴形状的面具，符合'鸟嘴医生'的特征。,
plague doctor,a man wearing a plague mask and hat,https://i.pinimg.com/236x/70/da/70/70da70c678d0c166068e4f122a91a278.jpg,plague_doctor_1775741929_a_man_wearing_a_plague_mask_and_hat.jpg,pinterest_data\raw\plague_doctor_1775741929_a_man_wearing_a_plague_mask_and_hat.jpg,success,1,1,0,0.95,"['plague_doctor', 'mask', 'beak_mask']",该人物穿着黑色长袍，戴着鸟嘴形状的面具，符合‘鸟嘴医生’的特征。,
plague doctor,"医生, 面具, 模板, 角色设计, 衣服",https://i.pinimg.com/236x/f4/26/8a/f4268a64ab16e059a778e4ec17235f77.jpg,plague_doctor_1775741931_医生__面具__模板__角色设计__衣服.jpg,pinterest_data\raw\plague_doctor_1775741931_医生__面具__模板__角色设计__衣服.jpg,success,0,0,0,0.95,"['mask', 'beak_mask']",图像中没有可见的人物，但有一个带有红色眼睛和黑色背景的物体，看起来像一个面具。,
plague doctor,the silhouettes of five women in long black dresses and hats are shown behind a glass window,https://i.pinimg.com/236x/2c/24/b7/2c24b75749c723ceaf8df80488b2c6b3.jpg,plague_doctor_1775741932_the_silhouettes_of_five_women_in_long_black_dresses_and_hats_are_shown_behind_a_glass_window.jpg,pinterest_data\raw\plague_doctor_1775741932_the_silhouettes_of_five_women_in_long_black_dresses_and_hats_are_shown_behind_a_glass_window.jpg,success,1,1,0,0.95,"['plague_doctor', 'mask', 'beak_mask']",图片中有穿着黑色长袍和戴有鸟嘴形状面具的人物，符合'鸟嘴医生'的特征。,
plague doctor,an image of some characters in costume,https://i.pinimg.com/236x/4e/90/e7/4e90e74cbad5a10c9cecd3535385e072.jpg,plague_doctor_1775741934_an_image_of_some_characters_in_costume.jpg,pinterest_data\raw\plague_doctor_1775741934_an_image_of_some_characters_in_costume.jpg,success,1,0,0,0.95,"['plague_doctor', 'grim_reaper', 'skeleton', 'scythe', 'robe', 'mask', 'beak_mask', 'medieval', 'historical']",图中有多个角色设计，其中一些角色符合'鸟嘴医生'和'死神'的特征。,
plague doctor,Ink Drawing In the style of old engraving ,https://i.pinimg.com/236x/cb/bf/80/cbbf80ca1d9b6ff282616305a2ad750d.jpg,plague_doctor_1775741935_Ink_Drawing_In_the_style_of_old_engraving.jpg,pinterest_data\raw\plague_doctor_1775741935_Ink_Drawing_In_the_style_of_old_engraving.jpg,success,1,1,0,0.95,"['plague_doctor', 'mask', 'beak_mask', 'medieval', 'historical']",图中人物穿着黑色长袍，戴着鸟嘴形状的面具，符合‘鸟嘴医生’的特征。,
plague doctor,"a man doing a handstand on the ground with words above him that read, i smell pestilence",https://i.pinimg.com/236x/e0/f1/f3/e0f1f3602a5f162a112c41e30d3a4ca4.jpg,plague_doctor_1775741936_a_man_doing_a_handstand_on_the_ground_with_words_above_him_that_read__i_smell_pestilence.jpg,pinterest_data\raw\plague_doctor_1775741936_a_man_doing_a_handstand_on_the_ground_with_words_above_him_that_read__i_smell_pestilence.jpg,success,1,0,0,0.95,"['plague_doctor', 'mask', 'beak_mask']",图中人物穿着黑色长袍，戴着类似鸟嘴形状的面具，符合'鸟嘴医生'的特征。,
plague doctor,a drawing of a person wearing a gas mask reading a book,https://i.pinimg.com/236x/6b/bb/41/6bbb41dec9e28510f5113c9e974ba30b.jpg,plague_doctor_1775741937_a_drawing_of_a_person_wearing_a_gas_mask_reading_a_book.jpg,pinterest_data\raw\plague_doctor_1775741937_a_drawing_of_a_person_wearing_a_gas_mask_reading_a_book.jpg,success,1,0,0,0.95,"['plague_doctor', 'mask', 'beak_mask', 'medieval', 'historical']",图中人物有鸟嘴形状的面具和长袖衬衫，符合'鸟嘴医生'的特征。,
plague doctor,"four different poses of the same person in black and white, one with a hat on",https://i.pinimg.com/236x/1b/ac/65/1bac658d181540057f4b0ed7f19daafe.jpg,plague_doctor_1775741938_four_different_poses_of_the_same_person_in_black_and_white__one_with_a_hat_on.jpg,pinterest_data\raw\plague_doctor_1775741938_four_different_poses_of_the_same_person_in_black_and_white__one_with_a_hat_on.jpg,success,1,1,0,0.95,"['plague_doctor', 'mask', 'beak_mask', 'medieval', 'historical']",图中有穿着黑色长袍和戴有鸟嘴面具的人物，符合'鸟嘴医生'的特征。,
plague doctor,someone is making a paper model that looks like a rocket ship with numbers on it,https://i.pinimg.com/236x/bb/5b/10/bb5b106e22b9a2931c5bcd4b1eb6371f.jpg,plague_doctor_1775741939_someone_is_making_a_paper_model_that_looks_like_a_rocket_ship_with_numbers_on_it.jpg,pinterest_data\raw\plague_doctor_1775741939_someone_is_making_a_paper_model_that_looks_like_a_rocket_ship_with_numbers_on_it.jpg,success,1,0,0,0.95,"['mask', 'beak_mask']",图片中有一只手拿着一个带有孔洞和刻度的纸板，看起来像是一副口罩或面具的一部分。,
plague doctor,a drawing of a man with a hat and cape,https://i.pinimg.com/236x/1c/1b/d8/1c1bd84aee0e7caa2112ec34f0f516a3.jpg,plague_doctor_1775741940_a_drawing_of_a_man_with_a_hat_and_cape.jpg,pinterest_data\raw\plague_doctor_1775741940_a_drawing_of_a_man_with_a_hat_and_cape.jpg,success,1,1,0,0.95,"['plague_doctor', 'mask', 'beak_mask']",该角色符合鸟嘴医生的特征，即穿着黑色长袍，戴着鸟嘴形状的面具。,
plague doctor,"Although the treatment of the plague doctor may be useless, their countless generations of ""disciple",https://i.pinimg.com/236x/34/3e/dc/343edc84599c2af5e44fd0ade4c312df.jpg,plague_doctor_1775741942_Although_the_treatment_of_the_plague_doctor_may_be_useless__their_countless_generations_of__disciple.jpg,pinterest_data\raw\plague_doctor_1775741942_Although_the_treatment_of_the_plague_doctor_may_be_useless__their_countless_generations_of__disciple.jpg,success,1,1,0,0.95,"['plague_doctor', 'mask', 'beak_mask']",图片中的人物穿着黑色长袍，戴着鸟嘴形状的面具，符合‘鸟嘴医生’的特征。,
plague doctor,a person wearing a hat and holding a book with red eyes in front of their face,https://i.pinimg.com/236x/2e/04/aa/2e04aaeac0502098279d8a0837f9ed36.jpg,plague_doctor_1775741943_a_person_wearing_a_hat_and_holding_a_book_with_red_eyes_in_front_of_their_face.jpg,pinterest_data\raw\plague_doctor_1775741943_a_person_wearing_a_hat_and_holding_a_book_with_red_eyes_in_front_of_their_face.jpg,success,1,1,0,0.95,"['plague_doctor', 'mask', 'beak_mask']",该图像中的角色符合鸟嘴医生的特征，即穿着黑色长袍，戴着鸟嘴形状的面具。,
plague doctor,a black bird sitting on top of a tiled floor next to a piece of paper,https://i.pinimg.com/236x/7b/63/be/7b63be57eaaf0574ec4e6b5d84974779.jpg,plague_doctor_1775741945_a_black_bird_sitting_on_top_of_a_tiled_floor_next_to_a_piece_of_paper.jpg,pinterest_data\raw\plague_doctor_1775741945_a_black_bird_sitting_on_top_of_a_tiled_floor_next_to_a_piece_of_paper.jpg,success,0,0,0,0.95,"['mask', 'beak_mask']",图中没有人物形象，但有鸟嘴形状的面具。,
plague doctor,a person in a hooded jacket with a mask on their face and hands behind his back,https://i.pinimg.com/236x/33/0a/5b/330a5ba4cd7b22c07a155262bf63745c.jpg,plague_doctor_1775741946_a_person_in_a_hooded_jacket_with_a_mask_on_their_face_and_hands_behind_his_back.jpg,pinterest_data\raw\plague_doctor_1775741946_a_person_in_a_hooded_jacket_with_a_mask_on_their_face_and_hands_behind_his_back.jpg,success,1,1,0,0.95,"['plague_doctor', 'mask', 'beak_mask']",图片中的人物穿着黑色长袍，戴着鸟嘴形状的面具，符合‘鸟嘴医生’的特征。,
plague doctor,an angel statue is shown in black and white,https://i.pinimg.com/236x/f7/40/81/f74081a33f54b12ca2256a13ec725b38.jpg,plague_doctor_1775741947_an_angel_statue_is_shown_in_black_and_white.jpg,pinterest_data\raw\plague_doctor_1775741947_an_angel_statue_is_shown_in_black_and_white.jpg,success,1,0,0,0.95,"['plague_doctor', 'mask', 'beak_mask']",图像中有一个穿着长袍并戴着鸟嘴形状面具的人物，符合'鸟嘴医生'的特征。,
plague doctor,pinterest_plague doctor_76,https://i.pinimg.com/236x/42/c6/83/42c68326fe6367abd66f7086a5fb25d7.jpg,plague_doctor_1775741948_pinterest_plague_doctor_76.jpg,pinterest_data\raw\plague_doctor_1775741948_pinterest_plague_doctor_76.jpg,success,1,0,1,0.95,"['plague_doctor', 'grim_reaper', 'skeleton', 'scythe', 'robe', 'mask', 'beak_mask', 'medieval', 'historical']",图片中有一个人物，穿着黑色长袍，戴着鸟嘴形状的面具，符合‘鸟嘴医生’的特征。同时，人物手中拿着镰刀，符合‘死神’的特征。,
plague doctor,a white dress with long sleeves and an enormous bird's beak on display in a glass case,https://i.pinimg.com/236x/1a/e3/d9/1ae3d97f2106e1be76e1e91301e0a24f.jpg,plague_doctor_1775741949_a_white_dress_with_long_sleeves_and_an_enormous_bird_s_beak_on_display_in_a_glass_case.jpg,pinterest_data\raw\plague_doctor_1775741949_a_white_dress_with_long_sleeves_and_an_enormous_bird_s_beak_on_display_in_a_glass_case.jpg,success,1,1,0,0.95,"['plague_doctor', 'mask', 'beak_mask']",图片中的人物穿着黑色长袍，戴着鸟嘴形状的面具，符合‘鸟嘴医生’的特征。,
plague doctor,a black and white drawing of a woman holding a lantern,https://i.pinimg.com/236x/9d/0d/c2/9d0dc2166c149c769954cbe9748a8a3d.jpg,plague_doctor_1775741951_a_black_and_white_drawing_of_a_woman_holding_a_lantern.jpg,pinterest_data\raw\plague_doctor_1775741951_a_black_and_white_drawing_of_a_woman_holding_a_lantern.jpg,success,1,1,0,0.95,"['plague_doctor', 'mask', 'beak_mask']",图片中的人物穿着黑色长袍，戴着鸟嘴形状的面具，符合‘鸟嘴医生’的特征。,
plague doctor,a black and white drawing of a bird wearing a witch's hat with a house in the background,https://i.pinimg.com/236x/b5/e2/35/b5e235bf468be24829078a25f42ec388.jpg,plague_doctor_1775741952_a_black_and_white_drawing_of_a_bird_wearing_a_witch_s_hat_with_a_house_in_the_background.jpg,pinterest_data\raw\plague_doctor_1775741952_a_black_and_white_drawing_of_a_bird_wearing_a_witch_s_hat_with_a_house_in_the_background.jpg,success,1,1,0,0.95,"['plague_doctor', 'mask', 'beak_mask']",图中人物穿着黑色长袍，戴着鸟嘴形状的面具，符合‘鸟嘴医生’的特征。,
plague doctor,"女巫, 面具, 朋克, 纹身, 皮革",https://i.pinimg.com/236x/2f/91/66/2f9166794488031c0fa33d0c840147e2.jpg,plague_doctor_1775741953_女巫__面具__朋克__纹身__皮革.jpg,pinterest_data\raw\plague_doctor_1775741953_女巫__面具__朋克__纹身__皮革.jpg,success,1,1,0,0.95,"['plague_doctor', 'mask', 'beak_mask']",图片中的人物穿着黑色长袍，戴着鸟嘴形状的面具，符合‘鸟嘴医生’的特征。,
plague doctor,a person in a purple outfit and hood with bats flying around her on a cloudy day,https://i.pinimg.com/236x/b2/41/59/b241596188f36682a07ce99e6e75f663.jpg,plague_doctor_1775741956_a_person_in_a_purple_outfit_and_hood_with_bats_flying_around_her_on_a_cloudy_day.jpg,pinterest_data\raw\plague_doctor_1775741956_a_person_in_a_purple_outfit_and_hood_with_bats_flying_around_her_on_a_cloudy_day.jpg,success,1,0,1,0.95,"['plague_doctor', 'grim_reaper', 'skeleton', 'scythe', 'robe', 'mask', 'beak_mask', 'medieval', 'historical', 'crowd']",该角色穿着深色长袍，戴着鸟嘴形状的面具，符合‘鸟嘴医生’的特征。同时，角色有骷髅骨架和镰刀，符合‘死神’的特征。,
plague doctor,"some different types of masks and beaks in black and white ink, with various angles to",https://i.pinimg.com/236x/09/d7/3e/09d73e433ec47dc5ff858354e1177d59.jpg,plague_doctor_1775741958_some_different_types_of_masks_and_beaks_in_black_and_white_ink__with_various_angles_to.jpg,pinterest_data\raw\plague_doctor_1775741958_some_different_types_of_masks_and_beaks_in_black_and_white_ink__with_various_angles_to.jpg,success,0,0,0,0.95,['beak_mask'],图中没有人物形象，但有鸟嘴形状的面具。,
plague doctor,a drawing of a crocodile's head with its mouth open,https://i.pinimg.com/236x/da/56/23/da56239f6a3786bc6a3f2779ba4ce531.jpg,plague_doctor_1775741960_a_drawing_of_a_crocodile_s_head_with_its_mouth_open.jpg,pinterest_data\raw\plague_doctor_1775741960_a_drawing_of_a_crocodile_s_head_with_its_mouth_open.jpg,success,1,0,1,0.95,"['plague_doctor', 'grim_reaper', 'skeleton', 'scythe', 'robe', 'mask', 'beak_mask', 'medieval', 'historical']",图中人物有鸟嘴形状的面具和骷髅头，符合死神的特征。,
plague doctor,"星际穿越, 西装, 服装设计, 男性时尚, 时尚, 角色设计, 衣服, 名人",https://i.pinimg.com/236x/9a/36/1e/9a361e52ce2505a60d163beca990ad0d.jpg,plague_doctor_1775741962_星际穿越__西装__服装设计__男性时尚__时尚__角色设计__衣服__名人.jpg,pinterest_data\raw\plague_doctor_1775741962_星际穿越__西装__服装设计__男性时尚__时尚__角色设计__衣服__名人.jpg,success,1,0,0,0.95,"['plague_doctor', 'mask', 'beak_mask']",人物穿着黑色长袍，戴着鸟嘴形状的面具，符合‘鸟嘴医生’的特征。,
plague doctor,a toy with green eyes and a brown hat on top of rocks in front of a building,https://i.pinimg.com/236x/01/28/f3/0128f399e32e56e455dcadc1e2fb25a9.jpg,plague_doctor_1775741963_a_toy_with_green_eyes_and_a_brown_hat_on_top_of_rocks_in_front_of_a_building.jpg,pinterest_data\raw\plague_doctor_1775741963_a_toy_with_green_eyes_and_a_brown_hat_on_top_of_rocks_in_front_of_a_building.jpg,success,1,1,0,0.95,"['plague_doctor', 'mask', 'beak_mask']",图片中的人物穿着黑色长袍，戴着鸟嘴形状的面具，符合‘鸟嘴医生’的特征。,
plague doctor,a man dressed in medieval clothing holding a cross,https://i.pinimg.com/236x/5a/52/e0/5a52e06504f63fb3c8b94f7a5c9e004a.jpg,plague_doctor_1775741964_a_man_dressed_in_medieval_clothing_holding_a_cross.jpg,pinterest_data\raw\plague_doctor_1775741964_a_man_dressed_in_medieval_clothing_holding_a_cross.jpg,success,1,1,0,0.95,"['plague_doctor', 'mask', 'beak_mask', 'medieval', 'historical']",该人物穿着黑色长袍，戴着鸟嘴形状的面具，符合'鸟嘴医生'的特征。,
plague doctor,其中包括图片：plague doctor...chicken nugget,https://i.pinimg.com/videos/thumbnails/originals/53/55/cb/5355cb9b8a5025eda94160d14cf76926.0000000.jpg,plague_doctor_1775741965_其中包括图片_plague_doctor...chicken_nugget.jpg,pinterest_data\raw\plague_doctor_1775741965_其中包括图片_plague_doctor...chicken_nugget.jpg,success,0,0,0,0.95,"['mask', 'beak_mask']",图片中没有人物，但有一个带有鸟嘴形状的物体，可能代表'鸟嘴医生'。,
plague doctor,a drawing of a bird wearing a helmet with feathers on it's head and gold accents,https://i.pinimg.com/236x/58/1f/2b/581f2bcd16e5451d8babb7533a89a133.jpg,plague_doctor_1775741967_a_drawing_of_a_bird_wearing_a_helmet_with_feathers_on_it_s_head_and_gold_accents.jpg,pinterest_data\raw\plague_doctor_1775741967_a_drawing_of_a_bird_wearing_a_helmet_with_feathers_on_it_s_head_and_gold_accents.jpg,success,1,1,0,0.95,"['plague_doctor', 'mask', 'beak_mask']",该图像是一个穿着黑色长袍，戴着鸟嘴形状面具的人物，符合'鸟嘴医生'的特征。,
plague doctor,a drawing of a man in a suit and top hat holding a briefcase with a light on it,https://i.pinimg.com/236x/e9/e2/c3/e9e2c3debc336892bba4e5d515a38066.jpg,plague_doctor_1775741968_a_drawing_of_a_man_in_a_suit_and_top_hat_holding_a_briefcase_with_a_light_on_it.jpg,pinterest_data\raw\plague_doctor_1775741968_a_drawing_of_a_man_in_a_suit_and_top_hat_holding_a_briefcase_with_a_light_on_it.jpg,success,1,1,0,0.95,"['plague_doctor', 'mask', 'beak_mask']",该图像显示了一个穿着黑色长袍、戴着鸟嘴面具的人物，符合‘鸟嘴医生’的特征。,
plague doctor,a drawing of a person wearing a hat and holding their hands up in the air,https://i.pinimg.com/236x/85/42/0d/85420dab64ffe9af51a85af92c986757.jpg,plague_doctor_1775741972_a_drawing_of_a_person_wearing_a_hat_and_holding_their_hands_up_in_the_air.jpg,pinterest_data\raw\plague_doctor_1775741972_a_drawing_of_a_person_wearing_a_hat_and_holding_their_hands_up_in_the_air.jpg,success,1,1,0,0.95,"['plague_doctor', 'mask', 'beak_mask']",图中人物穿着黑色长袍，戴着鸟嘴形状的面具，符合‘鸟嘴医生’的特征。,
plague doctor,a man in a trench coat standing next to an octopus,https://i.pinimg.com/236x/1d/66/54/1d665404bb6b94f137fc95899aaaaa1d.jpg,plague_doctor_1775741974_a_man_in_a_trench_coat_standing_next_to_an_octopus.jpg,pinterest_data\raw\plague_doctor_1775741974_a_man_in_a_trench_coat_standing_next_to_an_octopus.jpg,success,1,1,0,0.95,"['plague_doctor', 'mask', 'beak_mask']",图中人物穿着黑色长袍，戴着鸟嘴形状的面具，符合'鸟嘴医生'的特征。,
plague doctor,a painting of a creepy creature in the woods,https://i.pinimg.com/236x/e1/ac/72/e1ac721927de5fe6d2b1d61ec9afc24a.jpg,plague_doctor_1775741975_a_painting_of_a_creepy_creature_in_the_woods.jpg,pinterest_data\raw\plague_doctor_1775741975_a_painting_of_a_creepy_creature_in_the_woods.jpg,success,1,0,1,0.95,"['plague_doctor', 'grim_reaper', 'skeleton', 'scythe', 'robe', 'mask', 'beak_mask']",图中人物有鸟嘴形状的面具和骷髅头，符合死神的特征。,
plague doctor,"小丑女, 弓箭, 小丑, 動漫人物, 人物设计, 角色设计, 灵感",https://i.pinimg.com/236x/2d/d7/f2/2dd7f29e310163edc8898c02e904fa75.jpg,plague_doctor_1775741976_小丑女__弓箭__小丑__動漫人物__人物设计__角色设计__灵感.jpg,pinterest_data\raw\plague_doctor_1775741976_小丑女__弓箭__小丑__動漫人物__人物设计__角色设计__灵感.jpg,success,1,1,0,0.95,"['plague_doctor', 'mask', 'beak_mask', 'medieval', 'historical']",该人物穿着黑色长袍，戴着鸟嘴形状的面具，符合‘鸟嘴医生’的特征。,
plague doctor,"a man in armor holding two swords and wearing large metal gear, standing on a dark background",https://i.pinimg.com/236x/2c/41/ef/2c41ef93a6c8eaa3aaee7445936da9dc.jpg,plague_doctor_1775741978_a_man_in_armor_holding_two_swords_and_wearing_large_metal_gear__standing_on_a_dark_background.jpg,pinterest_data\raw\plague_doctor_1775741978_a_man_in_armor_holding_two_swords_and_wearing_large_metal_gear__standing_on_a_dark_background.jpg,success,1,1,0,0.95,"['plague_doctor', 'mask', 'beak_mask', 'medieval']",该人物穿着黑色长袍，戴着鸟嘴形状的面具，符合'鸟嘴医生'的特征。,
plague doctor,"服装设计, 角色设计, 女性时尚, 衣服, 名人",https://i.pinimg.com/236x/06/3e/bf/063ebf47d6854ccd424421b099a5510c.jpg,plague_doctor_1775741981_服装设计__角色设计__女性时尚__衣服__名人.jpg,pinterest_data\raw\plague_doctor_1775741981_服装设计__角色设计__女性时尚__衣服__名人.jpg,success,1,1,0,0.95,"['plague_doctor', 'mask', 'beak_mask']",图片中的人物穿着黑色长袍，戴着鸟嘴形状的面具，符合‘鸟嘴医生’的特征。,
plague doctor,"some sketches of people in hooded clothing with umbrellas and tents on the ground,",https://i.pinimg.com/236x/2c/2b/4f/2c2b4fde400ef508c9c6a23c1d8d0f8c.jpg,plague_doctor_1775741983_some_sketches_of_people_in_hooded_clothing_with_umbrellas_and_tents_on_the_ground.jpg,pinterest_data\raw\plague_doctor_1775741983_some_sketches_of_people_in_hooded_clothing_with_umbrellas_and_tents_on_the_ground.jpg,success,1,0,0,0.95,"['plague_doctor', 'mask', 'beak_mask']",图中有多个穿着长袍和面具的人物，符合'鸟嘴医生'的特征。,
plague doctor,a man in a black outfit and hat holding a stick,https://i.pinimg.com/236x/7d/47/68/7d4768600113187fe3c76a7e513460e0.jpg,plague_doctor_1775741984_a_man_in_a_black_outfit_and_hat_holding_a_stick.jpg,pinterest_data\raw\plague_doctor_1775741984_a_man_in_a_black_outfit_and_hat_holding_a_stick.jpg,success,1,1,0,0.95,"['plague_doctor', 'mask', 'beak_mask', 'medieval', 'historical']",该人物穿着黑色长袍，戴着鸟嘴形状的面具，符合‘鸟嘴医生’的特征。,
plague doctor,some sort of black and white character design,https://i.pinimg.com/236x/70/72/b7/7072b7f0dacfb810eba532e66452812e.jpg,plague_doctor_1775741987_some_sort_of_black_and_white_character_design.jpg,pinterest_data\raw\plague_doctor_1775741987_some_sort_of_black_and_white_character_design.jpg,success,1,1,0,0.95,"['plague_doctor', 'mask', 'beak_mask', 'medieval', 'historical']",图中有穿着黑色长袍和鸟嘴面具的人物，符合‘鸟嘴医生’的特征。,
plague doctor,an image of a man in costume with two swords and a skull on his chest,https://i.pinimg.com/236x/e8/31/76/e83176b09d8ca01373cf2be5f883d0ff.jpg,plague_doctor_1775741988_an_image_of_a_man_in_costume_with_two_swords_and_a_skull_on_his_chest.jpg,pinterest_data\raw\plague_doctor_1775741988_an_image_of_a_man_in_costume_with_two_swords_and_a_skull_on_his_chest.jpg,success,1,1,0,0.95,"['plague_doctor', 'mask', 'beak_mask', 'medieval', 'historical']",图中有穿着黑色长袍和戴鸟嘴面具的人物，符合'鸟嘴医生'的特征。,
plague doctor,a drawing of a rat with a hat on it's head holding a skull,https://i.pinimg.com/236x/75/fd/3d/75fd3d9215c41084fdfc07f329b1eb07.jpg,plague_doctor_1775741989_a_drawing_of_a_rat_with_a_hat_on_it_s_head_holding_a_skull.jpg,pinterest_data\raw\plague_doctor_1775741989_a_drawing_of_a_rat_with_a_hat_on_it_s_head_holding_a_skull.jpg,success,1,1,1,0.95,"['plague_doctor', 'grim_reaper', 'skeleton', 'scythe', 'robe', 'mask', 'beak_mask', 'medieval', 'historical']",图像中的人物穿着类似医生的服装，戴着鸟嘴形状的面具，手持骷髅，符合‘鸟嘴医生’和‘死神’的特征。,
plague doctor,a drawing of a bird that is standing in the snow,https://i.pinimg.com/236x/06/59/1f/06591fc273d7e21685539fa966042357.jpg,plague_doctor_1775741990_a_drawing_of_a_bird_that_is_standing_in_the_snow.jpg,pinterest_data\raw\plague_doctor_1775741990_a_drawing_of_a_bird_that_is_standing_in_the_snow.jpg,success,1,1,0,0.95,"['plague_doctor', 'mask', 'beak_mask']",图中人物穿着黑色长袍，戴着鸟嘴形状的面具，符合‘鸟嘴医生’的特征。,
plague doctor,a drawing of a man in a top hat and coat with two birds on his shoulder,https://i.pinimg.com/236x/9b/8e/89/9b8e893811353ae7bd66a05441e79837.jpg,plague_doctor_1775741991_a_drawing_of_a_man_in_a_top_hat_and_coat_with_two_birds_on_his_shoulder.jpg,pinterest_data\raw\plague_doctor_1775741991_a_drawing_of_a_man_in_a_top_hat_and_coat_with_two_birds_on_his_shoulder.jpg,success,1,1,0,0.95,"['plague_doctor', 'mask', 'beak_mask', 'medieval']",该角色穿着黑色长袍，戴着鸟嘴形状的面具，符合‘鸟嘴医生’的特征。,
plague doctor,"服装设计, 衣服",https://i.pinimg.com/236x/47/25/75/4725754c54545e72a055eb31ab80284d.jpg,plague_doctor_1775741992_服装设计__衣服.jpg,pinterest_data\raw\plague_doctor_1775741992_服装设计__衣服.jpg,success,1,1,0,0.95,"['plague_doctor', 'mask', 'beak_mask', 'medieval', 'historical', 'outdoor']",图片中的人物穿着黑色长袍，戴着鸟嘴形状的面具，符合‘鸟嘴医生’的特征。,
plague doctor,a person in a hooded jacket with a crow mask on their head and trees in the background,https://i.pinimg.com/236x/ca/92/03/ca920326fe27b26d995d46206f840da8.jpg,plague_doctor_1775741993_a_person_in_a_hooded_jacket_with_a_crow_mask_on_their_head_and_trees_in_the_background.jpg,pinterest_data\raw\plague_doctor_1775741993_a_person_in_a_hooded_jacket_with_a_crow_mask_on_their_head_and_trees_in_the_background.jpg,success,1,1,0,0.95,"['plague_doctor', 'mask', 'beak_mask', 'medieval', 'historical']",图片中的人物穿着黑色长袍，戴着鸟嘴形状的面具，符合‘鸟嘴医生’的特征。,
plague doctor,a painting of a man with a top hat and cane standing next to a lamp post,https://i.pinimg.com/236x/d3/5d/6b/d35d6bb24e3788077c065def8d74cf72.jpg,plague_doctor_1775741995_a_painting_of_a_man_with_a_top_hat_and_cane_standing_next_to_a_lamp_post.jpg,pinterest_data\raw\plague_doctor_1775741995_a_painting_of_a_man_with_a_top_hat_and_cane_standing_next_to_a_lamp_post.jpg,success,1,1,0,0.95,"['plague_doctor', 'mask', 'beak_mask', 'medieval', 'historical']",图中人物穿着黑色长袍，戴着鸟嘴形状的面具，符合‘鸟嘴医生’的特征。,
plague doctor,"a drawing of a person wearing a coat and holding scissors in their hands, with the words plague doct",https://i.pinimg.com/236x/5a/11/0f/5a110fb4186d5977e345e803d332ec72.jpg,plague_doctor_1775741996_a_drawing_of_a_person_wearing_a_coat_and_holding_scissors_in_their_hands__with_the_words_plague_doct.jpg,pinterest_data\raw\plague_doctor_1775741996_a_drawing_of_a_person_wearing_a_coat_and_holding_scissors_in_their_hands__with_the_words_plague_doct.jpg,success,1,1,0,0.95,"['plague_doctor', 'mask', 'beak_mask']",图中人物穿着黑色长袍，戴着鸟嘴形状的面具，符合'鸟嘴医生'的特征。,
plague doctor,"女仆装, 面具, 纹身, 紋身, 角色设计, 绘画, 灵感",https://i.pinimg.com/236x/6f/a1/e5/6fa1e574c5df6e40ad04dec81f14d154.jpg,plague_doctor_1775741997_女仆装__面具__纹身__紋身__角色设计__绘画__灵感.jpg,pinterest_data\raw\plague_doctor_1775741997_女仆装__面具__纹身__紋身__角色设计__绘画__灵感.jpg,success,1,1,0,0.95,"['plague_doctor', 'mask', 'beak_mask', 'medieval', 'historical']",图中人物穿着黑色长袍，戴着鸟嘴形状的面具，符合‘鸟嘴医生’的特征。,
plague doctor,"several drawings of different types of clothing and shoes, including one with long veils",https://i.pinimg.com/236x/2e/a7/40/2ea740e71aa851109688820bac103751.jpg,plague_doctor_1775741998_several_drawings_of_different_types_of_clothing_and_shoes__including_one_with_long_veils.jpg,pinterest_data\raw\plague_doctor_1775741998_several_drawings_of_different_types_of_clothing_and_shoes__including_one_with_long_veils.jpg,success,1,0,0,0.95,"['plague_doctor', 'mask', 'beak_mask']",图中有穿着白色长袍和鸟嘴面具的人物，符合'鸟嘴医生'的特征。,
plague doctor,a drawing of a woman wearing a long dress and hat with a cane in her hand,https://i.pinimg.com/236x/d3/51/36/d3513607997c1d5f27b269ee2431c2bd.jpg,plague_doctor_1775741999_a_drawing_of_a_woman_wearing_a_long_dress_and_hat_with_a_cane_in_her_hand.jpg,pinterest_data\raw\plague_doctor_1775741999_a_drawing_of_a_woman_wearing_a_long_dress_and_hat_with_a_cane_in_her_hand.jpg,success,1,0,0,0.95,"['plague_doctor', 'mask', 'beak_mask', 'medieval', 'historical']",图中人物穿着黑色长袍和帽子，手持手杖，符合‘鸟嘴医生’的特征。,
plague doctor,"a character with green eyes and a hat holding two torches in one hand, while wearing a",https://i.pinimg.com/236x/fb/b5/96/fbb5961be1e049d52225eda07b461b52.jpg,plague_doctor_1775742000_a_character_with_green_eyes_and_a_hat_holding_two_torches_in_one_hand__while_wearing_a.jpg,pinterest_data\raw\plague_doctor_1775742000_a_character_with_green_eyes_and_a_hat_holding_two_torches_in_one_hand__while_wearing_a.jpg,success,1,1,0,0.95,"['plague_doctor', 'mask', 'beak_mask', 'medieval']",该角色符合鸟嘴医生的特征，包括穿着黑色长袍和戴有鸟嘴形状的面具。,
plague doctor,Доставка,https://i.pinimg.com/236x/2e/4c/6a/2e4c6aa22430a8d5d205b9fd3a88c2d0.jpg,plague_doctor_1775742001_Доставка.jpg,pinterest_data\raw\plague_doctor_1775742001_Доставка.jpg,success,1,1,0,0.95,"['plague_doctor', 'mask', 'beak_mask']",人物穿着黑色长袍，戴着鸟嘴形状的面具，符合‘鸟嘴医生’的特征。,
plague doctor,"幻想生物, 角色设计",https://i.pinimg.com/236x/c2/10/73/c210733317ac8307728b2c30699572d8.jpg,plague_doctor_1775742002_幻想生物__角色设计.jpg,pinterest_data\raw\plague_doctor_1775742002_幻想生物__角色设计.jpg,success,1,0,0,0.95,"['plague_doctor', 'mask', 'beak_mask', 'medieval']",图中人物穿着红色长袍和帽子，手持武器，符合‘鸟嘴医生’的特征。,
plague doctor,a man in a plague mask and trench coat walking down an alley way,https://i.pinimg.com/236x/88/71/5f/88715f9fd9fe568005dd1aeb45b4cba4.jpg,plague_doctor_1775742003_a_man_in_a_plague_mask_and_trench_coat_walking_down_an_alley_way.jpg,pinterest_data\raw\plague_doctor_1775742003_a_man_in_a_plague_mask_and_trench_coat_walking_down_an_alley_way.jpg,success,1,1,0,0.95,"['plague_doctor', 'mask', 'beak_mask', 'medieval', 'historical']",图片中的人物穿着黑色长袍，戴着鸟嘴形状的面具，符合‘鸟嘴医生’的特征。,
plague doctor,"角色设计, 衣服",https://i.pinimg.com/236x/64/50/b3/6450b308133cd552f1ac9e54233106f4.jpg,plague_doctor_1775742005_角色设计__衣服.jpg,pinterest_data\raw\plague_doctor_1775742005_角色设计__衣服.jpg,success,1,1,0,0.95,"['plague_doctor', 'robe', 'mask', 'beak_mask']",人物穿着黑色长袍，戴着鸟嘴形状的面具，手持手杖和灯笼，符合‘鸟嘴医生’的特征。,
plague doctor,其中包括图片：You know who you are #PlagueDoctor #kinktok #masks #KISS #PrimeDayShowPJParty #fyp,https://i.pinimg.com/videos/thumbnails/originals/18/d3/17/18d3173e6321962ef4ff5fde20c65863.0000000.jpg,plague_doctor_1775742006_其中包括图片_You_know_who_you_are__PlagueDoctor__kinktok__masks__KISS__PrimeDayShowPJParty__fyp.jpg,pinterest_data\raw\plague_doctor_1775742006_其中包括图片_You_know_who_you_are__PlagueDoctor__kinktok__masks__KISS__PrimeDayShowPJParty__fyp.jpg,success,1,1,0,0.95,"['plague_doctor', 'mask', 'beak_mask', 'medieval', 'historical', 'indoor']",图片中的人物穿着黑色长袍，戴着鸟嘴形状的面具，符合'鸟嘴医生'的特征。,
plague doctor,"ArtStation - Plague Hunter 卡通人物, 朋克, 人物设计, 有趣, 角色设计, 灵感, 插畫",https://i.pinimg.com/236x/88/cc/3b/88cc3bf5951cfcc6fb064e31178ab6e6.jpg,plague_doctor_1775742008_ArtStation_-_Plague_Hunter_卡通人物__朋克__人物设计__有趣__角色设计__灵感__插畫.jpg,pinterest_data\raw\plague_doctor_1775742008_ArtStation_-_Plague_Hunter_卡通人物__朋克__人物设计__有趣__角色设计__灵感__插畫.jpg,success,1,1,0,0.95,"['plague_doctor', 'mask', 'beak_mask', 'medieval']",图中人物穿着黑色长袍，戴着鸟嘴形状的面具，符合‘鸟嘴医生’的特征。,
plague doctor,"女性角色设计, 服装设计, 人物设计, 时尚, 女性时尚, 衣服",https://i.pinimg.com/236x/f4/b7/2c/f4b72c2cb720b5390c34ccd6d62a252b.jpg,plague_doctor_1775742009_女性角色设计__服装设计__人物设计__时尚__女性时尚__衣服.jpg,pinterest_data\raw\plague_doctor_1775742009_女性角色设计__服装设计__人物设计__时尚__女性时尚__衣服.jpg,success,1,0,0,0.95,"['plague_doctor', 'robe', 'mask', 'beak_mask', 'medieval', 'historical']",图片中有两个穿着黑色长袍的人物，其中一个戴着鸟嘴形状的面具，符合'鸟嘴医生'的特征。,
plague doctor,a drawing of a woman holding a wine glass with the word arhun on it,https://i.pinimg.com/236x/1b/7e/3e/1b7e3e7fe0d63cd7d322f0e18895bcc6.jpg,plague_doctor_1775742010_a_drawing_of_a_woman_holding_a_wine_glass_with_the_word_arhun_on_it.jpg,pinterest_data\raw\plague_doctor_1775742010_a_drawing_of_a_woman_holding_a_wine_glass_with_the_word_arhun_on_it.jpg,success,1,1,0,0.95,"['plague_doctor', 'mask', 'beak_mask']",图中人物穿着黑色长袍，戴着鸟嘴形状的面具，符合‘鸟嘴医生’的特征。,
plague doctor,a man dressed in black holding a knife and wearing a hooded outfit with blood on the floor,https://i.pinimg.com/236x/45/29/6f/45296f8842cdff941004aaf0c4ece60c.jpg,plague_doctor_1775742011_a_man_dressed_in_black_holding_a_knife_and_wearing_a_hooded_outfit_with_blood_on_the_floor.jpg,pinterest_data\raw\plague_doctor_1775742011_a_man_dressed_in_black_holding_a_knife_and_wearing_a_hooded_outfit_with_blood_on_the_floor.jpg,success,1,0,1,0.95,"['plague_doctor', 'grim_reaper', 'skeleton', 'scythe', 'robe', 'mask', 'beak_mask', 'medieval', 'historical', 'indoor']",人物穿着黑色长袍，手持镰刀，符合死神的特征。,
plague doctor,"two pictures with the same person wearing a suit and tie, one has a hat on his head",https://i.pinimg.com/236x/22/af/82/22af82c9419580fff3b833f416b318cb.jpg,plague_doctor_1775742012_two_pictures_with_the_same_person_wearing_a_suit_and_tie__one_has_a_hat_on_his_head.jpg,pinterest_data\raw\plague_doctor_1775742012_two_pictures_with_the_same_person_wearing_a_suit_and_tie__one_has_a_hat_on_his_head.jpg,success,1,0,0,0.95,"['plague_doctor', 'mask', 'beak_mask']",图片中有一个人穿着黑色长袍和鸟嘴形状的面具，符合'鸟嘴医生'的特征。,
plague doctor,a man holding a lantern and a bird on his arm,https://i.pinimg.com/236x/ee/5e/64/ee5e642bd5ec4c083aaa035e17c6d7c2.jpg,plague_doctor_1775742013_a_man_holding_a_lantern_and_a_bird_on_his_arm.jpg,pinterest_data\raw\plague_doctor_1775742013_a_man_holding_a_lantern_and_a_bird_on_his_arm.jpg,success,1,0,0,0.95,"['plague_doctor', 'mask', 'beak_mask', 'medieval', 'historical', 'crowd', 'outdoor']",人物穿着黑色长袍，手持鸟嘴形状的面具和一把剑，符合‘鸟嘴医生’的特征。,
plague doctor,"various types of helmets drawn in pencil on a gray paper with the words,'how to draw an alien head '",https://i.pinimg.com/236x/0c/a9/4c/0ca94c2b46652fde826e10c0eaf3d522.jpg,plague_doctor_1775742015_various_types_of_helmets_drawn_in_pencil_on_a_gray_paper_with_the_words__how_to_draw_an_alien_head.jpg,pinterest_data\raw\plague_doctor_1775742015_various_types_of_helmets_drawn_in_pencil_on_a_gray_paper_with_the_words__how_to_draw_an_alien_head.jpg,success,0,0,0,0.95,"['mask', 'beak_mask']",图中没有人物形象，只有各种形状的面具和喙状突起。,
plague doctor,"科技, 幻想生物, 赛博朋克, 万圣节, 朋克, 徽章, 角色设计, 灵感, 衣服",https://i.pinimg.com/236x/d4/2b/76/d42b7660afd24af67dbfaec48f994bf0.jpg,plague_doctor_1775742016_科技__幻想生物__赛博朋克__万圣节__朋克__徽章__角色设计__灵感__衣服.jpg,pinterest_data\raw\plague_doctor_1775742016_科技__幻想生物__赛博朋克__万圣节__朋克__徽章__角色设计__灵感__衣服.jpg,success,1,1,0,0.95,"['plague_doctor', 'mask', 'beak_mask']",该人物穿着黑色长袍，戴着鸟嘴形状的面具，符合'鸟嘴医生'的特征。,
plague doctor,"It’s flu season, and the marketing division of Epic Armoury is getting an unexpected visit from a pl",https://i.pinimg.com/videos/thumbnails/originals/72/b6/09/72b609cb690146249f09f2e29ab2c633.0000000.jpg,plague_doctor_1775742019_It_s_flu_season__and_the_marketing_division_of_Epic_Armoury_is_getting_an_unexpected_visit_from_a_pl.jpg,pinterest_data\raw\plague_doctor_1775742019_It_s_flu_season__and_the_marketing_division_of_Epic_Armoury_is_getting_an_unexpected_visit_from_a_pl.jpg,success,1,1,0,0.95,"['plague_doctor', 'mask', 'beak_mask', 'medieval', 'indoor']",图片中有一个人穿着黑色长袍和鸟嘴形状的面具，符合'鸟嘴医生'的特征。,
plague doctor,a woman in a black dress with a large bird mask on her head and hood over her face,https://i.pinimg.com/236x/d8/96/10/d89610e2e4537c39e2c4464151ccad89.jpg,plague_doctor_1775742021_a_woman_in_a_black_dress_with_a_large_bird_mask_on_her_head_and_hood_over_her_face.jpg,pinterest_data\raw\plague_doctor_1775742021_a_woman_in_a_black_dress_with_a_large_bird_mask_on_her_head_and_hood_over_her_face.jpg,success,1,1,0,0.95,"['plague_doctor', 'mask', 'beak_mask', 'medieval', 'historical', 'outdoor']",该人物穿着黑色长袍和鸟嘴形状的面具，符合‘鸟嘴医生’的特征。,
plague doctor,several pictures of stuffed animals wearing hats and scarves,https://i.pinimg.com/236x/d8/86/9e/d8869ec61f813f6e241cd588a2fa15bd.jpg,plague_doctor_1775742022_several_pictures_of_stuffed_animals_wearing_hats_and_scarves.jpg,pinterest_data\raw\plague_doctor_1775742022_several_pictures_of_stuffed_animals_wearing_hats_and_scarves.jpg,success,1,1,0,0.95,"['plague_doctor', 'mask', 'beak_mask']",图片中有穿着黑色长袍和戴有鸟嘴形状面具的人物，符合'鸟嘴医生'的特征。,
plague doctor,"朋克, 髮型, 角色设计, 插畫, 衣服",https://i.pinimg.com/236x/2c/14/c8/2c14c884388ef2ec48a470962c7a9357.jpg,plague_doctor_1775742023_朋克__髮型__角色设计__插畫__衣服.jpg,pinterest_data\raw\plague_doctor_1775742023_朋克__髮型__角色设计__插畫__衣服.jpg,success,1,1,0,0.95,"['plague_doctor', 'mask', 'beak_mask']",图片中有两个穿着黑色长袍和戴有鸟嘴面具的人物，符合'鸟嘴医生'的特征。,
plague doctor,an elephant statue holding a lantern with a bird perched on it's arm and wearing a hat,https://i.pinimg.com/236x/e0/a3/d7/e0a3d7bd5cd2a734e9271c237a57da61.jpg,plague_doctor_1775742024_an_elephant_statue_holding_a_lantern_with_a_bird_perched_on_it_s_arm_and_wearing_a_hat.jpg,pinterest_data\raw\plague_doctor_1775742024_an_elephant_statue_holding_a_lantern_with_a_bird_perched_on_it_s_arm_and_wearing_a_hat.jpg,success,1,1,0,0.95,"['plague_doctor', 'mask', 'beak_mask']",图片中的人物穿着黑色长袍，戴着鸟嘴形状的面具，符合‘鸟嘴医生’的特征。,
plague doctor,"by Daarken 军人, 狼人, 人物设计, 角色设计, 雕塑, 动漫, 插畫",https://i.pinimg.com/236x/2f/7d/3d/2f7d3d55d7b9c6c79cb874e978111075.jpg,plague_doctor_1775742025_by_Daarken_军人__狼人__人物设计__角色设计__雕塑__动漫__插畫.jpg,pinterest_data\raw\plague_doctor_1775742025_by_Daarken_军人__狼人__人物设计__角色设计__雕塑__动漫__插畫.jpg,success,1,0,0,0.95,"['plague_doctor', 'mask', 'beak_mask', 'medieval', 'historical']",图中人物穿着类似医生的服装，戴着鸟嘴形状的面具，手持灯笼，符合'鸟嘴医生'的特征。,
plague doctor,the stuffed animal is wearing a top hat,https://i.pinimg.com/236x/8a/e4/2a/8ae42a5aaecb4328e911768563cb6248.jpg,plague_doctor_1775742026_the_stuffed_animal_is_wearing_a_top_hat.jpg,pinterest_data\raw\plague_doctor_1775742026_the_stuffed_animal_is_wearing_a_top_hat.jpg,success,1,1,0,0.95,"['plague_doctor', 'mask', 'beak_mask']",图片中的人物穿着黑色长袍，戴着鸟嘴形状的面具，符合'鸟嘴医生'的特征。,
plague doctor,"Handmade Leather Plague Doctor Mask. The mask is Glasses Friendly. Really cool cosplay, carnival, ve",https://i.pinimg.com/236x/d0/40/a5/d040a5fc5956519260c896b0a68c447a.jpg,plague_doctor_1775742027_Handmade_Leather_Plague_Doctor_Mask._The_mask_is_Glasses_Friendly._Really_cool_cosplay__carnival__ve.jpg,pinterest_data\raw\plague_doctor_1775742027_Handmade_Leather_Plague_Doctor_Mask._The_mask_is_Glasses_Friendly._Really_cool_cosplay__carnival__ve.jpg,success,1,1,0,0.95,"['plague_doctor', 'mask', 'beak_mask']",图片中有一个戴着鸟嘴形状面具的人，符合'鸟嘴医生'的特征。,
plague doctor,Black and White Gothic Plague Lady | black and white halloween stickers 712.49.7.93,https://i.pinimg.com/236x/f7/6e/2a/f76e2ad3f4f03f8198bf25c0e376f0ac.jpg,plague_doctor_1775742029_Black_and_White_Gothic_Plague_Lady___black_and_white_halloween_stickers_712.49.7.93.jpg,pinterest_data\raw\plague_doctor_1775742029_Black_and_White_Gothic_Plague_Lady___black_and_white_halloween_stickers_712.49.7.93.jpg,success,1,1,0,0.95,"['plague_doctor', 'mask', 'beak_mask', 'medieval', 'historical']",图像中的人物穿着黑色长袍，戴着鸟嘴形状的面具，符合‘鸟嘴医生’的特征。,
plague doctor,a painting of a hooded man with crows on his head and the moon in the background,https://i.pinimg.com/236x/b6/4c/01/b64c01fdeae93c0bcf6c8c86cc893396.jpg,plague_doctor_1775742030_a_painting_of_a_hooded_man_with_crows_on_his_head_and_the_moon_in_the_background.jpg,pinterest_data\raw\plague_doctor_1775742030_a_painting_of_a_hooded_man_with_crows_on_his_head_and_the_moon_in_the_background.jpg,success,1,0,1,0.95,"['plague_doctor', 'grim_reaper', 'skeleton', 'scythe', 'robe', 'mask', 'beak_mask', 'medieval', 'historical', 'crowd']",图中有身穿黑色长袍、戴有鸟嘴形状面具的人物，符合死神的特征。,
plague doctor,a black bird with a hat on it's head and a bottle in its beak,https://i.pinimg.com/236x/b9/b3/2a/b9b32a154f5171d7f6f4e03b00af5841.jpg,plague_doctor_1775742031_a_black_bird_with_a_hat_on_it_s_head_and_a_bottle_in_its_beak.jpg,pinterest_data\raw\plague_doctor_1775742031_a_black_bird_with_a_hat_on_it_s_head_and_a_bottle_in_its_beak.jpg,success,1,1,0,0.95,"['plague_doctor', 'mask', 'beak_mask']",图片中有一个穿着黑色长袍、戴着鸟嘴形状面具的人物，符合'鸟嘴医生'的特征。,
plague doctor,a man with white hair wearing a long coat and holding a knife in his hand,https://i.pinimg.com/236x/f3/b8/04/f3b804794cb3edb13adebaaea698185a.jpg,plague_doctor_1775742032_a_man_with_white_hair_wearing_a_long_coat_and_holding_a_knife_in_his_hand.jpg,pinterest_data\raw\plague_doctor_1775742032_a_man_with_white_hair_wearing_a_long_coat_and_holding_a_knife_in_his_hand.jpg,success,1,0,0,0.95,"['plague_doctor', 'mask', 'beak_mask']",人物穿着类似医生的服装，戴着鸟嘴形状的面具，符合'鸟嘴医生'的特征。,
plague doctor,a crocheted stuffed animal wearing a top hat and holding a knitting needle in it's mouth,https://i.pinimg.com/236x/50/86/3f/50863fbccbbbdd48edee0ca34b91a6ae.jpg,plague_doctor_1775742033_a_crocheted_stuffed_animal_wearing_a_top_hat_and_holding_a_knitting_needle_in_it_s_mouth.jpg,pinterest_data\raw\plague_doctor_1775742033_a_crocheted_stuffed_animal_wearing_a_top_hat_and_holding_a_knitting_needle_in_it_s_mouth.jpg,success,1,1,0,0.95,"['plague_doctor', 'mask', 'beak_mask']",该图像中的角色符合鸟嘴医生的特征，即穿着黑色或深色长袍，戴着鸟嘴形状的面具（喙状突起），可能配有宽檐帽、手套、手杖。,
plague doctor,"奇幻生物, 幻想生物, 服装设计, 人物设计, 角色设计, 插畫, 衣服",https://i.pinimg.com/236x/4d/5a/e0/4d5ae0098b7004d194781dd7530a27bb.jpg,plague_doctor_1775742035_奇幻生物__幻想生物__服装设计__人物设计__角色设计__插畫__衣服.jpg,pinterest_data\raw\plague_doctor_1775742035_奇幻生物__幻想生物__服装设计__人物设计__角色设计__插畫__衣服.jpg,success,1,0,1,0.95,"['plague_doctor', 'grim_reaper', 'skeleton', 'scythe', 'robe', 'mask', 'beak_mask', 'medieval', 'historical']",该角色穿着黑色长袍，戴着鸟嘴形状的面具，手持镰刀，符合死神的特征。,
plague doctor,a person holding a small black toy in their hand,https://i.pinimg.com/236x/50/2f/9f/502f9f65ca53c64c2591d72cee88da0e.jpg,plague_doctor_1775742036_a_person_holding_a_small_black_toy_in_their_hand.jpg,pinterest_data\raw\plague_doctor_1775742036_a_person_holding_a_small_black_toy_in_their_hand.jpg,success,1,1,0,0.95,"['plague_doctor', 'mask', 'beak_mask']",图片中的人物穿着黑色长袍，戴着鸟嘴形状的面具，符合‘鸟嘴医生’的特征。,
plague doctor,an anime character with white hair and black clothes,https://i.pinimg.com/236x/74/e0/fc/74e0fc391b8bf4ba988bfb4f2007055e.jpg,plague_doctor_1775742037_an_anime_character_with_white_hair_and_black_clothes.jpg,pinterest_data\raw\plague_doctor_1775742037_an_anime_character_with_white_hair_and_black_clothes.jpg,success,1,0,0,0.95,"['plague_doctor', 'mask', 'beak_mask']",该角色穿着黑色长袍和帽子，符合鸟嘴医生的特征。,
plague doctor,a man in a top hat holding a wine glass with a crow on his shoulder,https://i.pinimg.com/236x/65/c0/f6/65c0f60efad77c86bc47917a119e34ed.jpg,plague_doctor_1775742038_a_man_in_a_top_hat_holding_a_wine_glass_with_a_crow_on_his_shoulder.jpg,pinterest_data\raw\plague_doctor_1775742038_a_man_in_a_top_hat_holding_a_wine_glass_with_a_crow_on_his_shoulder.jpg,success,1,1,0,0.95,"['plague_doctor', 'mask', 'beak_mask']",图中人物穿着黑色长袍，戴着鸟嘴形状的面具，符合‘鸟嘴医生’的特征。,
plague doctor,the concept art for mr officer,https://i.pinimg.com/236x/7d/4e/c6/7d4ec629095bc656594e0fb2f2ca145f.jpg,plague_doctor_1775742039_the_concept_art_for_mr_officer.jpg,pinterest_data\raw\plague_doctor_1775742039_the_concept_art_for_mr_officer.jpg,success,1,0,0,0.95,"['plague_doctor', 'mask', 'beak_mask']",图中有两个角色，一个穿着黑色长袍和帽子的角色，另一个戴着类似鸟嘴形状的面具。根据描述，这可能是'鸟嘴医生'的形象。,
plague doctor,a crocheted stuffed animal wearing a top hat and holding a cane on a wooden table,https://i.pinimg.com/236x/51/6d/fe/516dfe279501fc88dc4ea1bfe1a74486.jpg,plague_doctor_1775742040_a_crocheted_stuffed_animal_wearing_a_top_hat_and_holding_a_cane_on_a_wooden_table.jpg,pinterest_data\raw\plague_doctor_1775742040_a_crocheted_stuffed_animal_wearing_a_top_hat_and_holding_a_cane_on_a_wooden_table.jpg,success,1,1,0,0.95,"['plague_doctor', 'mask', 'beak_mask']",图片中的角色符合鸟嘴医生的特征，即穿着黑色长袍，戴着鸟嘴形状的面具，手持手杖。,
plague doctor,"two pictures with the same person wearing a suit and tie, one has a hat on his head",https://i.pinimg.com/236x/84/d5/52/84d55248b55c19fd2292bb5815973468.jpg,plague_doctor_1775742041_two_pictures_with_the_same_person_wearing_a_suit_and_tie__one_has_a_hat_on_his_head.jpg,pinterest_data\raw\plague_doctor_1775742041_two_pictures_with_the_same_person_wearing_a_suit_and_tie__one_has_a_hat_on_his_head.jpg,success,1,1,0,0.95,"['plague_doctor', 'mask', 'beak_mask']",图片中有穿着黑色长袍和戴有鸟嘴形状面具的人物，符合'鸟嘴医生'的特征。,
plague doctor,a man dressed in black with a plague mask,https://i.pinimg.com/236x/43/0f/8d/430f8d051d367a7a9d4b77c156598b5b.jpg,plague_doctor_1775742056_a_man_dressed_in_black_with_a_plague_mask.jpg,pinterest_data\raw\plague_doctor_1775742056_a_man_dressed_in_black_with_a_plague_mask.jpg,success,1,1,0,0.95,"['plague_doctor', 'mask', 'beak_mask']",该图像显示了一个穿着黑色长袍和鸟嘴面具的人物，符合‘鸟嘴医生’的特征。,
plague doctor,a painting of a person sitting under a tree with pink flowers on it's branches,https://i.pinimg.com/236x/64/87/27/648727296cb35e6da985d9eaec20f890.jpg,plague_doctor_1775742057_a_painting_of_a_person_sitting_under_a_tree_with_pink_flowers_on_it_s_branches.jpg,pinterest_data\raw\plague_doctor_1775742057_a_painting_of_a_person_sitting_under_a_tree_with_pink_flowers_on_it_s_branches.jpg,success,1,1,0,0.95,"['plague_doctor', 'mask', 'beak_mask', 'medieval', 'historical', 'outdoor']",图中人物穿着长袍，戴着鸟嘴形状的面具，符合‘鸟嘴医生’的特征。,
plague doctor,a man dressed up as a skeleton with a lantern in his hand and wearing a hat,https://i.pinimg.com/236x/a0/66/0f/a0660f62c8683938a8f66a3317fbc1f6.jpg,plague_doctor_1775742059_a_man_dressed_up_as_a_skeleton_with_a_lantern_in_his_hand_and_wearing_a_hat.jpg,pinterest_data\raw\plague_doctor_1775742059_a_man_dressed_up_as_a_skeleton_with_a_lantern_in_his_hand_and_wearing_a_hat.jpg,success,1,0,1,0.95,"['plague_doctor', 'grim_reaper', 'skeleton', 'scythe', 'robe', 'mask', 'beak_mask', 'medieval', 'historical', 'outdoor']",图片中的人物穿着黑色长袍，戴着鸟嘴形状的面具，手持镰刀，符合死神的特征。,
plague doctor,"a man in a top hat and trench coat with purple flames around his waist, standing on a gray backgroun",https://i.pinimg.com/236x/64/5e/9e/645e9e6d36037bba1ac9b69393e47777.jpg,plague_doctor_1775742060_a_man_in_a_top_hat_and_trench_coat_with_purple_flames_around_his_waist__standing_on_a_gray_backgroun.jpg,pinterest_data\raw\plague_doctor_1775742060_a_man_in_a_top_hat_and_trench_coat_with_purple_flames_around_his_waist__standing_on_a_gray_backgroun.jpg,success,1,1,0,0.95,"['plague_doctor', 'mask', 'beak_mask']",该角色穿着黑色长袍，戴着鸟嘴形状的面具，符合‘鸟嘴医生’的特征。,
plague doctor,a man sitting in a chair with a crow on his head,https://i.pinimg.com/236x/9d/de/61/9dde61fb1777a56a011c007fa02939c1.jpg,plague_doctor_1775742061_a_man_sitting_in_a_chair_with_a_crow_on_his_head.jpg,pinterest_data\raw\plague_doctor_1775742061_a_man_sitting_in_a_chair_with_a_crow_on_his_head.jpg,success,1,1,0,0.95,"['plague_doctor', 'mask', 'beak_mask', 'medieval', 'historical', 'indoor']",图中人物穿着黑色长袍，戴着鸟嘴形状的面具，符合‘鸟嘴医生’的特征。,
plague doctor,a black and white photo of a bird wearing a leather jacket with a hat on it's head,https://i.pinimg.com/236x/e8/3d/27/e83d27e3e8a0e1d003eb62a77c88cf57.jpg,plague_doctor_1775742062_a_black_and_white_photo_of_a_bird_wearing_a_leather_jacket_with_a_hat_on_it_s_head.jpg,pinterest_data\raw\plague_doctor_1775742062_a_black_and_white_photo_of_a_bird_wearing_a_leather_jacket_with_a_hat_on_it_s_head.jpg,success,1,1,0,0.95,"['plague_doctor', 'mask', 'beak_mask']",图片中的人物穿着黑色长袍，戴着鸟嘴形状的面具，符合‘鸟嘴医生’的特征。,
plague doctor,a man in a plague costume with a large beak,https://i.pinimg.com/236x/06/f0/85/06f08576be9d782d141dd65f984a1125.jpg,plague_doctor_1775742063_a_man_in_a_plague_costume_with_a_large_beak.jpg,pinterest_data\raw\plague_doctor_1775742063_a_man_in_a_plague_costume_with_a_large_beak.jpg,success,1,1,0,0.95,"['plague_doctor', 'mask', 'beak_mask']",该图像显示了一个穿着黑色长袍和鸟嘴面具的人物，符合‘鸟嘴医生’的特征。,
plague doctor,a drawing of a bird wearing a hat and holding a cane in its beak with an ornate frame around it,https://i.pinimg.com/236x/78/fc/53/78fc539f04737694b72d01ffad04c005.jpg,plague_doctor_1775742064_a_drawing_of_a_bird_wearing_a_hat_and_holding_a_cane_in_its_beak_with_an_ornate_frame_around_it.jpg,pinterest_data\raw\plague_doctor_1775742064_a_drawing_of_a_bird_wearing_a_hat_and_holding_a_cane_in_its_beak_with_an_ornate_frame_around_it.jpg,success,1,1,0,0.95,"['plague_doctor', 'mask', 'beak_mask', 'medieval', 'historical']",图像中的人物穿着黑色长袍，戴着鸟嘴形状的面具，符合‘鸟嘴医生’的特征。,
plague doctor,a crow with a top hat and purple eyes standing in front of some black crows,https://i.pinimg.com/236x/52/47/db/5247dbef8f587c51ff5da6eca177b0be.jpg,plague_doctor_1775742065_a_crow_with_a_top_hat_and_purple_eyes_standing_in_front_of_some_black_crows.jpg,pinterest_data\raw\plague_doctor_1775742065_a_crow_with_a_top_hat_and_purple_eyes_standing_in_front_of_some_black_crows.jpg,success,1,1,0,0.95,"['plague_doctor', 'mask', 'beak_mask']",图中人物穿着黑色长袍，戴着鸟嘴形状的面具，符合‘鸟嘴医生’的特征。,
plague doctor,a man in a hat and trench coat standing next to a table,https://i.pinimg.com/236x/8a/ab/0d/8aab0d90575c1d275db8e46c80b4e2ac.jpg,plague_doctor_1775742066_a_man_in_a_hat_and_trench_coat_standing_next_to_a_table.jpg,pinterest_data\raw\plague_doctor_1775742066_a_man_in_a_hat_and_trench_coat_standing_next_to_a_table.jpg,success,1,1,0,0.95,"['plague_doctor', 'mask', 'beak_mask', 'medieval', 'historical']",图中人物穿着黑色长袍，戴着鸟嘴形状的面具，符合‘鸟嘴医生’的特征。,
plague doctor,a painting of a man in a hat sitting on the ground,https://i.pinimg.com/236x/e0/94/5e/e0945e2407f5cffb7936498992624415.jpg,plague_doctor_1775742068_a_painting_of_a_man_in_a_hat_sitting_on_the_ground.jpg,pinterest_data\raw\plague_doctor_1775742068_a_painting_of_a_man_in_a_hat_sitting_on_the_ground.jpg,success,1,1,0,0.95,"['plague_doctor', 'mask', 'beak_mask', 'medieval', 'historical', 'outdoor']",图中人物穿着黑色长袍，戴着鸟嘴形状的面具，符合‘鸟嘴医生’的特征。,
plague doctor,a painting of a man in a hat and coat with a bird on his shoulder,https://i.pinimg.com/236x/25/a9/e1/25a9e15844e5f1de1c0fc7260e8c79f5.jpg,plague_doctor_1775742069_a_painting_of_a_man_in_a_hat_and_coat_with_a_bird_on_his_shoulder.jpg,pinterest_data\raw\plague_doctor_1775742069_a_painting_of_a_man_in_a_hat_and_coat_with_a_bird_on_his_shoulder.jpg,success,1,1,0,0.95,"['plague_doctor', 'mask', 'beak_mask', 'medieval', 'historical']",图中人物穿着黑色长袍，戴着鸟嘴形状的面具，符合‘鸟嘴医生’的特征。,
plague doctor,a drawing of a man in a top hat and coat with a bird on his shoulder,https://i.pinimg.com/236x/e2/be/c6/e2bec6e781b461a62510a425a7de66cd.jpg,plague_doctor_1775742070_a_drawing_of_a_man_in_a_top_hat_and_coat_with_a_bird_on_his_shoulder.jpg,pinterest_data\raw\plague_doctor_1775742070_a_drawing_of_a_man_in_a_top_hat_and_coat_with_a_bird_on_his_shoulder.jpg,success,1,1,0,0.95,"['plague_doctor', 'mask', 'beak_mask', 'medieval', 'historical']",图中人物穿着深色长袍，戴着鸟嘴形状的面具，符合‘鸟嘴医生’的特征。,
plague doctor,a drawing of a man in a purple coat and hat with a crow on his head,https://i.pinimg.com/236x/23/2e/38/232e38e2eff50ede3a4a8e491346f172.jpg,plague_doctor_1775742071_a_drawing_of_a_man_in_a_purple_coat_and_hat_with_a_crow_on_his_head.jpg,pinterest_data\raw\plague_doctor_1775742071_a_drawing_of_a_man_in_a_purple_coat_and_hat_with_a_crow_on_his_head.jpg,success,1,1,0,0.95,"['plague_doctor', 'mask', 'beak_mask']",图中人物穿着深色长袍，戴着鸟嘴形状的面具，符合‘鸟嘴医生’的特征。,
plague doctor,a black and white drawing of a person wearing a hat,https://i.pinimg.com/236x/6c/b7/dc/6cb7dca8b552dd5f11914596ce94af3c.jpg,plague_doctor_1775742072_a_black_and_white_drawing_of_a_person_wearing_a_hat.jpg,pinterest_data\raw\plague_doctor_1775742072_a_black_and_white_drawing_of_a_person_wearing_a_hat.jpg,success,1,1,0,0.95,"['plague_doctor', 'mask', 'beak_mask']",图中人物穿着黑色长袍，戴着鸟嘴形状的面具，符合‘鸟嘴医生’的特征。,
plague doctor,a crochet pattern for a small stuffed animal wearing a hat and holding a wrench,https://i.pinimg.com/236x/cf/d9/2b/cfd92b4c8cba1ea6a98130efb0ce84c4.jpg,plague_doctor_1775742073_a_crochet_pattern_for_a_small_stuffed_animal_wearing_a_hat_and_holding_a_wrench.jpg,pinterest_data\raw\plague_doctor_1775742073_a_crochet_pattern_for_a_small_stuffed_animal_wearing_a_hat_and_holding_a_wrench.jpg,success,0,0,0,0.95,"['crochet_pattern', 'pdf_tutorial']",图片中没有人物，但有钩针图案和PDF教程的文本信息。,
plague doctor,"a man in a top hat and coat with a bird on his arm, holding a cane",https://i.pinimg.com/236x/4c/32/db/4c32db18ac3e9b5c13f250a3c781f75a.jpg,plague_doctor_1775742074_a_man_in_a_top_hat_and_coat_with_a_bird_on_his_arm__holding_a_cane.jpg,pinterest_data\raw\plague_doctor_1775742074_a_man_in_a_top_hat_and_coat_with_a_bird_on_his_arm__holding_a_cane.jpg,success,1,1,0,0.95,"['plague_doctor', 'mask', 'beak_mask', 'medieval', 'historical']",人物穿着黑色长袍，戴着鸟嘴形状的面具，符合‘鸟嘴医生’的特征。,
plague doctor,a character in a hooded outfit holding a knife and a bottle with an evil look on his face,https://i.pinimg.com/236x/57/00/74/5700747e124b5775dec0509054551a97.jpg,plague_doctor_1775742076_a_character_in_a_hooded_outfit_holding_a_knife_and_a_bottle_with_an_evil_look_on_his_face.jpg,pinterest_data\raw\plague_doctor_1775742076_a_character_in_a_hooded_outfit_holding_a_knife_and_a_bottle_with_an_evil_look_on_his_face.jpg,success,1,0,0,0.95,"['plague_doctor', 'mask', 'beak_mask', 'medieval']",人物穿着深色长袍，戴着鸟嘴形状的面具，符合‘鸟嘴医生’的特征。,
plague doctor,"a black and white stuffed animal wearing a top hat, jacket and coat with buttons on it",https://i.pinimg.com/236x/a9/0d/34/a90d348cbea13d47b6c5ca92e895cea6.jpg,plague_doctor_1775742649_a_black_and_white_stuffed_animal_wearing_a_top_hat__jacket_and_coat_with_buttons_on_it.jpg,pinterest_data\raw\plague_doctor_1775742649_a_black_and_white_stuffed_animal_wearing_a_top_hat__jacket_and_coat_with_buttons_on_it.jpg,success,1,1,0,0.95,"['plague_doctor', 'mask', 'beak_mask']",图片中的人物穿着黑色长袍，戴着鸟嘴形状的面具，符合‘鸟嘴医生’的特征。,
plague doctor,the concept art for an upcoming video game,https://i.pinimg.com/236x/89/58/38/8958380dccdeb8bd833eae1767d4ab97.jpg,plague_doctor_1775742651_the_concept_art_for_an_upcoming_video_game.jpg,pinterest_data\raw\plague_doctor_1775742651_the_concept_art_for_an_upcoming_video_game.jpg,success,1,0,0,0.95,"['plague_doctor', 'mask', 'beak_mask']",图中有四个角色，其中三个角色符合鸟嘴医生的特征，即穿着黑色或深色长袍，戴着鸟嘴形状的面具。,
plague doctor,several different stuffed animals are shown in this advertisement for the children's clothing line,https://i.pinimg.com/236x/42/49/5f/42495f50861ad4dd5acd27c71b681819.jpg,plague_doctor_1775742655_several_different_stuffed_animals_are_shown_in_this_advertisement_for_the_children_s_clothing_line.jpg,pinterest_data\raw\plague_doctor_1775742655_several_different_stuffed_animals_are_shown_in_this_advertisement_for_the_children_s_clothing_line.jpg,success,0,1,0,0.95,"['plague_doctor', 'mask', 'beak_mask']",图片中有多个穿着黑色或深色长袍、戴着鸟嘴形状的面具的人物，符合'鸟嘴医生'的特征。,
plague doctor,"three plague doctors with beaks and hats on their heads, one wearing a mask",https://i.pinimg.com/236x/97/12/2b/97122bdb1739fbe2e986d1ddd4765ef3.jpg,plague_doctor_1775742658_three_plague_doctors_with_beaks_and_hats_on_their_heads__one_wearing_a_mask.jpg,pinterest_data\raw\plague_doctor_1775742658_three_plague_doctors_with_beaks_and_hats_on_their_heads__one_wearing_a_mask.jpg,success,1,1,0,0.95,"['plague_doctor', 'mask', 'beak_mask']",图片中有穿着黑色长袍和戴有鸟嘴面具的人物，符合‘鸟嘴医生’的特征。,
plague doctor,a crocheted stuffed animal wearing a top hat and holding a small yellow ball,https://i.pinimg.com/236x/07/f7/6f/07f76f3ccdc16bf47750091c63e171d5.jpg,plague_doctor_1775742659_a_crocheted_stuffed_animal_wearing_a_top_hat_and_holding_a_small_yellow_ball.jpg,pinterest_data\raw\plague_doctor_1775742659_a_crocheted_stuffed_animal_wearing_a_top_hat_and_holding_a_small_yellow_ball.jpg,success,1,0,0,0.95,"['plague_doctor', 'mask', 'beak_mask']",图片中有一个人形角色，穿着黑色长袍，戴着鸟嘴形状的面具，符合'鸟嘴医生'的特征。,
plague doctor,an anime character with white hair holding a large metal object in his hand and looking at the camer,https://i.pinimg.com/236x/c8/9f/d2/c89fd2f3791363817ae87231accabae1.jpg,plague_doctor_1775742660_an_anime_character_with_white_hair_holding_a_large_metal_object_in_his_hand_and_looking_at_the_camer.jpg,pinterest_data\raw\plague_doctor_1775742660_an_anime_character_with_white_hair_holding_a_large_metal_object_in_his_hand_and_looking_at_the_camer.jpg,success,1,0,0,0.95,"['plague_doctor', 'mask', 'beak_mask', 'medieval', 'historical']",图中人物穿着黑色长袍，戴着鸟嘴形状的面具，符合'鸟嘴医生'的特征。,
plague doctor,a drawing of a rabbit wearing a trench coat and holding a knife in his hand,https://i.pinimg.com/236x/11/96/ab/1196ab3142d3df831a04bd36ff44fd90.jpg,plague_doctor_1775742662_a_drawing_of_a_rabbit_wearing_a_trench_coat_and_holding_a_knife_in_his_hand.jpg,pinterest_data\raw\plague_doctor_1775742662_a_drawing_of_a_rabbit_wearing_a_trench_coat_and_holding_a_knife_in_his_hand.jpg,success,1,1,0,0.95,"['plague_doctor', 'mask', 'beak_mask']",图中人物穿着黑色长袍，戴着鸟嘴形状的面具，符合'鸟嘴医生'的特征。,
plague doctor,a drawing of a person with a crow on his arm and one hand in the air,https://i.pinimg.com/236x/26/17/21/261721e6e78ae6911fdc67976661d3e6.jpg,plague_doctor_1775742663_a_drawing_of_a_person_with_a_crow_on_his_arm_and_one_hand_in_the_air.jpg,pinterest_data\raw\plague_doctor_1775742663_a_drawing_of_a_person_with_a_crow_on_his_arm_and_one_hand_in_the_air.jpg,success,1,1,0,0.95,"['plague_doctor', 'mask', 'beak_mask', 'medieval']",图中人物穿着黑色长袍，戴着鸟嘴形状的面具，符合‘鸟嘴医生’的特征。,
plague doctor,插畫,https://i.pinimg.com/236x/9b/44/e3/9b44e3ec5513c912ded061c24eafe156.jpg,plague_doctor_1775742664_插畫.jpg,pinterest_data\raw\plague_doctor_1775742664_插畫.jpg,success,1,0,1,0.95,"['plague_doctor', 'grim_reaper', 'skeleton', 'scythe', 'robe', 'mask', 'beak_mask']",图中人物穿着黑色长袍，手持镰刀，符合死神的特征。,
plague doctor,a hand holding a small stuffed animal in a hat and scarf on a cemetery bench,https://i.pinimg.com/236x/cd/7f/c2/cd7fc2d9e70ac48527fb08461f26b4cb.jpg,plague_doctor_1775742665_a_hand_holding_a_small_stuffed_animal_in_a_hat_and_scarf_on_a_cemetery_bench.jpg,pinterest_data\raw\plague_doctor_1775742665_a_hand_holding_a_small_stuffed_animal_in_a_hat_and_scarf_on_a_cemetery_bench.jpg,success,1,1,0,0.95,"['plague_doctor', 'mask', 'beak_mask', 'medieval', 'historical', 'outdoor']",图片中的人物穿着黑色长袍，戴着鸟嘴形状的面具，符合'鸟嘴医生'的特征。,
plague doctor,Plague Doctor Plush Sewing Pattern | PDF | Sewing | Seam (Sewing) #halloweenembroidery #embroideryin,https://i.pinimg.com/236x/16/f6/fa/16f6fa45374920e629005d3793428ee0.jpg,plague_doctor_1775742667_Plague_Doctor_Plush_Sewing_Pattern___PDF___Sewing___Seam__Sewing___halloweenembroidery__embroideryin.jpg,pinterest_data\raw\plague_doctor_1775742667_Plague_Doctor_Plush_Sewing_Pattern___PDF___Sewing___Seam__Sewing___halloweenembroidery__embroideryin.jpg,success,1,1,0,0.95,"['plague_doctor', 'mask', 'beak_mask']",图片中有穿着黑色长袍和戴有鸟嘴形状面具的人物，符合'鸟嘴医生'的特征。,
plague doctor,an animal with the words die written on it,https://i.pinimg.com/236x/61/34/0f/61340f11634621d14bc8d400b6f0a12c.jpg,plague_doctor_1775742668_an_animal_with_the_words_die_written_on_it.jpg,pinterest_data\raw\plague_doctor_1775742668_an_animal_with_the_words_die_written_on_it.jpg,success,0,0,1,0.95,"['dead', 'skull', 'death', 'skeleton', 'scythe']",图中显示的是一个骷髅头和黑袍的形象，符合死神的特征。,
plague doctor,a man dressed in black with feathers and a hat,https://i.pinimg.com/236x/27/f5/fd/27f5fd93a36be3705ca9b1833d7cb715.jpg,plague_doctor_1775742669_a_man_dressed_in_black_with_feathers_and_a_hat.jpg,pinterest_data\raw\plague_doctor_1775742669_a_man_dressed_in_black_with_feathers_and_a_hat.jpg,success,1,0,1,0.95,"['plague_doctor', 'grim_reaper', 'skeleton', 'scythe', 'robe', 'mask', 'beak_mask', 'medieval', 'historical', 'crowd', 'outdoor']",该人物穿着黑色长袍，戴着鸟嘴形状的面具，符合死神的特征。,
plague doctor,a drawing of a man dressed in armor and holding a red apple with one hand,https://i.pinimg.com/236x/eb/81/a4/eb81a44b98aa11e116bf320e7093841f.jpg,plague_doctor_1775742670_a_drawing_of_a_man_dressed_in_armor_and_holding_a_red_apple_with_one_hand.jpg,pinterest_data\raw\plague_doctor_1775742670_a_drawing_of_a_man_dressed_in_armor_and_holding_a_red_apple_with_one_hand.jpg,success,1,0,0,0.95,"['plague_doctor', 'mask', 'beak_mask']",该角色穿着黑色长袍，戴着鸟嘴形状的面具，符合'鸟嘴医生'的特征。,
plague doctor,"This full-length black leather coat is inspired by the iconic plague doctor look, blending historica",https://i.pinimg.com/236x/b7/fe/3b/b7fe3b2186f4663fec7794df1497acc0.jpg,plague_doctor_1775742672_This_full-length_black_leather_coat_is_inspired_by_the_iconic_plague_doctor_look__blending_historica.jpg,pinterest_data\raw\plague_doctor_1775742672_This_full-length_black_leather_coat_is_inspired_by_the_iconic_plague_doctor_look__blending_historica.jpg,success,1,1,0,0.95,"['plague_doctor', 'mask', 'beak_mask']",该图像显示了一个穿着黑色长袍和鸟嘴面具的人物，符合'鸟嘴医生'的特征。,
plague doctor,"斗篷, 灵感, 衣服",https://i.pinimg.com/236x/83/18/74/831874aa7416acc15371259d7f6e92fa.jpg,plague_doctor_1775742750_斗篷__灵感__衣服.jpg,pinterest_data\raw\plague_doctor_1775742750_斗篷__灵感__衣服.jpg,success,1,1,0,0.95,"['plague_doctor', 'mask', 'beak_mask', 'medieval', 'historical', 'outdoor']",图片中的人物穿着黑色长袍，戴着鸟嘴形状的面具，符合‘鸟嘴医生’的特征。,
plague doctor,"a drawing of a man with a top hat and cross on his chest, in front of a stained glass window",https://i.pinimg.com/236x/45/01/99/4501994d224f2e9eb4db63bdc1a769ac.jpg,plague_doctor_1775742751_a_drawing_of_a_man_with_a_top_hat_and_cross_on_his_chest__in_front_of_a_stained_glass_window.jpg,pinterest_data\raw\plague_doctor_1775742751_a_drawing_of_a_man_with_a_top_hat_and_cross_on_his_chest__in_front_of_a_stained_glass_window.jpg,success,1,1,0,0.95,"['plague_doctor', 'mask', 'beak_mask']",该图像描绘了一个穿着黑色长袍、戴着鸟嘴形状面具的人物，符合'鸟嘴医生'的特征。,
plague doctor,"a drawing of a man with a lantern in his hand, wearing a hat and coat",https://i.pinimg.com/236x/6d/bf/ca/6dbfca0c52afd7481b935612ea46446a.jpg,plague_doctor_1775742752_a_drawing_of_a_man_with_a_lantern_in_his_hand__wearing_a_hat_and_coat.jpg,pinterest_data\raw\plague_doctor_1775742752_a_drawing_of_a_man_with_a_lantern_in_his_hand__wearing_a_hat_and_coat.jpg,success,1,1,0,0.95,"['plague_doctor', 'mask', 'beak_mask']",该角色穿着黑色长袍，戴着鸟嘴形状的面具，符合'鸟嘴医生'的特征。,
plague doctor,a man in costume holding up a sign that says wash your damn hands,https://i.pinimg.com/236x/8f/eb/02/8feb0201345d6990b4cef91c7e906d04.jpg,plague_doctor_1775742754_a_man_in_costume_holding_up_a_sign_that_says_wash_your_damn_hands.jpg,pinterest_data\raw\plague_doctor_1775742754_a_man_in_costume_holding_up_a_sign_that_says_wash_your_damn_hands.jpg,success,1,0,1,0.95,"['plague_doctor', 'grim_reaper', 'skeleton', 'scythe', 'robe', 'mask', 'beak_mask', 'medieval', 'historical', 'crowd', 'indoor', 'outdoor']",图中人物穿着黑色长袍，手持标牌，符合死神的特征。,
plague doctor,幻想生物,https://i.pinimg.com/236x/fa/f6/ad/faf6ad611bcb9933b0838d52ac39ddeb.jpg,plague_doctor_1775742755_幻想生物.jpg,pinterest_data\raw\plague_doctor_1775742755_幻想生物.jpg,success,1,0,1,0.95,"['plague_doctor', 'grim_reaper', 'skeleton', 'scythe', 'robe', 'mask', 'beak_mask', 'medieval', 'historical']",该图像中的角色符合死神的特征，包括骷髅骨架和手持镰刀。,
plague doctor,Funny Plague Doctor - Trust Me I'm a Doctor Classic T-Shirt,https://i.pinimg.com/236x/5f/a3/7f/5fa37f767f42209536ca87332493c74b.jpg,plague_doctor_1775742756_Funny_Plague_Doctor_-_Trust_Me_I_m_a_Doctor_Classic_T-Shirt.jpg,pinterest_data\raw\plague_doctor_1775742756_Funny_Plague_Doctor_-_Trust_Me_I_m_a_Doctor_Classic_T-Shirt.jpg,success,1,1,0,0.95,"['plague_doctor', 'mask', 'beak_mask']",图片中的人物符合鸟嘴医生的特征，即穿着黑色长袍，戴着鸟嘴形状的面具。,
plague doctor,the tale of the knight 5 cover art by mark waison and michael j stewart,https://i.pinimg.com/236x/98/75/66/987566356bce7c43271bdb1c0c67072b.jpg,plague_doctor_1775742757_the_tale_of_the_knight_5_cover_art_by_mark_waison_and_michael_j_stewart.jpg,pinterest_data\raw\plague_doctor_1775742757_the_tale_of_the_knight_5_cover_art_by_mark_waison_and_michael_j_stewart.jpg,success,1,1,0,0.95,"['plague_doctor', 'mask', 'beak_mask', 'medieval']",图片中的人物穿着黑色长袍，戴着鸟嘴形状的面具，符合‘鸟嘴医生’的特征。,
plague doctor,some people in black and white are standing next to each other with large beaks on their heads,https://i.pinimg.com/236x/55/3a/fa/553afae939834c7858e84916df51befd.jpg,plague_doctor_1775742759_some_people_in_black_and_white_are_standing_next_to_each_other_with_large_beaks_on_their_heads.jpg,pinterest_data\raw\plague_doctor_1775742759_some_people_in_black_and_white_are_standing_next_to_each_other_with_large_beaks_on_their_heads.jpg,success,1,1,0,0.95,"['plague_doctor', 'robe', 'mask', 'beak_mask']",图中有两个角色，一个穿着黑色长袍和鸟嘴面具，另一个身穿长袍并手持拐杖。根据描述，这符合‘鸟嘴医生’的特征。,
plague doctor,"手机背景, 历史, 動漫人物, 人物设计, 角色设计, 幽默, 绘画, 动漫, 插畫",https://i.pinimg.com/236x/f7/43/a9/f743a9309d049daa4cfdb5c3182bdd42.jpg,plague_doctor_1775742760_手机背景__历史__動漫人物__人物设计__角色设计__幽默__绘画__动漫__插畫.jpg,pinterest_data\raw\plague_doctor_1775742760_手机背景__历史__動漫人物__人物设计__角色设计__幽默__绘画__动漫__插畫.jpg,success,1,1,0,0.95,"['plague_doctor', 'mask', 'beak_mask']",图中有穿着黑色长袍和戴有鸟嘴面具的人物，符合‘鸟嘴医生’的特征。,
plague doctor,"Prague Historical Tour: Learn how to be a Plague Doctor - Explore the Road with Donnamarie 面具, 绘画",https://i.pinimg.com/236x/0c/af/a2/0cafa22a645b6676d29cc9036f7a22dd.jpg,plague_doctor_1775742761_Prague_Historical_Tour__Learn_how_to_be_a_Plague_Doctor_-_Explore_the_Road_with_Donnamarie_面具__绘画.jpg,pinterest_data\raw\plague_doctor_1775742761_Prague_Historical_Tour__Learn_how_to_be_a_Plague_Doctor_-_Explore_the_Road_with_Donnamarie_面具__绘画.jpg,success,1,1,0,0.95,"['plague_doctor', 'mask', 'beak_mask', 'medieval', 'historical']",图中人物穿着深色长袍，戴着鸟嘴形状的面具，符合‘鸟嘴医生’的特征。,
plague doctor,a drawing of a person wearing a hat with the words hunter must hunt on it,https://i.pinimg.com/236x/14/1b/8d/141b8d1bf73382992d936adeb611a6fd.jpg,plague_doctor_1775742762_a_drawing_of_a_person_wearing_a_hat_with_the_words_hunter_must_hunt_on_it.jpg,pinterest_data\raw\plague_doctor_1775742762_a_drawing_of_a_person_wearing_a_hat_with_the_words_hunter_must_hunt_on_it.jpg,success,1,1,0,0.95,"['plague_doctor', 'mask', 'beak_mask']",图中人物穿着黑色长袍，戴着带有十字标志的鸟嘴形状面具，符合‘鸟嘴医生’的特征。,
plague doctor,a drawing of a person in black and white with green eyes wearing a hooded outfit,https://i.pinimg.com/236x/6b/d5/52/6bd5528ffa5675d7e0b95fd803349697.jpg,plague_doctor_1775742763_a_drawing_of_a_person_in_black_and_white_with_green_eyes_wearing_a_hooded_outfit.jpg,pinterest_data\raw\plague_doctor_1775742763_a_drawing_of_a_person_in_black_and_white_with_green_eyes_wearing_a_hooded_outfit.jpg,success,1,0,1,0.95,"['plague_doctor', 'grim_reaper', 'skeleton', 'scythe', 'robe', 'mask', 'beak_mask', 'medieval', 'historical']",该角色符合死神的特征，包括骷髅骨架和身披黑袍。,
plague doctor,a person wearing a plague mask in the woods,https://i.pinimg.com/236x/7f/a3/d0/7fa3d0dce10995ffb90efc2bd7c56559.jpg,plague_doctor_1775742765_a_person_wearing_a_plague_mask_in_the_woods.jpg,pinterest_data\raw\plague_doctor_1775742765_a_person_wearing_a_plague_mask_in_the_woods.jpg,success,1,1,0,0.95,"['plague_doctor', 'mask', 'beak_mask']",图片中的人物穿着黑色长袍，戴着鸟嘴形状的面具，符合‘鸟嘴医生’的特征。,
plague doctor,a black bird with red eyes and a hat on its head is standing next to a crow,https://i.pinimg.com/236x/12/30/a1/1230a13f6dc187dccacc635bd23ed9e9.jpg,plague_doctor_1775742766_a_black_bird_with_red_eyes_and_a_hat_on_its_head_is_standing_next_to_a_crow.jpg,pinterest_data\raw\plague_doctor_1775742766_a_black_bird_with_red_eyes_and_a_hat_on_its_head_is_standing_next_to_a_crow.jpg,success,1,1,0,0.95,"['plague_doctor', 'mask', 'beak_mask']",图中人物穿着黑色长袍，戴着鸟嘴形状的面具，符合‘鸟嘴医生’的特征。,
plague doctor,"a man in black with a hoodie and long hair, holding two swords while standing on",https://i.pinimg.com/236x/6f/6a/0f/6f6a0fe07410df515e599eafa9aad078.jpg,plague_doctor_1775742767_a_man_in_black_with_a_hoodie_and_long_hair__holding_two_swords_while_standing_on.jpg,pinterest_data\raw\plague_doctor_1775742767_a_man_in_black_with_a_hoodie_and_long_hair__holding_two_swords_while_standing_on.jpg,success,1,1,0,0.95,"['plague_doctor', 'mask', 'beak_mask']",该人物穿着黑色长袍，戴着鸟嘴形状的面具，符合‘鸟嘴医生’的特征。,
plague doctor,a man in a gas mask holding a green liquid bottle,https://i.pinimg.com/236x/87/09/3d/87093d9d8ed804cd0ab61b7f70df48c6.jpg,plague_doctor_1775742769_a_man_in_a_gas_mask_holding_a_green_liquid_bottle.jpg,pinterest_data\raw\plague_doctor_1775742769_a_man_in_a_gas_mask_holding_a_green_liquid_bottle.jpg,success,1,1,0,0.95,"['plague_doctor', 'mask', 'beak_mask']",图片中的人物穿着黑色长袍，戴着鸟嘴形状的面具，符合‘鸟嘴医生’的特征。,
plague doctor,a black and white drawing of a person wearing a hat,https://i.pinimg.com/236x/33/a4/67/33a467acfd611f84e4a6168a9be7d7a3.jpg,plague_doctor_1775742770_a_black_and_white_drawing_of_a_person_wearing_a_hat.jpg,pinterest_data\raw\plague_doctor_1775742770_a_black_and_white_drawing_of_a_person_wearing_a_hat.jpg,success,1,1,0,0.95,"['plague_doctor', 'mask', 'beak_mask']",图中人物穿着黑色长袍，戴着鸟嘴形状的面具，符合‘鸟嘴医生’的特征。,
plague doctor,a woman dressed in black holding a martini glass with a bird perched on her arm,https://i.pinimg.com/236x/ac/b4/42/acb44264b650e917c7c7841fc3eabc44.jpg,plague_doctor_1775742771_a_woman_dressed_in_black_holding_a_martini_glass_with_a_bird_perched_on_her_arm.jpg,pinterest_data\raw\plague_doctor_1775742771_a_woman_dressed_in_black_holding_a_martini_glass_with_a_bird_perched_on_her_arm.jpg,success,1,1,0,0.95,"['plague_doctor', 'mask', 'beak_mask']",图中人物穿着黑色长袍，戴着鸟嘴形状的面具，符合‘鸟嘴医生’的特征。,
plague doctor,"其中包括：ペスト医師,Plague doctor,ペストマスク,plague mask,煮付,Nitsuke",https://i.pinimg.com/videos/thumbnails/originals/b2/de/75/b2de75c1ace013fb4662d1a9e86fcdc5.0000000.jpg,plague_doctor_1775742773_其中包括_ペスト医師_Plague_doctor_ペストマスク_plague_mask_煮付_Nitsuke.jpg,pinterest_data\raw\plague_doctor_1775742773_其中包括_ペスト医師_Plague_doctor_ペストマスク_plague_mask_煮付_Nitsuke.jpg,success,1,0,0,0.95,"['plague_doctor', 'mask', 'beak_mask', 'medieval', 'historical', 'indoor']",图片中有一个人物，穿着类似医生的服装，戴着鸟嘴形状的面具，符合'鸟嘴医生'的特征。,
plague doctor,"A plague doctor in a long leather coat and beak mask holding a glowing green lantern in a foggy, nar",https://i.pinimg.com/236x/b2/96/60/b296601b59f1473cb2a75ebd1b8e3802.jpg,plague_doctor_1775742778_A_plague_doctor_in_a_long_leather_coat_and_beak_mask_holding_a_glowing_green_lantern_in_a_foggy__nar.jpg,pinterest_data\raw\plague_doctor_1775742778_A_plague_doctor_in_a_long_leather_coat_and_beak_mask_holding_a_glowing_green_lantern_in_a_foggy__nar.jpg,success,1,1,0,0.95,"['plague_doctor', 'mask', 'beak_mask', 'medieval', 'historical']",图中人物穿着黑色长袍，戴着鸟嘴形状的面具，符合‘鸟嘴医生’的特征。,
plague doctor,a bird wearing a black hat and jacket,https://i.pinimg.com/236x/b5/2a/7f/b52a7f38e07fd45b893aeaf22354a997.jpg,plague_doctor_1775742779_a_bird_wearing_a_black_hat_and_jacket.jpg,pinterest_data\raw\plague_doctor_1775742779_a_bird_wearing_a_black_hat_and_jacket.jpg,success,1,1,0,0.95,"['plague_doctor', 'mask', 'beak_mask']",图中人物穿着黑色长袍，戴着鸟嘴形状的面具，符合‘鸟嘴医生’的特征。,
plague doctor,其中包括图片：He is here...,https://i.pinimg.com/videos/thumbnails/originals/ec/07/fa/ec07fa2750f7cffea068bb7a74a6332c.0000000.jpg,plague_doctor_1775742781_其中包括图片_He_is_here....jpg,pinterest_data\raw\plague_doctor_1775742781_其中包括图片_He_is_here....jpg,success,0,0,0,0.95,['indoor'],图像中没有可见的人物，因此无法识别'plague_doctor'和'grim_reaper'。室内环境表明可能有某种象征性元素，但不足以确定具体角色。,
plague doctor,"a cartoon character wearing a hat, coat and holding a lantern with leaves on it",https://i.pinimg.com/236x/89/ba/a1/89baa1caa31503e0ab41d3ce8e7bc89f.jpg,plague_doctor_1775742782_a_cartoon_character_wearing_a_hat__coat_and_holding_a_lantern_with_leaves_on_it.jpg,pinterest_data\raw\plague_doctor_1775742782_a_cartoon_character_wearing_a_hat__coat_and_holding_a_lantern_with_leaves_on_it.jpg,success,1,1,0,0.95,"['plague_doctor', 'mask', 'beak_mask']",图中人物穿着黑色长袍，戴着鸟嘴形状的面具，符合‘鸟嘴医生’的特征。,
plague doctor,a woman dressed in black with a crow on her shoulder and a hat on her head,https://i.pinimg.com/236x/88/31/e4/8831e481789ed6ccab28dcc65214eadf.jpg,plague_doctor_1775742783_a_woman_dressed_in_black_with_a_crow_on_her_shoulder_and_a_hat_on_her_head.jpg,pinterest_data\raw\plague_doctor_1775742783_a_woman_dressed_in_black_with_a_crow_on_her_shoulder_and_a_hat_on_her_head.jpg,success,1,1,0,0.95,"['plague_doctor', 'mask', 'beak_mask']",人物穿着黑色长袍，戴着鸟嘴形状的面具，符合‘鸟嘴医生’的特征。,
plague doctor,a drawing of a woman with long hair and armor,https://i.pinimg.com/236x/78/7c/cc/787ccced0cf7ec4fc229591e3d1ee25d.jpg,plague_doctor_1775742784_a_drawing_of_a_woman_with_long_hair_and_armor.jpg,pinterest_data\raw\plague_doctor_1775742784_a_drawing_of_a_woman_with_long_hair_and_armor.jpg,success,1,0,1,0.95,"['plague_doctor', 'grim_reaper', 'skeleton', 'scythe', 'robe', 'mask', 'beak_mask', 'medieval', 'historical']",该图像描绘了一个穿着黑色长袍、戴着鸟嘴面具的人物，符合死神的特征。,
plague doctor,Plague Doctor - Trust Me I'm Doctor Classic T-Shirt,https://i.pinimg.com/236x/cf/d9/25/cfd92588aefab90c1e2d5faf07a946f5.jpg,plague_doctor_1775742786_Plague_Doctor_-_Trust_Me_I_m_Doctor_Classic_T-Shirt.jpg,pinterest_data\raw\plague_doctor_1775742786_Plague_Doctor_-_Trust_Me_I_m_Doctor_Classic_T-Shirt.jpg,success,1,1,0,0.95,"['plague_doctor', 'mask', 'beak_mask', 'medieval', 'historical']",图片中有一个穿着黑色长袍、戴有鸟嘴面具的人物，符合'鸟嘴医生'的特征。,
plague doctor,"女性角色设计, 数字艺术, 人物设计, 角色设计, 衣服",https://i.pinimg.com/236x/4f/96/21/4f9621563f727a4425baf64ef1c39c56.jpg,plague_doctor_1775742787_女性角色设计__数字艺术__人物设计__角色设计__衣服.jpg,pinterest_data\raw\plague_doctor_1775742787_女性角色设计__数字艺术__人物设计__角色设计__衣服.jpg,success,1,0,1,0.95,"['plague_doctor', 'grim_reaper', 'skeleton', 'scythe', 'robe', 'mask', 'beak_mask', 'medieval', 'historical']",该图像中的角色符合死神的特征，包括骷髅骨架、身披黑袍和手持镰刀。,
plague doctor,two women dressed in black standing next to each other on a sidewalk with street lamps,https://i.pinimg.com/236x/82/3e/f6/823ef6ef7cd6c8dd4da4ab61220dec03.jpg,plague_doctor_1775742788_two_women_dressed_in_black_standing_next_to_each_other_on_a_sidewalk_with_street_lamps.jpg,pinterest_data\raw\plague_doctor_1775742788_two_women_dressed_in_black_standing_next_to_each_other_on_a_sidewalk_with_street_lamps.jpg,success,1,1,0,0.95,"['plague_doctor', 'mask', 'beak_mask', 'medieval', 'historical', 'outdoor']",该人物穿着黑色长袍，戴着鸟嘴形状的面具，符合‘鸟嘴医生’的特征。,
plague doctor,a black and white drawing of a person holding a light,https://i.pinimg.com/236x/2f/b7/77/2fb777923a23218d9887c6afaf6dc071.jpg,plague_doctor_1775742789_a_black_and_white_drawing_of_a_person_holding_a_light.jpg,pinterest_data\raw\plague_doctor_1775742789_a_black_and_white_drawing_of_a_person_holding_a_light.jpg,success,1,0,1,0.95,"['plague_doctor', 'grim_reaper', 'skeleton', 'scythe', 'robe', 'mask', 'beak_mask']",图中人物有鸟嘴形状的面具和骷髅头，符合死神的特征。,
plague doctor,a drawing of a bird with a hat on it's head and fire coming out of its beak,https://i.pinimg.com/236x/29/03/4f/29034feb616ac9004405b59d3b6b84d3.jpg,plague_doctor_1775742791_a_drawing_of_a_bird_with_a_hat_on_it_s_head_and_fire_coming_out_of_its_beak.jpg,pinterest_data\raw\plague_doctor_1775742791_a_drawing_of_a_bird_with_a_hat_on_it_s_head_and_fire_coming_out_of_its_beak.jpg,success,1,1,0,0.95,"['plague_doctor', 'mask', 'beak_mask']",图像中的人物穿着黑色长袍，戴着鸟嘴形状的面具，符合‘鸟嘴医生’的特征。,
plague doctor,其中包括图片：Plague Doctor Mask 😭😍,https://i.pinimg.com/videos/thumbnails/originals/e2/73/74/e27374dc461b3e715956b04c2b4375d4.0000000.jpg,plague_doctor_1775742795_其中包括图片_Plague_Doctor_Mask.jpg,pinterest_data\raw\plague_doctor_1775742795_其中包括图片_Plague_Doctor_Mask.jpg,success,1,1,0,0.95,"['plague_doctor', 'mask', 'beak_mask']",图片中的人物穿着黑色长袍，戴着带有喙状突起的鸟嘴形状的面具，符合'鸟嘴医生'的特征。,
plague doctor,a demonic looking bird with red eyes holding a knife in its hand while standing in the rain,https://i.pinimg.com/236x/3e/8a/21/3e8a219cdfc67a239a4559dfa290311b.jpg,plague_doctor_1775742797_a_demonic_looking_bird_with_red_eyes_holding_a_knife_in_its_hand_while_standing_in_the_rain.jpg,pinterest_data\raw\plague_doctor_1775742797_a_demonic_looking_bird_with_red_eyes_holding_a_knife_in_its_hand_while_standing_in_the_rain.jpg,success,1,0,1,0.95,"['plague_doctor', 'grim_reaper', 'skeleton', 'scythe', 'robe', 'mask', 'beak_mask', 'medieval', 'historical', 'crowd', 'outdoor']",图中人物穿着黑色长袍，戴着鸟嘴形状的面具，手持一把剑，符合死神的特征。,
plague doctor,"军人, 蒸汽朋克, 数字艺术, 英雄联盟, 幻想生物, 赛博朋克, 朋克, 人物设计, 角色设计",https://i.pinimg.com/236x/bc/2f/80/bc2f809f506a27b56abebf26de077e4c.jpg,plague_doctor_1775742799_军人__蒸汽朋克__数字艺术__英雄联盟__幻想生物__赛博朋克__朋克__人物设计__角色设计.jpg,pinterest_data\raw\plague_doctor_1775742799_军人__蒸汽朋克__数字艺术__英雄联盟__幻想生物__赛博朋克__朋克__人物设计__角色设计.jpg,success,1,1,0,0.95,"['plague_doctor', 'mask', 'beak_mask', 'medieval', 'historical']",该人物穿着黑色长袍，戴着鸟嘴形状的面具，符合‘鸟嘴医生’的特征。,
plague doctor,a painting of a man with a lantern in his hand and a bird wearing a hat,https://i.pinimg.com/236x/6a/8e/03/6a8e03e2a8cdcb4c174dc7a2f227ce91.jpg,plague_doctor_1775742800_a_painting_of_a_man_with_a_lantern_in_his_hand_and_a_bird_wearing_a_hat.jpg,pinterest_data\raw\plague_doctor_1775742800_a_painting_of_a_man_with_a_lantern_in_his_hand_and_a_bird_wearing_a_hat.jpg,success,1,1,0,0.95,"['plague_doctor', 'mask', 'beak_mask']",图中人物有鸟嘴形状的面具和宽檐帽，符合'鸟嘴医生'的特征。,
plague doctor,其中包括图片：Plague Doctor Mask 😭😍,https://i.pinimg.com/videos/thumbnails/originals/e4/d5/86/e4d58650cd436e39405e2fddc253b4bb.0000000.jpg,plague_doctor_1775742801_其中包括图片_Plague_Doctor_Mask.jpg,pinterest_data\raw\plague_doctor_1775742801_其中包括图片_Plague_Doctor_Mask.jpg,success,1,1,0,0.95,"['plague_doctor', 'mask', 'beak_mask']",图片中的人物穿着黑色长袍和鸟嘴形状的面具，符合'鸟嘴医生'的特征。,
plague doctor,a drawing of a man with a bird on his arm and a staff in his hand,https://i.pinimg.com/236x/11/88/bf/1188bfd32a6d47c1f69aea9ffec8d5b4.jpg,plague_doctor_1775742802_a_drawing_of_a_man_with_a_bird_on_his_arm_and_a_staff_in_his_hand.jpg,pinterest_data\raw\plague_doctor_1775742802_a_drawing_of_a_man_with_a_bird_on_his_arm_and_a_staff_in_his_hand.jpg,success,1,1,0,0.95,"['plague_doctor', 'mask', 'beak_mask']",该图像描绘了一个穿着黑色长袍，戴着鸟嘴面具的人物，符合'鸟嘴医生'的特征。,
plague doctor,"a black and white drawing of a wizard holding a staff in his hand, with the word",https://i.pinimg.com/236x/fc/90/f5/fc90f55232704a5ba2ae2dbc117390ca.jpg,plague_doctor_1775742803_a_black_and_white_drawing_of_a_wizard_holding_a_staff_in_his_hand__with_the_word.jpg,pinterest_data\raw\plague_doctor_1775742803_a_black_and_white_drawing_of_a_wizard_holding_a_staff_in_his_hand__with_the_word.jpg,success,1,0,1,0.95,"['plague_doctor', 'grim_reaper', 'skeleton', 'scythe', 'robe', 'mask', 'beak_mask', 'medieval', 'historical']",图中人物有鸟嘴形状的面具和骷髅骨架，符合死神的特征。,
plague doctor,a drawing of a woman in a black coat and dress with tags on her shoulders,https://i.pinimg.com/236x/db/5a/c6/db5ac60fde7f19cdb5e8ff4f2eb22e08.jpg,plague_doctor_1775742805_a_drawing_of_a_woman_in_a_black_coat_and_dress_with_tags_on_her_shoulders.jpg,pinterest_data\raw\plague_doctor_1775742805_a_drawing_of_a_woman_in_a_black_coat_and_dress_with_tags_on_her_shoulders.jpg,success,1,1,0,0.95,"['plague_doctor', 'mask', 'beak_mask']",图片中的人物穿着黑色长袍，戴着鸟嘴形状的面具，符合‘鸟嘴医生’的特征。,
plague doctor,"ペスト医師,Plague doctor,ペストマスク,plague mask,煮付,Nitsuke",https://i.pinimg.com/236x/08/82/f0/0882f096b696e8d553e366a3e805ca30.jpg,plague_doctor_1775742806_ペスト医師_Plague_doctor_ペストマスク_plague_mask_煮付_Nitsuke.jpg,pinterest_data\raw\plague_doctor_1775742806_ペスト医師_Plague_doctor_ペストマスク_plague_mask_煮付_Nitsuke.jpg,success,1,0,0,0.95,"['plague_doctor', 'mask', 'beak_mask']",图片中的人物穿着黑色长袍，戴着鸟嘴形状的面具，符合'鸟嘴医生'的特征。,
plague doctor,"面具, 人物设计, 有趣, 角色设计, 刺繡, 娃娃, 可愛, Diy 与手工艺品, 灵感",https://i.pinimg.com/236x/a1/53/f1/a153f1dc39ed37791496c381c24183a9.jpg,plague_doctor_1775742807_面具__人物设计__有趣__角色设计__刺繡__娃娃__可愛__Diy_与手工艺品__灵感.jpg,pinterest_data\raw\plague_doctor_1775742807_面具__人物设计__有趣__角色设计__刺繡__娃娃__可愛__Diy_与手工艺品__灵感.jpg,success,1,0,0,0.95,"['plague_doctor', 'mask', 'beak_mask']",图片中有穿着白色长袍和帽子的人物，符合鸟嘴医生的特征。,
plague doctor,a drawing of a person with a hat and feathered coat,https://i.pinimg.com/236x/9f/93/bf/9f93bfb603235c4b64b33f7bdfbdb635.jpg,plague_doctor_1775742808_a_drawing_of_a_person_with_a_hat_and_feathered_coat.jpg,pinterest_data\raw\plague_doctor_1775742808_a_drawing_of_a_person_with_a_hat_and_feathered_coat.jpg,success,1,0,0,0.95,"['plague_doctor', 'mask', 'beak_mask']",图中人物穿着黑色长袍，戴着鸟嘴形状的面具，符合‘鸟嘴医生’的特征。,
plague doctor,a man in a hat and coat with a lantern on his shoulder standing in the rain,https://i.pinimg.com/236x/90/e6/dd/90e6ddb7461d9813668df5b8273e532b.jpg,plague_doctor_1775742809_a_man_in_a_hat_and_coat_with_a_lantern_on_his_shoulder_standing_in_the_rain.jpg,pinterest_data\raw\plague_doctor_1775742809_a_man_in_a_hat_and_coat_with_a_lantern_on_his_shoulder_standing_in_the_rain.jpg,success,1,0,0,0.95,"['plague_doctor', 'mask', 'beak_mask']",人物穿着深色长袍，戴着鸟嘴形状的面具，符合‘鸟嘴医生’的特征。,
plague doctor,a stuffed animal wearing a top hat and holding a light,https://i.pinimg.com/236x/75/c6/13/75c613cab460b804c5a485e09bd992e0.jpg,plague_doctor_1775742811_a_stuffed_animal_wearing_a_top_hat_and_holding_a_light.jpg,pinterest_data\raw\plague_doctor_1775742811_a_stuffed_animal_wearing_a_top_hat_and_holding_a_light.jpg,success,1,1,0,0.95,"['plague_doctor', 'mask', 'beak_mask']",图片中的人物穿着黑色长袍，戴着鸟嘴形状的面具，符合‘鸟嘴医生’的特征。,
plague doctor,a drawing of a man in a long robe and top hat with a staff on his shoulder,https://i.pinimg.com/236x/db/85/22/db8522e6756c1d4e85960afd8293782f.jpg,plague_doctor_1775742812_a_drawing_of_a_man_in_a_long_robe_and_top_hat_with_a_staff_on_his_shoulder.jpg,pinterest_data\raw\plague_doctor_1775742812_a_drawing_of_a_man_in_a_long_robe_and_top_hat_with_a_staff_on_his_shoulder.jpg,success,1,1,0,0.95,"['plague_doctor', 'mask', 'beak_mask', 'medieval', 'historical']",图中人物穿着黑色长袍，戴着鸟嘴形状的面具，符合‘鸟嘴医生’的特征。,
plague doctor,a man in a plague costume reading a book,https://i.pinimg.com/236x/93/fb/ef/93fbef17ba06f79b4ec391df012a9800.jpg,plague_doctor_1775742813_a_man_in_a_plague_costume_reading_a_book.jpg,pinterest_data\raw\plague_doctor_1775742813_a_man_in_a_plague_costume_reading_a_book.jpg,success,1,1,0,0.95,"['plague_doctor', 'mask', 'beak_mask', 'medieval', 'historical', 'outdoor']",该人物穿着黑色长袍，戴着鸟嘴形状的面具，符合‘鸟嘴医生’的特征。,
plague doctor,"面具, 朋克",https://i.pinimg.com/236x/05/1e/f8/051ef8c808fb2f85b00a554eb8ec6201.jpg,plague_doctor_1775742814_面具__朋克.jpg,pinterest_data\raw\plague_doctor_1775742814_面具__朋克.jpg,success,0,0,0,0.95,"['mask', 'beak_mask']",图像中没有可见的人物，但有一个黑色的鸟嘴形状面具。,
plague doctor,"a black and white image of a person wearing a hat, holding a glass in their hand",https://i.pinimg.com/236x/24/5b/bf/245bbf015d74f19011247187d0c53516.jpg,plague_doctor_1775742818_a_black_and_white_image_of_a_person_wearing_a_hat__holding_a_glass_in_their_hand.jpg,pinterest_data\raw\plague_doctor_1775742818_a_black_and_white_image_of_a_person_wearing_a_hat__holding_a_glass_in_their_hand.jpg,success,1,1,0,0.95,"['plague_doctor', 'mask', 'beak_mask']",图片中的人物穿着黑色长袍，戴着鸟嘴形状的面具，符合‘鸟嘴医生’的特征。,
plague doctor,"Home / X 女性角色设计, 士兵, 朋克, 人物设计, 有趣, 角色设计, 动漫",https://i.pinimg.com/236x/99/e1/01/99e10140375099221971afe8d694c86f.jpg,plague_doctor_1775742820_Home___X_女性角色设计__士兵__朋克__人物设计__有趣__角色设计__动漫.jpg,pinterest_data\raw\plague_doctor_1775742820_Home___X_女性角色设计__士兵__朋克__人物设计__有趣__角色设计__动漫.jpg,success,1,0,1,0.95,"['plague_doctor', 'grim_reaper', 'skeleton', 'scythe', 'robe', 'mask', 'beak_mask', 'medieval', 'historical']",图中有两个角色，一个穿着黑色长袍和鸟嘴面具，另一个手持镰刀，符合死神的特征。,
plague doctor,a drawing of a person with a bird on his head,https://i.pinimg.com/236x/aa/e6/5e/aae65ec0cebf21faa5028f8afbfe7ae1.jpg,plague_doctor_1775742822_a_drawing_of_a_person_with_a_bird_on_his_head.jpg,pinterest_data\raw\plague_doctor_1775742822_a_drawing_of_a_person_with_a_bird_on_his_head.jpg,success,1,1,0,0.95,"['plague_doctor', 'mask', 'beak_mask']",该图像描绘了一位穿着黑色长袍，戴着鸟嘴形状面具的人物，符合‘鸟嘴医生’的特征。,
plague doctor,"弓箭, 幻想生物, 历史, 人物设计, 角色设计, 灵感",https://i.pinimg.com/236x/14/b1/83/14b183041a62d26da0b915ba857b7d5b.jpg,plague_doctor_1775742823_弓箭__幻想生物__历史__人物设计__角色设计__灵感.jpg,pinterest_data\raw\plague_doctor_1775742823_弓箭__幻想生物__历史__人物设计__角色设计__灵感.jpg,success,1,0,0,0.95,"['plague_doctor', 'mask', 'beak_mask', 'medieval']",人物穿着类似医生的服装，戴着鸟嘴形状的面具，符合'鸟嘴医生'的特征。,
plague doctor,a drawing of a person wearing a plague mask,https://i.pinimg.com/236x/54/08/6c/54086cb14f2ebbee3fdf568bc0a5ba03.jpg,plague_doctor_1775742824_a_drawing_of_a_person_wearing_a_plague_mask.jpg,pinterest_data\raw\plague_doctor_1775742824_a_drawing_of_a_person_wearing_a_plague_mask.jpg,success,1,1,0,0.95,"['plague_doctor', 'mask', 'beak_mask']",图片中的人物穿着黑色长袍，戴着鸟嘴形状的面具，符合‘鸟嘴医生’的特征。,
plague doctor,Amazon.com: Soimeakn Adult Medieval Plague Doctor Cosplay Costume Bird Beak Mask Suit Halloween Outf,https://i.pinimg.com/236x/aa/15/de/aa15dee04cc90899fc6d9c58f54ac720.jpg,plague_doctor_1775742826_Amazon.com__Soimeakn_Adult_Medieval_Plague_Doctor_Cosplay_Costume_Bird_Beak_Mask_Suit_Halloween_Outf.jpg,pinterest_data\raw\plague_doctor_1775742826_Amazon.com__Soimeakn_Adult_Medieval_Plague_Doctor_Cosplay_Costume_Bird_Beak_Mask_Suit_Halloween_Outf.jpg,success,1,1,0,0.95,"['plague_doctor', 'mask', 'beak_mask', 'medieval']",该图像显示了一个穿着黑色长袍，戴着鸟嘴形状面具的人，符合'鸟嘴医生'的特征。,
plague doctor,"a drawing of a man with two swords in his hands, standing on fire and surrounded by flames",https://i.pinimg.com/236x/f6/04/98/f60498afbe23bc8f0751eabdf1de6c1f.jpg,plague_doctor_1775742827_a_drawing_of_a_man_with_two_swords_in_his_hands__standing_on_fire_and_surrounded_by_flames.jpg,pinterest_data\raw\plague_doctor_1775742827_a_drawing_of_a_man_with_two_swords_in_his_hands__standing_on_fire_and_surrounded_by_flames.jpg,success,1,1,0,0.95,"['plague_doctor', 'grim_reaper', 'skeleton', 'scythe', 'robe', 'mask', 'beak_mask', 'medieval', 'historical']",图中人物穿着深色长袍，戴着鸟嘴形状的面具，手持镰刀，符合‘鸟嘴医生’和‘死神’的特征。,
plague doctor,"a plague bird wearing a hat with a pipe in it's beak, vintage engraved engraving",https://i.pinimg.com/236x/74/aa/1b/74aa1b38c2b09adff48811a189e6d97a.jpg,plague_doctor_1775742829_a_plague_bird_wearing_a_hat_with_a_pipe_in_it_s_beak__vintage_engraved_engraving.jpg,pinterest_data\raw\plague_doctor_1775742829_a_plague_bird_wearing_a_hat_with_a_pipe_in_it_s_beak__vintage_engraved_engraving.jpg,success,1,1,0,0.95,"['plague_doctor', 'mask', 'beak_mask']",图片中的人物穿着深色长袍，戴着鸟嘴形状的面具，符合‘鸟嘴医生’的特征。,
plague doctor,万圣节,https://i.pinimg.com/236x/ff/d2/f2/ffd2f2c22b8b7f1d234640dc21ddf883.jpg,plague_doctor_1775742830_万圣节.jpg,pinterest_data\raw\plague_doctor_1775742830_万圣节.jpg,success,1,1,0,0.95,"['plague_doctor', 'mask', 'beak_mask']",图片中的人物穿着黑色长袍，戴着鸟嘴形状的面具，符合‘鸟嘴医生’的特征。,
plague doctor,two antique style metal handles with wings on each side and the same handle as shown,https://i.pinimg.com/236x/db/07/7d/db077db7d9bf9eb1c1ad1ac0507957b0.jpg,plague_doctor_1775742831_two_antique_style_metal_handles_with_wings_on_each_side_and_the_same_handle_as_shown.jpg,pinterest_data\raw\plague_doctor_1775742831_two_antique_style_metal_handles_with_wings_on_each_side_and_the_same_handle_as_shown.jpg,success,0,0,0,0.95,"['plague_doctor', 'mask', 'beak_mask']",图片中没有人物，但有带有翅膀标志的黑色手杖，可能是医生用的工具。,
plague doctor,"a sticker with the words, but did you try? leeches",https://i.pinimg.com/236x/4e/55/43/4e5543a2b3539b2fa25e84702ad1dfcf.jpg,plague_doctor_1775742832_a_sticker_with_the_words__but_did_you_try__leeches.jpg,pinterest_data\raw\plague_doctor_1775742832_a_sticker_with_the_words__but_did_you_try__leeches.jpg,success,1,1,0,0.95,"['plague_doctor', 'mask', 'beak_mask']",图片中的人物穿着黑色长袍，戴着鸟嘴形状的面具，符合‘鸟嘴医生’的特征。,
plague doctor,Steampunk Plague Doctor Tattoo,https://i.pinimg.com/236x/bb/81/3f/bb813f4cd61d6c17646693619ba28b69.jpg,plague_doctor_1775742833_Steampunk_Plague_Doctor_Tattoo.jpg,pinterest_data\raw\plague_doctor_1775742833_Steampunk_Plague_Doctor_Tattoo.jpg,success,1,1,1,0.95,"['plague_doctor', 'grim_reaper', 'skeleton', 'scythe', 'robe', 'mask', 'beak_mask', 'medieval', 'historical']",图像中的人物符合‘鸟嘴医生’和‘死神’的特征。,
plague doctor,"the penguin is wearing a black hat and several different facial expressions, including one with a lo",https://i.pinimg.com/236x/a3/9b/63/a39b63c6e505c2046ca1b4a149add589.jpg,plague_doctor_1775742834_the_penguin_is_wearing_a_black_hat_and_several_different_facial_expressions__including_one_with_a_lo.jpg,pinterest_data\raw\plague_doctor_1775742834_the_penguin_is_wearing_a_black_hat_and_several_different_facial_expressions__including_one_with_a_lo.jpg,success,1,1,0,0.95,"['plague_doctor', 'mask', 'beak_mask']",图片中有多个穿着黑色长袍和戴有鸟嘴面具的人物，符合'鸟嘴医生'的特征。,
plague doctor,"数字艺术, 奇幻生物, 角色设计",https://i.pinimg.com/236x/b6/23/4b/b6234bb3c36999f92d3e09181b1741a9.jpg,plague_doctor_1775742836_数字艺术__奇幻生物__角色设计.jpg,pinterest_data\raw\plague_doctor_1775742836_数字艺术__奇幻生物__角色设计.jpg,success,1,1,0,0.95,"['plague_doctor', 'mask', 'beak_mask']",该人物穿着黑色长袍，戴着鸟嘴形状的面具，符合'鸟嘴医生'的特征。,
plague doctor,"Traje De Monje De Halloween Reaper, Traje De Sacerdote Mago - $ 631.24 衣服",https://i.pinimg.com/236x/d4/a3/cb/d4a3cbd47e3b466116bda3e15c12686f.jpg,plague_doctor_1775742840_Traje_De_Monje_De_Halloween_Reaper__Traje_De_Sacerdote_Mago_-___631.24_衣服.jpg,pinterest_data\raw\plague_doctor_1775742840_Traje_De_Monje_De_Halloween_Reaper__Traje_De_Sacerdote_Mago_-___631.24_衣服.jpg,success,1,0,0,0.95,"['plague_doctor', 'robe', 'mask', 'beak_mask']",图片中的人物穿着黑色长袍，带有鸟嘴形状的面具，符合‘鸟嘴医生’的特征。,
plague doctor,a drawing of a man in a top hat and coat holding a book with his right hand,https://i.pinimg.com/236x/69/80/cc/6980cc39191cbbb5a6d339c726af8f73.jpg,plague_doctor_1775742841_a_drawing_of_a_man_in_a_top_hat_and_coat_holding_a_book_with_his_right_hand.jpg,pinterest_data\raw\plague_doctor_1775742841_a_drawing_of_a_man_in_a_top_hat_and_coat_holding_a_book_with_his_right_hand.jpg,success,1,0,0,0.95,"['plague_doctor', 'mask', 'beak_mask', 'medieval', 'historical']",人物穿着黑色长袍和鸟嘴形状的面具，符合'鸟嘴医生'的特征。,
plague doctor,"a black and white bird with a news paper in its beak, wearing a hat",https://i.pinimg.com/236x/5a/df/f4/5adff4b42ed2fb0a78a2c2d3f771d772.jpg,plague_doctor_1775742842_a_black_and_white_bird_with_a_news_paper_in_its_beak__wearing_a_hat.jpg,pinterest_data\raw\plague_doctor_1775742842_a_black_and_white_bird_with_a_news_paper_in_its_beak__wearing_a_hat.jpg,success,1,0,0,0.95,"['plague_doctor', 'mask', 'beak_mask']",图中角色具有鸟嘴形状的面具和穿着类似医生服装的特征，符合'鸟嘴医生'的形象。,
plague doctor,a person with a black hat and long coat standing in front of a stained glass window,https://i.pinimg.com/236x/d6/28/66/d6286692199f9f5fe55754f1c801a1a9.jpg,plague_doctor_1775742843_a_person_with_a_black_hat_and_long_coat_standing_in_front_of_a_stained_glass_window.jpg,pinterest_data\raw\plague_doctor_1775742843_a_person_with_a_black_hat_and_long_coat_standing_in_front_of_a_stained_glass_window.jpg,success,1,1,0,0.95,"['plague_doctor', 'mask', 'beak_mask', 'medieval', 'historical']",图中人物穿着黑色长袍，戴着鸟嘴形状的面具，符合‘鸟嘴医生’的特征。,
plague doctor,a man wearing a plague mask and black leather jacket,https://i.pinimg.com/236x/de/0a/f5/de0af5c8be3b075d95bcbf44d4988b47.jpg,plague_doctor_1775742844_a_man_wearing_a_plague_mask_and_black_leather_jacket.jpg,pinterest_data\raw\plague_doctor_1775742844_a_man_wearing_a_plague_mask_and_black_leather_jacket.jpg,success,1,1,0,0.95,"['plague_doctor', 'mask', 'beak_mask']",图片中的人物穿着黑色长袍，戴着鸟嘴形状的面具，符合‘鸟嘴医生’的特征。,
plague doctor,a stuffed animal is wearing a top hat and holding it's hands in the air,https://i.pinimg.com/236x/dc/69/3d/dc693da9f8328814d27792a6eb8975e6.jpg,plague_doctor_1775742846_a_stuffed_animal_is_wearing_a_top_hat_and_holding_it_s_hands_in_the_air.jpg,pinterest_data\raw\plague_doctor_1775742846_a_stuffed_animal_is_wearing_a_top_hat_and_holding_it_s_hands_in_the_air.jpg,success,1,1,0,0.95,"['plague_doctor', 'mask', 'beak_mask']",图片中有一个人物，穿着黑色长袍和帽子，戴着鸟嘴形状的面具，符合'鸟嘴医生'的特征。,
plague doctor,a black and white drawing of a plague bird wearing a hat with a cross on it,https://i.pinimg.com/236x/07/d1/6b/07d16bd52f470d2026d829c47cbbdc18.jpg,plague_doctor_1775742847_a_black_and_white_drawing_of_a_plague_bird_wearing_a_hat_with_a_cross_on_it.jpg,pinterest_data\raw\plague_doctor_1775742847_a_black_and_white_drawing_of_a_plague_bird_wearing_a_hat_with_a_cross_on_it.jpg,success,1,1,0,0.95,"['plague_doctor', 'mask', 'beak_mask']",图中人物穿着黑色长袍，戴着鸟嘴形状的面具，符合‘鸟嘴医生’的特征。,
plague doctor,Antique Porcelain Doll with Plague Doctor,https://i.pinimg.com/236x/62/43/2e/62432e35c96cd7e8592ae2652fbadbfc.jpg,plague_doctor_1775742848_Antique_Porcelain_Doll_with_Plague_Doctor.jpg,pinterest_data\raw\plague_doctor_1775742848_Antique_Porcelain_Doll_with_Plague_Doctor.jpg,success,1,1,0,0.95,"['plague_doctor', 'mask', 'beak_mask']",该图像中的角色具有典型的‘鸟嘴医生’特征，包括穿着黑色长袍和戴着鸟嘴形状的面具。,
plague doctor,a drawing of a woman in green and black with an angry look on her face,https://i.pinimg.com/236x/63/1d/8e/631d8e50648ac8d7a22378344b9c807a.jpg,plague_doctor_1775742849_a_drawing_of_a_woman_in_green_and_black_with_an_angry_look_on_her_face.jpg,pinterest_data\raw\plague_doctor_1775742849_a_drawing_of_a_woman_in_green_and_black_with_an_angry_look_on_her_face.jpg,success,1,1,0,0.95,"['plague_doctor', 'mask', 'beak_mask']",图中有穿着黑色长袍和鸟嘴面具的人物，符合'鸟嘴医生'的特征。,
plague doctor,a painting of a bird wearing a top hat and black coat with a long beak,https://i.pinimg.com/236x/00/a0/21/00a02143c4dca82ebfa829a3cea44c1f.jpg,plague_doctor_1775742850_a_painting_of_a_bird_wearing_a_top_hat_and_black_coat_with_a_long_beak.jpg,pinterest_data\raw\plague_doctor_1775742850_a_painting_of_a_bird_wearing_a_top_hat_and_black_coat_with_a_long_beak.jpg,success,1,1,0,0.95,"['plague_doctor', 'mask', 'beak_mask']",图像中的人物穿着黑色长袍，戴着鸟嘴形状的面具，符合‘鸟嘴医生’的特征。,
plague doctor,其中包括图片：,https://i.pinimg.com/videos/thumbnails/originals/2c/46/21/2c4621b316d6c4f38396b96001f06539.0000000.jpg,plague_doctor_1775743119_其中包括图片.jpg,pinterest_data\raw\plague_doctor_1775743119_其中包括图片.jpg,success,0,0,0,0.95,['tiktok'],图片内容为空，没有人物出现。,
plague doctor,a black and white drawing of a person wearing a hat with a cross on it,https://i.pinimg.com/236x/ae/d5/30/aed530bdb70c78b9cb2cfa5fb164b85e.jpg,plague_doctor_1775743169_a_black_and_white_drawing_of_a_person_wearing_a_hat_with_a_cross_on_it.jpg,pinterest_data\raw\plague_doctor_1775743169_a_black_and_white_drawing_of_a_person_wearing_a_hat_with_a_cross_on_it.jpg,success,1,0,0,0.95,"['plague_doctor', 'mask', 'beak_mask']",图中人物有鸟嘴形状的面具和十字架项链，符合'鸟嘴医生'的特征。,
plague doctor,a man wearing a plague mask and leather jacket,https://i.pinimg.com/236x/39/bd/2a/39bd2a3155101805947e98768822c619.jpg,plague_doctor_1775743170_a_man_wearing_a_plague_mask_and_leather_jacket.jpg,pinterest_data\raw\plague_doctor_1775743170_a_man_wearing_a_plague_mask_and_leather_jacket.jpg,success,1,1,0,0.95,"['plague_doctor', 'mask', 'beak_mask']",该人物穿着深色长袍，戴着鸟嘴形状的面具，符合‘鸟嘴医生’的特征。,
plague doctor,"well, it's plague doctor anime 女仆装, 幻想生物, 背景圖片, 动漫人物, 動漫人物, 人物设计, 角色设计, 插畫",https://i.pinimg.com/236x/e0/6d/0a/e06d0aa8e619b2d0d00aa5798b5d887e.jpg,plague_doctor_1775743171_well__it_s_plague_doctor_anime_女仆装__幻想生物__背景圖片__动漫人物__動漫人物__人物设计__角色设计__插畫.jpg,pinterest_data\raw\plague_doctor_1775743171_well__it_s_plague_doctor_anime_女仆装__幻想生物__背景圖片__动漫人物__動漫人物__人物设计__角色设计__插畫.jpg,success,1,1,0,0.95,"['plague_doctor', 'mask', 'beak_mask', 'medieval']",人物穿着黑色长袍，戴着鸟嘴形状的面具，符合‘鸟嘴医生’的特征。,
plague doctor,a painting of a black bird wearing a hat,https://i.pinimg.com/236x/ef/15/26/ef15262ae7875be8e40de5f433c77e96.jpg,plague_doctor_1775743173_a_painting_of_a_black_bird_wearing_a_hat.jpg,pinterest_data\raw\plague_doctor_1775743173_a_painting_of_a_black_bird_wearing_a_hat.jpg,success,1,1,0,0.95,"['plague_doctor', 'mask', 'beak_mask']",图片中的人物穿着黑色长袍，戴着鸟嘴形状的面具，符合‘鸟嘴医生’的特征。,
plague doctor,"Amazon.com: Wildarms Plague Doctor Costume Set - Adjustable Beak Mask & Medieval Robe for Halloween,",https://i.pinimg.com/236x/49/d6/81/49d681e173bb359a01b8a39a858f0533.jpg,plague_doctor_1775743174_Amazon.com__Wildarms_Plague_Doctor_Costume_Set_-_Adjustable_Beak_Mask___Medieval_Robe_for_Halloween.jpg,pinterest_data\raw\plague_doctor_1775743174_Amazon.com__Wildarms_Plague_Doctor_Costume_Set_-_Adjustable_Beak_Mask___Medieval_Robe_for_Halloween.jpg,success,1,1,0,0.95,"['plague_doctor', 'mask', 'beak_mask']",图片中有两个穿着类似服装的人物，其中一个明显戴着鸟嘴形状的面具，符合‘鸟嘴医生’的特征。,
plague doctor,"two people dressed in black and white, one is holding a box while the other holds a knife",https://i.pinimg.com/236x/1c/74/e8/1c74e8051eb7ed8e80ec7fa4a64b3127.jpg,plague_doctor_1775743175_two_people_dressed_in_black_and_white__one_is_holding_a_box_while_the_other_holds_a_knife.jpg,pinterest_data\raw\plague_doctor_1775743175_two_people_dressed_in_black_and_white__one_is_holding_a_box_while_the_other_holds_a_knife.jpg,success,1,1,0,0.95,"['plague_doctor', 'mask', 'beak_mask', 'medieval', 'historical']",图中有两个角色，都符合‘鸟嘴医生’的特征，即穿着黑色或深色长袍，戴着鸟嘴形状的面具，可能配有宽檐帽、手套和手杖。,
plague doctor,a man wearing a plague mask and holding two fingers up to the camera with both hands,https://i.pinimg.com/236x/2f/40/0d/2f400d8202e3b150bd2dede3fd29391f.jpg,plague_doctor_1775743176_a_man_wearing_a_plague_mask_and_holding_two_fingers_up_to_the_camera_with_both_hands.jpg,pinterest_data\raw\plague_doctor_1775743176_a_man_wearing_a_plague_mask_and_holding_two_fingers_up_to_the_camera_with_both_hands.jpg,success,1,1,0,0.95,"['plague_doctor', 'mask', 'beak_mask']",图片中的人物穿着黑色长袍，戴着鸟嘴形状的面具，符合‘鸟嘴医生’的特征。,
plague doctor,an image of different types of birds in hats and gowns with names on them,https://i.pinimg.com/236x/66/05/d1/6605d19072328548f6ffef258f915da9.jpg,plague_doctor_1775743177_an_image_of_different_types_of_birds_in_hats_and_gowns_with_names_on_them.jpg,pinterest_data\raw\plague_doctor_1775743177_an_image_of_different_types_of_birds_in_hats_and_gowns_with_names_on_them.jpg,success,1,1,0,0.95,"['plague_doctor', 'mask', 'beak_mask']",图片中有多个穿着黑色长袍并戴着鸟嘴形状面具的人物，符合'鸟嘴医生'的特征。,
plague doctor,a black and white drawing of a person holding a lantern with two birds flying around,https://i.pinimg.com/236x/3c/43/6d/3c436d5d24cc515a68bab0f5ecbf2cc6.jpg,plague_doctor_1775743178_a_black_and_white_drawing_of_a_person_holding_a_lantern_with_two_birds_flying_around.jpg,pinterest_data\raw\plague_doctor_1775743178_a_black_and_white_drawing_of_a_person_holding_a_lantern_with_two_birds_flying_around.jpg,success,1,1,0,0.95,"['plague_doctor', 'mask', 'beak_mask', 'medieval', 'historical']",图中人物穿着黑色长袍，戴着鸟嘴形状的面具，符合‘鸟嘴医生’的特征。,
plague doctor,a man in a plague costume holding a lantern and looking at the ground with trees behind him,https://i.pinimg.com/236x/c2/35/dc/c235dcb41448d33d2504d45632d53ad0.jpg,plague_doctor_1775743180_a_man_in_a_plague_costume_holding_a_lantern_and_looking_at_the_ground_with_trees_behind_him.jpg,pinterest_data\raw\plague_doctor_1775743180_a_man_in_a_plague_costume_holding_a_lantern_and_looking_at_the_ground_with_trees_behind_him.jpg,success,1,1,0,0.95,"['plague_doctor', 'mask', 'beak_mask', 'medieval', 'historical', 'outdoor']",图片中有一个穿着黑色长袍，戴着鸟嘴形状面具的人，符合‘鸟嘴医生’的特征。,
plague doctor,"服装设计, 人物设计, 褲子, 角色设计, 女性时尚, 衣服",https://i.pinimg.com/236x/20/02/62/200262fb51c8e04dd77a6e9bbaa6eab8.jpg,plague_doctor_1775743181_服装设计__人物设计__褲子__角色设计__女性时尚__衣服.jpg,pinterest_data\raw\plague_doctor_1775743181_服装设计__人物设计__褲子__角色设计__女性时尚__衣服.jpg,success,1,1,0,0.95,"['plague_doctor', 'mask', 'beak_mask', 'medieval', 'historical']",图片中的人物穿着黑色长袍，戴着鸟嘴形状的面具，符合‘鸟嘴医生’的特征。,
plague doctor,a man in a plague costume leaning against a brick wall,https://i.pinimg.com/236x/25/55/90/255590ac684e8f17a5f22c44172111bc.jpg,plague_doctor_1775743182_a_man_in_a_plague_costume_leaning_against_a_brick_wall.jpg,pinterest_data\raw\plague_doctor_1775743182_a_man_in_a_plague_costume_leaning_against_a_brick_wall.jpg,success,1,1,0,0.95,"['plague_doctor', 'mask', 'beak_mask', 'medieval', 'historical']",图片中的人物穿着黑色长袍，戴着鸟嘴形状的面具，符合‘鸟嘴医生’的特征。,
plague doctor,a black and white photo of a man in a top hat holding a martini glass,https://i.pinimg.com/236x/d7/33/4b/d7334b209aee37c4e31ca2530c1e8cc8.jpg,plague_doctor_1775743183_a_black_and_white_photo_of_a_man_in_a_top_hat_holding_a_martini_glass.jpg,pinterest_data\raw\plague_doctor_1775743183_a_black_and_white_photo_of_a_man_in_a_top_hat_holding_a_martini_glass.jpg,success,1,1,0,0.95,"['plague_doctor', 'mask', 'beak_mask', 'medieval']",图中人物穿着黑色长袍，戴着鸟嘴形状的面具，符合‘鸟嘴医生’的特征。,
plague doctor,a drawing of a person wearing a hood and holding a toothbrush in their hand,https://i.pinimg.com/236x/27/cc/2a/27cc2a43147c2ae0ff548c9d5d35199e.jpg,plague_doctor_1775743185_a_drawing_of_a_person_wearing_a_hood_and_holding_a_toothbrush_in_their_hand.jpg,pinterest_data\raw\plague_doctor_1775743185_a_drawing_of_a_person_wearing_a_hood_and_holding_a_toothbrush_in_their_hand.jpg,success,1,1,0,0.95,"['plague_doctor', 'mask', 'beak_mask']",该图像中的角色符合鸟嘴医生的特征，即穿着黑色长袍，戴着鸟嘴形状的面具。,
plague doctor,a man sitting on top of a chair next to a pile of skulls and birds,https://i.pinimg.com/236x/03/7d/51/037d516317a9525a8b492a5411f47e5b.jpg,plague_doctor_1775743186_a_man_sitting_on_top_of_a_chair_next_to_a_pile_of_skulls_and_birds.jpg,pinterest_data\raw\plague_doctor_1775743186_a_man_sitting_on_top_of_a_chair_next_to_a_pile_of_skulls_and_birds.jpg,success,1,0,1,0.95,"['plague_doctor', 'grim_reaper', 'skeleton', 'scythe', 'robe', 'mask', 'beak_mask', 'medieval', 'historical', 'crowd', 'indoor', 'outdoor']",图中有身穿黑袍、手持镰刀的人物，符合死神的特征。,
plague doctor,a person in a ghost costume sitting at a table with a drink and some books,https://i.pinimg.com/236x/82/b6/c4/82b6c4f8d983563a83ce3902181a9f6a.jpg,plague_doctor_1775743187_a_person_in_a_ghost_costume_sitting_at_a_table_with_a_drink_and_some_books.jpg,pinterest_data\raw\plague_doctor_1775743187_a_person_in_a_ghost_costume_sitting_at_a_table_with_a_drink_and_some_books.jpg,success,1,0,0,0.95,"['plague_doctor', 'mask', 'beak_mask', 'indoor']",图中有两个人物，其中一人穿着类似医生的服装，戴有鸟嘴形状的面具。,
plague doctor,a man in a top hat and trench coat holding a lantern on a snowy field,https://i.pinimg.com/236x/45/83/27/458327d1249f50f51614bb88a559d097.jpg,plague_doctor_1775743188_a_man_in_a_top_hat_and_trench_coat_holding_a_lantern_on_a_snowy_field.jpg,pinterest_data\raw\plague_doctor_1775743188_a_man_in_a_top_hat_and_trench_coat_holding_a_lantern_on_a_snowy_field.jpg,success,1,1,0,0.95,"['plague_doctor', 'mask', 'beak_mask', 'medieval', 'historical', 'outdoor']",图片中的人物穿着黑色长袍，戴着鸟嘴形状的面具，符合‘鸟嘴医生’的特征。,
plague doctor,a black and white drawing of a person wearing a plague suit with a hat on,https://i.pinimg.com/236x/e2/88/81/e28881d7afce012bed6db87b203c42b4.jpg,plague_doctor_1775743189_a_black_and_white_drawing_of_a_person_wearing_a_plague_suit_with_a_hat_on.jpg,pinterest_data\raw\plague_doctor_1775743189_a_black_and_white_drawing_of_a_person_wearing_a_plague_suit_with_a_hat_on.jpg,success,1,1,0,0.95,"['plague_doctor', 'mask', 'beak_mask']",图中人物穿着黑色长袍，戴着鸟嘴形状的面具，符合鸟嘴医生的特征。,
plague doctor,a man dressed in black with a cross on his arm and holding two swords up to his head,https://i.pinimg.com/236x/7a/af/80/7aaf804b0cf9223419e556f50aa40330.jpg,plague_doctor_1775743191_a_man_dressed_in_black_with_a_cross_on_his_arm_and_holding_two_swords_up_to_his_head.jpg,pinterest_data\raw\plague_doctor_1775743191_a_man_dressed_in_black_with_a_cross_on_his_arm_and_holding_two_swords_up_to_his_head.jpg,success,1,1,0,0.95,"['plague_doctor', 'mask', 'beak_mask', 'medieval', 'historical', 'indoor']",人物穿着黑色长袍，戴着鸟嘴形状的面具，符合‘鸟嘴医生’的特征。,
plague doctor,"十二生肖, 朋克, 历史, 人物设计, 角色设计, 幽默, 动漫, 插畫",https://i.pinimg.com/236x/fe/07/e5/fe07e5e161c711d35ea42ada03d70c05.jpg,plague_doctor_1775743193_十二生肖__朋克__历史__人物设计__角色设计__幽默__动漫__插畫.jpg,pinterest_data\raw\plague_doctor_1775743193_十二生肖__朋克__历史__人物设计__角色设计__幽默__动漫__插畫.jpg,success,1,1,0,0.95,"['plague_doctor', 'mask', 'beak_mask', 'medieval', 'historical']",图中人物穿着深色长袍，戴着鸟嘴形状的面具，符合'鸟嘴医生'的特征。,
plague doctor,a drawing of a person with a bird on his shoulder and two hands in the air,https://i.pinimg.com/236x/e4/17/dc/e417dc5b53ef397f33b5479cb31b9143.jpg,plague_doctor_1775743194_a_drawing_of_a_person_with_a_bird_on_his_shoulder_and_two_hands_in_the_air.jpg,pinterest_data\raw\plague_doctor_1775743194_a_drawing_of_a_person_with_a_bird_on_his_shoulder_and_two_hands_in_the_air.jpg,success,1,0,1,0.95,"['plague_doctor', 'grim_reaper', 'skeleton', 'scythe', 'robe', 'mask', 'beak_mask', 'medieval', 'historical', 'crowd']",该图像描绘了一个身穿黑色长袍、戴着鸟嘴面具的人物，符合死神的特征。,
plague doctor,"a black and white drawing of a man with a hat on his head, holding a cane",https://i.pinimg.com/236x/60/9d/04/609d04b631cda7206e1155d63fb7a35f.jpg,plague_doctor_1775743195_a_black_and_white_drawing_of_a_man_with_a_hat_on_his_head__holding_a_cane.jpg,pinterest_data\raw\plague_doctor_1775743195_a_black_and_white_drawing_of_a_man_with_a_hat_on_his_head__holding_a_cane.jpg,success,1,1,0,0.95,"['plague_doctor', 'mask', 'beak_mask']",图片中的人物穿着黑色长袍，戴着鸟嘴形状的面具，符合‘鸟嘴医生’的特征。,
plague doctor,其中包括图片：,https://i.pinimg.com/videos/thumbnails/originals/8a/b9/c0/8ab9c048e6e21931c70334c196554b2d.0000000.jpg,plague_doctor_1775743200_其中包括图片.jpg,pinterest_data\raw\plague_doctor_1775743200_其中包括图片.jpg,success,1,1,0,0.95,"['plague_doctor', 'mask', 'beak_mask']",图片中的人物穿着黑色长袍，戴着鸟嘴形状的面具，符合'鸟嘴医生'的特征。,
